Date,Close,High,Low,Open,Volume
2014-01-02,75.1296615600586,75.16736819921447,74.94113987073003,74.94868234920628,1161800
2014-01-03,75.08441162109375,75.2126049778382,75.01654658042607,75.03916826064862,637500
2014-01-06,75.29560852050781,75.38610105897659,75.15233585946847,75.15233585946847,666200
2014-01-07,75.416259765625,75.44642394292563,75.29560305642251,75.34838892839146,1055700
2014-01-08,75.04673767089844,75.21263773575274,75.00149429074813,75.16739435560244,1216700
2014-01-09,75.24280548095703,75.28051213502494,75.03166202592313,75.15985544458977,806100
2014-01-10,75.87616729736328,75.91386816128487,75.62731743194831,75.63485990602143,713300
2014-01-13,76.09490203857422,76.14014540571384,75.9365387471341,75.95162370499779,581600
2014-01-14,75.80835723876953,75.99687896899754,75.79327803177101,75.93655063455019,366700
2014-01-15,75.74048614501953,75.77818703612643,75.58212859462772,75.6047502799371,997300
2014-01-16,75.95166015625,75.98936106255145,75.86871010786692,75.92149597927174,333300
2014-01-17,76.1325912475586,76.1325912475586,75.86866205768969,75.93652709798819,754400
2014-01-21,76.04969024658203,76.102476118563,75.99690437460104,76.01198933986907,1927100
2014-01-22,75.8384780883789,75.95913468835667,75.82339888999336,75.8761847141778,1150900
2014-01-23,76.35130310058594,76.44933233217071,76.08737382076013,76.08737382076013,1080200
2014-01-24,76.66047668457031,76.7283417437286,76.50211337341474,76.61522755857168,564300
2014-01-27,76.42669677734375,76.68308928353044,76.41161757261548,76.53226847011892,758600
2014-01-28,76.53981018066406,76.54735265956535,76.39653184766803,76.53226770176276,452700
2014-01-29,76.90184783935547,77.01495636479747,76.63037587183224,76.77364858846919,1420200
2014-01-30,76.8263931274414,76.84902057358016,76.64541383092806,76.72082139170628,685400
2014-01-31,77.12802124023438,77.12802124023438,76.95458444349492,77.07523537776225,670500
2014-02-03,77.54722595214844,77.55477559419246,76.9429203296661,77.018457091705,4629800
2014-02-04,77.31310272216797,77.34331859844791,77.23001050317042,77.2904422557303,2617300
2014-02-05,77.03358459472656,77.237534472735,77.03358459472656,77.20731860875472,817600
2014-02-06,76.89007568359375,76.95805706849814,76.82964394384236,76.94295201510424,885900
2014-02-07,77.0940170288086,77.207325087471,76.94294345931687,76.95804851103114,1065800
2014-02-10,77.13178253173828,77.15444298915786,77.01091907471807,77.01091907471807,589300
2014-02-11,76.79188537597656,76.91274310332513,76.7541140944429,76.85986676703105,625800
2014-02-12,76.61058807373047,76.68612487167175,76.50483540399502,76.68612487167175,743500
2014-02-13,76.97315216064453,76.98825721095272,76.84473906222142,76.89005997623269,941400
2014-02-14,76.9202880859375,76.97316441506435,76.83719588829707,76.93539313865047,463400
2014-02-18,77.10912322998047,77.17710460325807,76.99581517809754,77.03358644975415,1003600
2014-02-19,76.95803833007812,77.28285164829357,76.92027282424492,77.26774659857759,907200
2014-02-20,76.8749771118164,77.00339602001475,76.72390350146271,76.86742746546089,842900
2014-02-21,76.97315216064453,76.980707567342,76.77675192811776,76.79186274151267,405000
2014-02-24,76.89764404296875,76.98073625834937,76.78433595262347,76.97318084883598,1531100
2014-02-25,77.16204071044922,77.17714576931671,77.01096130632439,77.04117718714936,402600
2014-02-26,77.38860321044922,77.38860321044922,77.1317770272399,77.1619928893386,486000
2014-02-27,77.479248046875,77.53212436289945,77.41126668188052,77.43392713687868,559400
2014-02-28,77.40371704101562,77.47169841107348,77.16955130447859,77.33572990787113,609900
2014-03-03,77.78656005859375,77.80169539152014,77.49905222981229,77.62767369749572,2540500
2014-03-04,77.18889617919922,77.506674899347,77.17376660797422,77.506674899347,1080200
2014-03-05,77.27204132080078,77.27960898461046,77.0299280308166,77.08289013261201,614700
2014-03-06,76.93917083740234,77.02995975075952,76.87864104687188,76.93917083740234,534700
2014-03-07,76.6063003540039,76.69709508435422,76.53064096493267,76.54577053377037,645100
2014-03-10,76.68949127197266,76.742453396607,76.60626425148459,76.62896148026522,1013900
2014-03-11,76.76517486572266,76.82570467654374,76.5911588751626,76.65925058300598,1571000
2014-03-12,77.06778717041016,77.11318162405968,76.93916570344439,76.9996897174977,819000
2014-03-13,77.52177429199219,77.5293419608798,76.85596374088338,76.86352563733095,1638900
2014-03-14,77.52930450439453,77.6352287278861,77.39311539241433,77.62766106265462,1314400
2014-03-17,77.21912384033203,77.42341047418786,77.20399427640616,77.3704483417881,1085400
2014-03-18,77.40824127197266,77.40824127197266,77.2190900572352,77.2342253869789,861200
2014-03-19,76.68949127197266,77.34017210173099,76.57599935563088,77.29477764416973,1355500
2014-03-20,76.70462799072266,76.76515778807791,76.59114183623052,76.6592335289258,1748100
2014-03-21,76.848388671875,76.87108590391216,76.68950227517537,76.69706994333426,466500
2014-03-24,76.87860107421875,76.95426038682388,76.65161736396782,76.659185026959,1222600
2014-03-25,76.83322143554688,76.95427520453714,76.75755633593673,76.81808610665018,739400
2014-03-26,77.15856170654297,77.15856170654297,76.85591862553409,76.86348051754274,830000
2014-03-27,77.23419952392578,77.31742649233539,77.05261026243116,77.05261026243116,303600
2014-03-28,76.96184539794922,77.19639105162523,76.90131562524675,77.15856427301381,661600
2014-03-31,76.96943664550781,76.99213387411629,76.70462025190596,76.75758237613861,1982900
2014-04-01,76.81019592285156,76.8784149717098,76.75713473488324,76.86325711081989,2562600
2014-04-02,76.47672271728516,76.62074852871284,76.45398301721553,76.59800882864323,806800
2014-04-03,76.52976989746094,76.65105598655585,76.49187233204806,76.53735172383914,298000
2014-04-04,76.99979400634766,77.03769159597003,76.74964562522054,76.74964562522054,731900
2014-04-07,77.18167114257812,77.25747205956405,77.1058702255922,77.12102809569369,1751700
2014-04-08,77.28778839111328,77.31810991251862,77.06038565543155,77.1665080887308,666100
2014-04-09,77.2650146484375,77.37113703497309,77.0376062297262,77.10583106863412,1350500
2014-04-10,77.59101867675781,77.76536024264927,77.31813069400211,77.31813069400211,1056600
2014-04-11,77.75015258789062,77.81079560817257,77.65161201736,77.78805592137601,918500
2014-04-14,77.62889099121094,77.71984976026206,77.54550826408867,77.65163068347373,1468600
2014-04-15,77.71990966796875,77.87909341974762,77.51524649660809,77.56830774720103,614300
2014-04-16,77.59858703613281,77.64406643095141,77.5076224632562,77.5303621606655,1405500
2014-04-17,77.15894317626953,77.55311147446523,77.05282071970761,77.55311147446523,584600
2014-04-21,77.14379119873047,77.28781703297021,77.09831179138781,77.227173967686,1021100
2014-04-22,77.11347198486328,77.12862985888283,76.95428249983388,77.02250739102374,482800
2014-04-23,77.31053924560547,77.37118229716955,77.19683496973273,77.22715649551478,306400
2014-04-24,77.28778839111328,77.34843143392396,77.12860474116441,77.13618656732545,345700
2014-04-25,77.39399719238281,77.57592074059389,77.37883930638411,77.41673691300353,388900
2014-04-28,77.28021240234375,77.44697789105037,77.1740899610285,77.3711769734308,574900
2014-04-29,77.34844970703125,77.34844970703125,77.13620479029116,77.15894449090757,760100
2014-04-30,77.5531234741211,77.59102683586084,77.31813882440953,77.45458283013518,544700
2014-05-01,77.77640533447266,77.92829521979542,77.54856471226078,77.60172675154652,21829500
2014-05-02,77.89031219482422,78.02701539586803,77.46501592234443,77.54855708932827,1343700
2014-05-05,77.84476470947266,78.00425084917975,77.78400642932847,78.00425084917975,929400
2014-05-06,77.9358901977539,77.95867310076281,77.80677742365746,77.85993946208742,566300
2014-05-07,77.99664306640625,78.04980510510343,77.78399491161757,77.8903189890119,1107600
2014-05-08,78.08014678955078,78.2092595023673,77.95863609976595,78.07255635496882,1444300
2014-05-09,78.01944732666016,78.0726093759618,77.95109280942728,77.95109280942728,354500
2014-05-12,77.8143539428711,77.92827422328305,77.77638437888454,77.87511219832096,759600
2014-05-13,78.11812591552734,78.11812591552734,77.98142276152075,78.01180188399168,603700
2014-05-14,78.47504425048828,78.58896446893785,78.27758292479056,78.30796203599198,635400
2014-05-15,78.75609588623047,78.90039531664875,78.47509905128167,78.60420601837853,1347300
2014-05-16,78.5890121459961,78.7333057689617,78.57381968406717,78.62698171236535,452600
2014-05-19,78.49024963378906,78.78643879588368,78.49024963378906,78.6877110065936,325400
2014-05-20,78.71810913085938,78.80165027820757,78.52064771037945,78.52064771037945,34764400
2014-05-21,78.5965805053711,78.61177296303254,78.43709446527535,78.53582805740001,881700
2014-05-22,78.51307678222656,78.58902751827434,78.43713184040645,78.55105215025046,678800
2014-05-23,78.67257690429688,78.69536560570485,78.58144527557975,78.6270110899383,486800
2014-05-27,78.69532012939453,78.71050679399511,78.482666265409,78.60418275911502,997000
2014-05-28,79.12823486328125,79.18139689574711,78.93836963387072,78.9535563027637,968200
2014-05-29,79.02947998046875,79.38642744283476,79.02947998046875,79.21934515881446,753100
2014-05-30,78.9687728881836,79.05990451783302,78.80928094783961,78.9156108394785,902400
2014-06-02,78.60735321044922,78.8736113464293,78.53128028645376,78.7594990584401,2032800
2014-06-03,78.21176147460938,78.49323766610652,78.2041582453197,78.49323766610652,1563600
2014-06-04,78.15098571777344,78.29552267245832,78.105337275875,78.28791943547333,1566600
2014-06-05,78.26509857177734,78.35638965887752,78.1129525639419,78.1129525639419,1585800
2014-06-06,78.20420837402344,78.50850025243177,78.18138125954682,78.43242728282969,940600
2014-06-09,78.0901107788086,78.13575340839844,78.0140377948266,78.1205411332007,816500
2014-06-10,77.95314025878906,78.02160417082958,77.89988861475959,77.99878286681607,1207100
2014-06-11,78.05963897705078,78.12810288508325,77.95313569522679,78.02920863881627,814800
2014-06-12,78.36396026611328,78.40199384741913,78.02162321038877,78.09009294313181,1319500
2014-06-13,78.21176147460938,78.31066149529336,77.99875497466205,78.00636400794355,752900
2014-06-16,78.21176147460938,78.31826472458303,78.15850984962255,78.21937050789087,1401000
2014-06-17,77.88468170166016,78.09769411229125,77.8694694314696,78.06726376791538,33268500
2014-06-18,78.29547882080078,78.29547882080078,77.91510824067176,78.07486318784662,1472200
2014-06-19,78.09770965576172,78.47808033017164,78.02163087768302,78.41721962930703,1055000
2014-06-20,78.18903350830078,78.19664255066473,77.99884807719322,78.02927844265028,577000
2014-06-23,78.13573455810547,78.3259198741764,78.13573455810547,78.29548952712562,764200
2014-06-24,78.45525360107422,78.45525360107422,78.19660432711856,78.3411470413855,443800
2014-06-25,78.53135681152344,78.71393316782289,78.50852968848801,78.66068148873565,977500
2014-06-26,78.73668670654297,78.82797770810389,78.66061377390524,78.6758260388357,822300
2014-06-27,78.73668670654297,78.9116596752032,78.73668670654297,78.82797770810389,933200
2014-06-30,78.79754638671875,78.87361931840309,78.6834340871959,78.82036768582478,1268900
2014-07-01,78.53994750976562,78.69999910203289,78.52470117825155,78.6085385572637,17393000
2014-07-02,78.2198486328125,78.38752341253544,78.19698494735438,78.3799002457919,1779100
2014-07-03,78.0597915649414,78.09027841501263,77.89211679693574,77.90736312935739,1079900
2014-07-07,78.2503662109375,78.30371676954603,78.15128826345733,78.15128826345733,1031000
2014-07-08,78.6085433959961,78.64665341235538,78.46373231155732,78.49421916169034,491500
2014-07-09,78.62386322021484,78.71531804132695,78.34948712732341,78.54002575767704,1113900
2014-07-10,78.79144287109375,78.98960444980754,78.76095602707848,78.89814391776173,728600
2014-07-11,78.92105102539062,78.99726526436682,78.85245413997046,78.88294099851568,688600
2014-07-14,78.74576568603516,78.86008997024244,78.72290199214864,78.86008997024244,974800
2014-07-15,78.67718505859375,78.9286915395391,78.60096498247806,78.72291245244283,933500
2014-07-16,78.79144287109375,78.82192971510902,78.6542549804105,78.69998815381888,15784300
2014-07-17,79.24876403808594,79.30211457779328,78.91341446576973,79.03535606448389,1367400
2014-07-18,79.08872985839844,79.21067730774114,78.98202874761078,79.17256727612794,386900
2014-07-21,79.11153411865234,79.29444932703186,79.11153411865234,79.14201514107424,339600
2014-07-22,79.21066284179688,79.21066284179688,79.02012434807705,79.14206596037559,484200
2014-07-23,79.2030258178711,79.30210953872633,79.1801621329883,79.2868632056229,523600
2014-07-24,78.88290405273438,78.99722826504035,78.87528088797504,78.96674142077403,600900
2014-07-25,79.18780517578125,79.21066886640286,79.03537088034751,79.08872143005587,781400
2014-07-28,79.09632110595703,79.18778165605238,78.98962003823183,79.09632110595703,1448000
2014-07-29,79.2030258178711,79.22588950275389,79.05059737547093,79.18778529954002,465700
2014-07-30,78.64667510986328,78.8829409951114,78.57807822444607,78.875317826782,1067500
2014-07-31,78.62386322021484,78.73056438803067,78.41045506980564,78.44856512178738,1506500
2014-08-01,79.0865478515625,79.1629071653789,78.68947592421192,78.8574640842711,3466800
2014-08-04,79.13238525390625,79.23928948946153,79.10184035434133,79.16293015347118,1672600
2014-08-05,79.17053985595703,79.23926148630895,78.926186571636,79.03309076941133,1013000
2014-08-06,79.2392807006836,79.40727471673576,79.21637348501162,79.40727471673576,1139100
2014-08-07,79.59814453125,79.59814453125,79.17816548272765,79.27743198674035,1386100
2014-08-08,79.5294189453125,79.85013147382855,79.49887406271469,79.72795776927796,913900
2014-08-11,79.49127960205078,79.59055198092454,79.42255794822479,79.55236940045866,419800
2014-08-12,79.37674713134766,79.56764840470429,79.37674713134766,79.52183396336895,416300
2014-08-13,79.63636779785156,79.67454455313568,79.4607360808441,79.49891866197214,732400
2014-08-14,79.79664611816406,79.83482866195303,79.6515594427719,79.78900844423863,638800
2014-08-15,80.1174545288086,80.35417609748755,79.75855916009601,79.78910406656573,1570700
2014-08-18,79.86543273925781,79.97997463805629,79.8272559902203,79.94179788901877,13822300
2014-08-19,79.78144073486328,80.03342591859892,79.74325816037819,80.03342591859892,769900
2014-08-20,79.54471588134766,79.76616198710202,79.50653913432683,79.72798524008121,1052200
2014-08-21,79.7127685546875,79.75095115565601,79.56004980250735,79.56004980250735,630300
2014-08-22,79.72034454345703,79.76615896848531,79.46835355411658,79.68979965149069,1393400
2014-08-25,79.78144073486328,79.79671026915156,79.64399162289705,79.72035094602431,837500
2014-08-26,79.76615905761719,79.89597047923735,79.74325184507745,79.88070094615834,590200
2014-08-27,79.98761749267578,79.99525517331456,79.82726115432149,79.90362048317924,881300
2014-08-28,80.0945053100586,80.2090471928018,80.03341552914992,80.19377183465356,938400
2014-08-29,80.10212707519531,80.20903125762568,80.03339962886663,80.07921986836608,1407100
2014-09-02,79.59040832519531,79.78928452273935,79.59040832519531,79.78163947846497,2058600
2014-09-03,79.70518493652344,79.73578263770496,79.45276411462679,79.49865774844167,1456900
2014-09-04,79.4221420288086,79.67456860911858,79.37624257317124,79.6133732255441,1994400
2014-09-05,79.44508361816406,79.73575291717286,79.40683504696517,79.68985930046426,1098400
2014-09-08,79.36091613769531,79.68983390307592,79.29972077764526,79.65158534406696,1340900
2014-09-09,79.17732238769531,79.28441133156072,79.13907383521064,79.19261830714333,1205900
2014-09-10,78.97845458984375,79.0778926738716,78.9631586676513,79.03964995043509,1311800
2014-09-11,78.87903594970703,79.13910754246241,78.86373418783187,79.0932139286614,1224800
2014-09-12,78.58072662353516,78.7413601299004,78.54247804948545,78.69546067385816,2178400
2014-09-15,78.72605895996094,78.76430753429925,78.65721852924767,78.68781622153571,1505400
2014-09-16,78.7031021118164,78.90198416836635,78.68780618557979,78.81784198428416,24978400
2014-09-17,78.50424194335938,78.9937934221975,78.4965968960657,78.825514843027,2704700
2014-09-18,78.45067596435547,78.51952222255629,78.36653377983912,78.50422046032838,556800
2014-09-19,78.74897766113281,78.77193029909081,78.46595932133845,78.58069916748447,920600
2014-09-22,78.91725158691406,78.96315102086807,78.77956495687248,78.82546439082648,1932600
2014-09-23,79.0855941772461,79.0855941772461,78.91730974585293,78.98615602956583,963700
2014-09-24,78.8636703491211,79.10080077893542,78.8407235607956,79.03960545279575,485300
2014-09-25,79.2462387084961,79.25388959350565,78.97851609231539,78.97851609231539,399000
2014-09-26,79.07788848876953,79.16203064615182,78.98610128865103,79.1543856034156,716100
2014-09-29,79.33035278320312,79.38389728743746,79.27680827896879,79.34565454779195,2344500
2014-09-30,79.26145935058594,79.37619332871667,79.20026400497665,79.24615759622893,1544600
2014-10-01,79.92740631103516,79.93506532335904,79.5748929606106,79.5748929606106,3346000
2014-10-02,79.68991088867188,79.9887763300236,79.67458700429097,79.88915646509946,2084100
2014-10-03,79.6668701171875,79.67453497766253,79.39865846631626,79.49061925229019,1159100
2014-10-06,79.79713439941406,79.8967600344856,79.6055538354455,79.6745258786931,1201700
2014-10-07,80.26457977294922,80.29523336031622,79.95804974585329,80.05001050795427,1429800
2014-10-08,80.5481948852539,80.56351876969316,80.07307261552609,80.31829569260962,2701900
2014-10-09,80.41024017333984,80.60182084602515,80.3949162920194,80.49453613704763,5848000
2014-10-10,80.72442626953125,80.76274474119634,80.4868681156258,80.54051046801018,4675300
2014-10-13,81.14592742919922,81.18424591094977,80.8010844797621,80.86238586535174,2074300
2014-10-14,81.3067855834961,81.32977431442103,81.05389785017282,81.16118833878001,2196700
2014-10-15,81.76663970947266,83.43722363279099,81.57505901114064,82.37970028276668,2196800
2014-10-16,81.54436492919922,82.24171523482886,81.42175054555081,82.18040804300465,1786700
2014-10-17,81.3067855834961,81.42939994386175,81.13819376128058,81.33743917358751,1143300
2014-10-20,81.4217529296875,81.55202633119681,81.31446826414151,81.5290375952335,1562200
2014-10-21,81.19950866699219,81.38342437846438,81.16119606066363,81.23016226000006,1973200
2014-10-22,81.17655181884766,81.19954056098943,81.01562477727781,81.10757974584494,951800
2014-10-23,80.83929443359375,80.98489746340684,80.70135625971082,80.94657903032801,1281700
2014-10-24,80.9083251953125,81.09224094518261,80.86234187291276,80.92364907172824,678800
2014-10-27,80.99263763427734,81.0692687251221,80.88535293777919,80.88535293777919,872500
2014-10-28,80.79337310791016,80.93131137760103,80.74739563353856,80.90832264041524,771500
2014-10-29,80.52522277832031,80.7321274171999,80.26466991636691,80.68614990780011,1453100
2014-10-30,80.60942077636719,80.80100129472793,80.57110233406567,80.67838695662181,1363500
2014-10-31,80.47920989990234,80.5865004601117,80.37959005055313,80.55584684956307,886900
2014-11-03,80.44923400878906,80.48761276180385,80.18055345433977,80.37246478942117,2348900
2014-11-04,80.44154357910156,80.6411329768448,80.41083706739735,80.51062883793485,3854700
2014-11-05,80.4646224975586,80.47230059447043,80.31109569935383,80.32644603650553,1079700
2014-11-06,80.21892547607422,80.44154329263576,80.21124738400844,80.31104501085879,1026100
2014-11-07,80.7332763671875,80.74095446210634,80.41854475555958,80.42621699380801,994200
2014-11-10,80.4031753540039,80.72559086424232,80.39550311701616,80.72559086424232,1427900
2014-11-11,80.41087341308594,80.42622374754225,80.31108159744258,80.40319531752232,1220800
2014-11-12,80.38017272949219,80.64884752703675,80.35714429779856,80.59511256752783,658300
2014-11-13,80.51068115234375,80.56441611857508,80.38786088238875,80.47997462068699,743400
2014-11-14,80.67955017089844,80.72561288873955,80.37249076419893,80.41087538628801,629800
2014-11-17,80.5874252319336,80.79468693502203,80.53369028249065,80.79468693502203,496500
2014-11-18,80.67955017089844,80.70257860148347,80.58743644855832,80.61046487914335,510100
2014-11-19,80.4646224975586,80.68724045462588,80.42623786967144,80.4646224975586,560000
2014-11-20,80.6104507446289,80.77165558712895,80.51833118177031,80.77165558712895,811500
2014-11-21,80.77169036865234,80.77169036865234,80.610485456735,80.63351389319854,855800
2014-11-24,80.86373901367188,80.87141710520253,80.59506437677774,80.63344897776312,13802400
2014-11-25,81.06336975097656,81.08639818064852,80.79469497701898,80.82540150213853,1244600
2014-11-26,81.20154571533203,81.29366529015711,81.17083919039034,81.23225224027372,523300
2014-11-28,81.51624298095703,81.52391521590366,81.37038852362059,81.42412345158645,367300
2014-12-01,81.31634521484375,81.79309563919567,81.31634521484375,81.7469547164426,2063400
2014-12-02,80.95492553710938,81.12409520510519,80.93954914302499,81.07026902588957,990600
2014-12-03,80.9857177734375,81.00878530743603,80.85499783636858,80.90882403790378,851900
2014-12-04,81.27018737792969,81.27018737792969,80.93953921285299,81.00105064825742,968300
2014-12-05,80.81656646728516,80.97804510871951,80.68584650040268,80.95497756945993,1035900
2014-12-08,81.08566284179688,81.224073884749,80.80884075589265,80.81653188789409,858300
2014-12-09,81.38556671142578,81.60087737887356,81.30867297778806,81.44708404498229,945900
2014-12-10,81.75465393066406,81.7931037256572,81.33942078452131,81.34711191684293,996800
2014-12-11,81.61622619628906,81.70081103468938,81.43937125535302,81.58546753990588,15223600
2014-12-12,82.28522491455078,82.29291017972682,81.86999179707394,81.98533530747551,7233700
2014-12-15,81.98531341552734,82.23906203071655,81.89303745852295,81.99299867865125,1248100
2014-12-16,82.40054321289062,82.49281329968832,82.092962568135,82.49281329968832,10633800
2014-12-17,81.83151245117188,82.43129144871143,81.80844493074537,82.2621276767128,2086100
2014-12-18,81.37018585205078,81.47014711364011,81.30098325555406,81.40094451714339,4833300
2014-12-19,81.67005157470703,81.67005157470703,81.43937045402367,81.50088189957097,847800
2014-12-22,81.67005157470703,81.7392600175417,81.54702281699866,81.60084899848616,2366700
2014-12-23,80.99339294433594,81.4932109267221,80.9857018123136,81.43938473579527,1360300
2014-12-24,81.05191802978516,81.07501977420856,80.81319217032126,80.8824974035915,1098200
2014-12-26,81.15969848632812,81.19820529558483,81.05188647078643,81.19820529558483,373600
2014-12-29,81.43693542480469,81.49854397279019,81.29061659216775,81.30602166682138,2447300
2014-12-30,81.52937316894531,81.69109125035587,81.48316380617351,81.63718522321902,1194700
2014-12-31,81.62175750732422,81.69106859460142,81.57555403268253,81.5832565702277,1010400
2015-01-02,82.03760528564453,82.13772064642168,81.67566240505091,81.69876414205653,2028600
2015-01-05,82.53819274902344,82.59209877894808,82.13774879462845,82.17624974439371,1521700
2015-01-06,83.09259033203125,83.53154075336235,82.80765533473105,82.88466304674651,1890200
2015-01-07,83.0772476196289,83.17736300817312,82.75381146121582,82.8539209744438,1558000
2015-01-08,82.73835754394531,82.83846699097266,82.63824222160562,82.8076627283537,1671000
2015-01-09,83.14652252197266,83.24663199161151,82.75377542901245,82.83848570151982,1107800
2015-01-12,83.4391860961914,83.50849719800462,83.18505518173613,83.23126454138358,2700900
2015-01-13,83.51616668701172,83.66248550687297,83.26204173056058,83.34675200781564,1038800
2015-01-14,83.90126037597656,84.20929739399958,83.84735433847133,84.09378277782628,1545800
2015-01-15,84.61741638183594,84.6328214591435,83.89353638190003,83.94744240184542,1374100
2015-01-16,83.99369812011719,84.50965689980805,83.98599557667308,84.43264909132449,1689100
2015-01-20,84.18614196777344,84.44797532250615,84.06293076431558,84.1630402343322,1346200
2015-01-21,83.7857437133789,84.34790578345121,83.74723688652271,84.24009371863414,2298200
2015-01-22,83.57782745361328,84.01677831216354,83.47771791580978,83.99367656307948,1330800
2015-01-23,84.12454223632812,84.15534650924626,83.88581646535549,83.88581646535549,1248200
2015-01-26,83.93206787109375,84.1476920293504,83.86276262393311,84.06298757459328,1546200
2015-01-27,84.04751586914062,84.48646637916498,83.95510307086228,84.39405358088663,863300
2015-01-28,84.69442749023438,84.80993619001633,84.07835367325903,84.07835367325903,3346300
2015-01-29,84.39408111572266,84.55580503430286,84.26316734860052,84.45568966800893,1393400
2015-01-30,85.13341522216797,85.16421363863522,84.76376959606401,85.11030759684067,2219800
2015-02-02,85.02693939208984,85.15806906248343,84.79552924492097,84.81095384173013,11544700
2015-02-03,84.3095932006836,84.64898736880225,84.301877958111,84.64127801123546,1465200
2015-02-04,84.44840240478516,84.49468207062432,83.98558220638034,84.04729235083477,1655500
2015-02-05,84.1398696899414,84.28642394788127,84.05501970034267,84.25557475621278,1392700
2015-02-06,83.1988296508789,83.66935937997573,83.19111440867907,83.59222461299382,2016700
2015-02-09,83.16023254394531,83.46877739751461,83.15252318923369,83.46106215779939,1599900
2015-02-10,82.95199584960938,83.10626538540333,82.89028568128957,83.02141537521499,1244500
2015-02-11,82.9211196899414,83.11395950317383,82.78227478901391,83.03682475488168,1286100
2015-02-12,82.95199584960938,83.16026031143178,82.89028568128957,82.9057161658723,1845200
2015-02-13,82.67433166503906,82.95973686844268,82.66661642035048,82.92116653000716,1302400
2015-02-17,82.0880355834961,82.65113032669375,81.9569059463826,82.58170494616112,2170100
2015-02-18,82.4814224243164,82.69740201402524,82.07260307451003,82.14973780154855,8204600
2015-02-19,82.27320098876953,82.58174005786607,82.19606033648988,82.40433068163611,1459500
2015-02-20,82.22689819335938,82.6974278256599,82.06491345051884,82.55858291965312,1893000
2015-02-23,82.60492706298828,82.62807280289059,82.41980233883194,82.45065744035948,818200
2015-02-24,83.1525650024414,83.16027436102968,82.31178000080202,82.48919529344369,1180900
2015-02-25,83.2296142578125,83.26817866614529,83.02134408981352,83.1370490848129,595300
2015-02-26,82.73597717285156,83.19879144723112,82.72826193419445,83.10622623835408,865900
2015-02-27,83.02909851074219,83.05995358297065,82.71284431915616,82.92882393975214,2901700
2015-03-02,82.41104888916016,82.98276192864857,82.39559989358828,82.95957959382056,10270800
2015-03-03,82.23333740234375,82.51918795299221,82.20243352497138,82.38785089489362,1224400
2015-03-04,82.29515838623047,82.44967780899893,82.17927618704573,82.3801425951748,1871100
2015-03-05,82.34149932861328,82.47283638878957,82.1715309475324,82.31059545075203,2253200
2015-03-06,81.4994125366211,81.78526908315656,81.46078709691457,81.76981419182276,1734000
2015-03-09,81.87797546386719,81.87797546386719,81.70027959088075,81.81616769114898,1218100
2015-03-10,82.22563934326172,82.34924900261191,82.11747868096253,82.24108834031273,1309200
2015-03-11,82.37242126464844,82.44195058434488,82.14837252177108,82.1947254015687,945700
2015-03-12,82.44967651367188,82.71235068678158,82.31833942711702,82.67372525243125,916800
2015-03-13,82.32608795166016,82.61194455221721,82.27973505752689,82.36471929298129,846900
2015-03-16,82.61193084716797,82.74326795496722,82.47286629352342,82.6351072903897,639400
2015-03-17,82.78191375732422,82.8205392046728,82.68147462672452,82.79736275740062,768500
2015-03-18,83.7321548461914,83.80941750311466,82.76643057778229,83.01365575472249,1963600
2015-03-19,83.33815002441406,83.66263198902264,83.22998936954454,83.53901644384969,985600
2015-03-20,83.67806243896484,83.67806243896484,83.53127637949702,83.61626057438949,1194800
2015-03-23,83.78621673583984,83.82484805580229,83.59307192465135,83.75531875304412,795100
2015-03-24,84.04118347167969,84.04118347167969,83.72442899296382,83.79395830744552,584500
2015-03-25,83.67806243896484,84.08752852654912,83.67806243896484,84.04890309797855,1240200
2015-03-26,83.2068099975586,83.55447431000462,83.13728067165769,83.5467468645777,928300
2015-03-27,83.5313491821289,83.59315110056839,83.36910809438007,83.36910809438007,2492500
2015-03-30,83.52354431152344,83.62397749342088,83.41538368661482,83.56217563226737,2017700
2015-03-31,83.73987579345703,83.74760323741243,83.4540193102345,83.51582707325225,2137200
2015-04-01,84.1384506225586,84.23130634711224,83.98368124188885,83.99916113187992,2570100
2015-04-02,83.89855194091797,84.13844298321314,83.87533801188727,84.12296309462756,1126400
2015-04-06,84.00682830810547,84.37826862221813,83.95266054394773,84.30862098039047,1268500
2015-04-07,84.07650756835938,84.10746143149646,83.82114262536273,83.90626427302828,750700
2015-04-08,83.99913787841797,84.10747346297218,83.82889455873377,84.0919935772664,886400
2015-04-09,83.65863800048828,83.95269084005352,83.58125629574434,83.94495680227108,890600
2015-04-10,83.63540649414062,83.86755155956128,83.61992661413927,83.82112372724602,789700
2015-04-13,83.80564880371094,83.85981657541453,83.66635940449538,83.6818333804774,624800
2015-04-14,84.05333709716797,84.32417615981677,83.98368939314469,84.19262660136575,825400
2015-04-15,84.09974670410156,84.23129623399038,84.0610528876178,84.18486837728786,566400
2015-04-16,84.16165161132812,84.26998720921301,83.90628660037918,84.14617172371754,903300
2015-04-17,84.33185577392578,84.44019132148124,84.03779708440847,84.0919648581862,1945700
2015-04-20,84.17707061767578,84.31635999596239,84.0764750292968,84.29314608355519,878100
2015-04-21,83.99913787841797,84.13068738768428,83.96044406800007,84.1152075019785,811000
2015-04-22,83.51158905029297,83.9449371221869,83.49611507451016,83.9449371221869,725100
2015-04-23,83.76697540283203,83.86757103081817,83.51935039991976,83.56577824301401,918700
2015-04-24,84.06105041503906,84.08427024655482,83.89081297752135,83.89854701751261,739100
2015-04-27,83.9294662475586,84.05328168248255,83.80565671647955,83.96816004693355,854400
2015-04-28,83.54257202148438,83.91401251201088,83.51161815528664,83.72828931482448,1101100
2015-04-29,83.23300170898438,83.36455705692913,83.03954456042028,83.14788009130868,1118000
2015-04-30,83.20982360839844,83.27947128185582,82.76874135598892,82.93898466461123,2650600
2015-05-01,82.7548828125,83.04938796238602,82.6928811059126,82.9641370940304,1854300
2015-05-04,82.58441925048828,82.94092035894637,82.57667346819049,82.82467449637052,2784900
2015-05-05,82.44488525390625,82.63089038508784,82.24338856433901,82.63089038508784,2050800
2015-05-06,82.04190063476562,82.359649109947,81.94889805254176,82.30539908185216,1802100
2015-05-07,82.39064025878906,82.47589113757614,82.12714184276274,82.18914355693678,2201300
2015-05-08,82.70838928222656,82.95639021014054,82.61538671695563,82.89438849995992,1004300
2015-05-11,81.89461517333984,82.45261861722696,81.87136601531242,82.45261861722696,1324400
2015-05-12,81.95661926269531,82.12712097695058,81.68536922311075,81.76286838973385,1431000
2015-05-13,81.84815979003906,82.26666259247648,81.80940723112788,82.26666259247648,1221200
2015-05-14,82.12713623046875,82.21238710343007,81.9566344845461,81.9566344845461,617500
2015-05-15,82.71611022949219,82.77036022753396,82.32860855410637,82.36735517396116,854900
2015-05-18,82.15814208984375,82.45264136077051,82.1426387050109,82.38289386744925,1000400
2015-05-19,81.79390716552734,82.13491075215602,81.7009045747713,81.78615547142847,1240400
2015-05-20,81.97210693359375,82.20461031848166,81.8558611539565,81.9953620023279,1682600
2015-05-21,82.4603500366211,82.47584750056063,82.17359669489069,82.22784668788772,836700
2015-05-22,82.27436828613281,82.36736491502748,82.10386658274989,82.30536322055968,852300
2015-05-26,82.785888671875,82.785888671875,82.28213512280466,82.31313597797299,1925600
2015-05-27,82.7393798828125,82.801375672501,82.50687645485529,82.6773781803162,1015000
2015-05-28,82.81690216064453,82.88664966080674,82.66190377396666,82.73165127412886,1068200
2015-05-29,82.8633804321289,83.0726347075721,82.85563465363694,82.96413468060452,1148500
2015-06-01,82.49775695800781,82.90915807754746,82.3968491490046,82.84706415317403,2161700
2015-06-02,81.9233627319336,82.21057013156506,81.86902683710261,82.18727824335032,1484500
2015-06-03,81.22473907470703,81.61285422927736,81.17816715125211,81.61285422927736,1703400
2015-06-04,81.62068176269531,81.73711758418855,81.39557408705423,81.39557408705423,1594800
2015-06-05,81.03070068359375,81.27909420444585,80.89097895797892,81.04622860986689,1384900
2015-06-08,81.14714813232422,81.30239188440851,81.13938416806914,81.24029793687652,877800
2015-06-09,80.88323211669922,81.10833971796244,80.79008822801785,81.077289781012,822400
2015-06-10,80.57269287109375,80.79779440569204,80.54164295407458,80.75122249124634,967000
2015-06-11,81.20922088623047,81.2169789257256,80.74347794115032,80.85215563792522,3069700
2015-06-12,81.16262817382812,81.49640739818261,81.05395641912354,81.06948433960503,1578100
2015-06-15,81.35672760009766,81.62064908462881,81.27910572423656,81.57407122137654,1478800
2015-06-16,81.6672134399414,81.69049940831984,81.41881990695656,81.53525567101767,779000
2015-06-17,81.71379852294922,81.79918436885312,81.17820339757102,81.5507907959063,1994000
2015-06-18,81.65166473388672,81.72928657715441,81.34117143864889,81.60508689019247,1481600
2015-06-19,82.08635711669922,82.10964307897277,81.90006349634338,81.95439938237081,1849600
2015-06-22,81.3955078125,81.75257303142048,81.36445789057208,81.72152310949255,860300
2015-06-23,81.14714813232422,81.43435558806664,81.061762292027,81.10057619113284,925000
2015-06-24,81.38776397705078,81.42657786960035,81.13937046237172,81.28685614745784,1176500
2015-06-25,81.18597412109375,81.32569589783594,81.0617802763067,81.18597412109375,919800
2015-06-26,80.79782104492188,80.95307068120393,80.70467718532073,80.87544882414694,1441500
2015-06-29,81.73709106445312,81.81471294620678,81.20149001266402,81.31016183155312,1500900
2015-06-30,81.51200103759766,81.79144460990084,81.3878012622757,81.3878012622757,1599400
2015-07-01,81.08589935302734,81.24915883653213,80.96928374157639,81.16364111688918,3738800
2015-07-02,81.37360382080078,81.52131743179199,81.31140799182336,81.36583379066914,1924600
2015-07-06,81.9488754272461,82.0654851484377,81.64567235819248,81.98774335720381,1723300
2015-07-07,82.16657257080078,82.64857533939917,82.12769870112425,82.39202796602122,2083900
2015-07-08,82.4930648803711,82.59412860479664,82.24428761682391,82.3298053572293,1991200
2015-07-09,81.91777801513672,82.18987725174435,81.90222609800571,82.08880758434829,1206900
2015-07-10,81.35027313232422,81.60682645081671,81.21033549781197,81.38914700409099,3719900
2015-07-13,81.13253784179688,81.31134329368342,80.99260030360409,80.99260030360409,1322300
2015-07-14,81.38910675048828,81.4124286894857,81.27249112418406,81.35023289794782,1321600
2015-07-15,81.70010375976562,81.76229957407628,81.28806686976631,81.29584282938498,1239500
2015-07-16,81.66899871826172,81.76228649348391,81.4357674175695,81.49018726355523,811400
2015-07-17,81.67678833007812,81.75453606983041,81.58350053248704,81.59127056140643,881300
2015-07-20,81.51353454589844,81.56795440880063,81.37359690824707,81.53685649695363,842500
2015-07-21,81.73898315429688,81.77785702369978,81.39691208377434,81.42800999303273,676600
2015-07-22,81.84004974365234,81.96444138499149,81.75453790438158,81.76230793347533,523800
2015-07-23,82.1743392944336,82.1743392944336,81.73898044190241,81.76230239024235,1064800
2015-07-24,82.25206756591797,82.29093549351339,82.10435401962826,82.23651564982531,1098400
2015-07-27,82.52418518066406,82.58638099626317,82.40756950924558,82.54750712868388,1392600
2015-07-28,82.29094696044922,82.39978666299179,82.2520790274377,82.3220448656498,6205200
2015-07-29,82.1743392944336,82.47753648549204,82.05772955273383,82.21321316254654,2107300
2015-07-30,82.26762390136719,82.29094584712237,82.06549048595757,82.1199103364926,683200
2015-07-31,82.74961853027344,82.81180839799404,82.59412903267729,82.6796467735257,1113000
2015-08-03,83.00188446044922,83.07974620448326,82.73715334263946,82.76829922834712,2627700
2015-08-04,82.57367706298828,82.92405803059037,82.5269552442946,82.88512417175778,1036000
2015-08-05,82.25440216064453,82.39455567802914,82.13760657274563,82.37898570519546,1283300
2015-08-06,82.54254150390625,82.58146942714242,82.340096105468,82.37902996917775,731700
2015-08-07,82.86954498291016,82.89290291942473,82.56587992727633,82.61259580030548,1533700
2015-08-10,82.52692413330078,82.68265356945147,82.43349241208094,82.59700386468624,1123900
2015-08-11,83.07199096679688,83.25886040081026,82.96298330191638,82.97076532049913,2263800
2015-08-12,83.04084014892578,83.48465874119601,83.03305219033246,83.20435163655462,1765700
2015-08-13,82.82283020019531,83.03305757206618,82.75275044925687,82.85397609611549,1626500
2015-08-14,82.73715209960938,82.8773056129531,82.59699858626564,82.67486032912988,612500
2015-08-17,82.88510131835938,83.07975867790505,82.86953134340304,83.01747283760854,905300
2015-08-18,82.75276184082031,82.91627336155568,82.72161594061266,82.74497388065014,690400
2015-08-19,83.25887298583984,83.32116478675078,82.58146301699783,82.58925097722998,1444500
2015-08-20,83.48466491699219,83.55473872810035,83.32115341726755,83.38343926920625,1933300
2015-08-21,83.81949615478516,83.86621204015964,83.50804305784995,83.60148076907262,2123600
2015-08-24,83.9595947265625,84.68372017766353,83.76493741111028,84.48127490626167,3074800
2015-08-25,83.5002212524414,83.64037479223146,83.19655623964152,83.63259277480574,2925500
2015-08-26,82.9863510131836,83.49246148286811,82.91627125437908,83.11871663034746,3512900
2015-08-27,82.93964385986328,83.08758542313187,82.79170823706866,82.86957002914066,1414100
2015-08-28,82.9551773071289,83.33670405126085,82.8928855291769,83.27441227330884,1998000
2015-08-31,82.81501007080078,83.27439849110691,82.79165214305232,83.25104056335844,5431600
2015-09-01,83.18706512451172,83.21045980389543,82.96090664077448,83.04669109839263,3749700
2015-09-02,82.96087646484375,83.18703486631883,82.92188732999158,82.99987154951049,2441700
2015-09-03,83.16364288330078,83.20263796922785,82.95308488881298,83.16364288330078,1791300
2015-09-04,83.42097473144531,83.50675913858623,83.1480270495484,83.31958991401702,1421300
2015-09-08,83.05448150634766,83.15586042165168,82.99209173547624,83.07007597415749,1583500
2015-09-09,83.08563232421875,83.19481139042853,82.7112998473475,82.73469451156204,1397200
2015-09-10,82.89851379394531,83.02328738702347,82.79712892788972,83.01548717813857,1601600
2015-09-11,83.11685943603516,83.2182383368963,83.03887520846386,83.07006413964024,1069000
2015-09-14,83.19485473632812,83.29623365068218,83.10127008089793,83.28843939175832,897500
2015-09-15,82.53975677490234,83.06226355443958,82.52416231050208,83.03106867582433,1903000
2015-09-16,82.5163345336914,82.68010312934342,82.43055013361472,82.49293987000007,1305300
2015-09-17,83.20263671875,83.21043097596646,82.47737216003596,82.47737216003596,2394300
2015-09-18,83.59255981445312,83.60815427796226,83.32740633628269,83.42099096678068,2074200
2015-09-21,83.11685943603516,83.59257095897973,83.03887520846386,83.2884283065811,1591700
2015-09-22,83.53018188476562,83.67835608324172,83.37421342833885,83.43659724102042,1395500
2015-09-23,83.43660736083984,83.53799222464768,83.327428238136,83.4678022458718,1364300
2015-09-24,83.56136322021484,83.86550582581438,83.53796855052477,83.77972140374126,1393000
2015-09-25,83.34300231933594,83.41318632611785,83.2182228186382,83.3118074441615,1564000
2015-09-28,83.8187255859375,83.8187255859375,83.42099830858544,83.45998744569687,1926000
2015-09-29,84.10722351074219,84.16961323703782,83.81868143879548,83.88886541851923,2460900
2015-09-30,84.12283325195312,84.14622791445704,83.90446918568753,83.92786979800388,2676000
2015-10-01,84.1884536743164,84.39152610789415,84.15721130308346,84.2743687054888,10101300
2015-10-02,84.59458923339844,85.11007940002388,84.45400154785266,84.93824934448206,3320200
2015-10-05,84.12596130371094,84.41494874225707,84.0947189353109,84.41494874225707,3034900
2015-10-06,84.29779052734375,84.33684497718059,84.0322333779726,84.06347574606758,2104000
2015-10-07,84.08699035644531,84.20414189739076,83.9776389867663,84.0947964865897,2338000
2015-10-08,83.86817932128906,84.18840898729493,83.79007641410001,84.11811219961591,2176800
2015-10-09,83.91505432128906,83.98534515720864,83.79008489004919,83.82913932702927,1069400
2015-10-12,84.19627380371094,84.21189201138358,84.00881955839766,84.07911639010854,1336300
2015-10-13,84.27436065673828,84.30560302498739,84.05567003786696,84.25873649317751,1849700
2015-10-14,84.73519897460938,84.7508231431106,84.39935085832528,84.57118095859263,1359600
2015-10-15,84.44621276855469,84.61803690051394,84.39154009955084,84.59460660792287,1075500
2015-10-16,84.37589263916016,84.53210447810031,84.3290320669143,84.53210447810031,1773000
2015-10-19,84.33686065673828,84.3915333213509,84.1572184965119,84.37590915496243,1744500
2015-10-20,84.04788208007812,84.14160921172765,84.00882761883895,84.0947426664658,1134500
2015-10-21,84.33686065673828,84.3915333213509,84.2040790779303,84.2040790779303,6576500
2015-10-22,84.42277526855469,84.50869031270071,84.23532697172422,84.37591468406555,2411400
2015-10-23,83.94634246826172,84.0556878008046,83.92290621796792,84.0556878008046,2029600
2015-10-26,84.1650390625,84.19628143955228,84.06349984736156,84.08693609930636,3131500
2015-10-27,84.37589263916016,84.50086211031228,84.30560178079136,84.35246235303723,1373100
2015-10-28,83.93852996826172,84.35248100495886,83.82918463626147,84.33686279704754,2058200
2015-10-29,83.42306518554688,83.74329515476582,83.40744697286874,83.735483068989,1772400
2015-10-30,83.58705139160156,83.63391792953342,83.4542757783533,83.48551815068346,3424800
2015-11-02,83.34696197509766,83.46429219779796,83.32348996259104,83.40953610454896,5313500
2015-11-03,83.12789154052734,83.3234497746631,83.0887834744784,83.2765177082189,1941700
2015-11-04,83.0418472290039,83.2843375173807,82.96361916491543,83.15135935717171,1933200
2015-11-05,82.987060546875,83.065288587727,82.86190642384273,83.04182256265604,1554600
2015-11-06,82.42391967773438,82.54124989082844,82.31440750020253,82.4786757665003,2968600
2015-11-09,82.2830810546875,82.40823521594572,82.15009692539863,82.16574492553306,3223900
2015-11-10,82.43951416015625,82.58814030162593,82.33000204579838,82.41604813107423,1467900
2015-11-11,82.40042877197266,82.43954281267885,82.33003066025915,82.36132069923117,1638100
2015-11-12,82.44737243652344,82.58817463751649,82.40825839315004,82.40825839315004,2399100
2015-11-13,82.76022338867188,82.78368941517834,82.61942126167109,82.61942126167109,2665300
2015-11-16,82.86972045898438,82.98705057023379,82.77585040202393,82.90882850674721,1412800
2015-11-17,82.84625244140625,82.96358254982981,82.5568242487197,82.6194042851861,1180000
2015-11-18,82.80717468261719,82.89322077844241,82.66637252289986,82.75241861872509,941500
2015-11-19,82.987060546875,83.0731066174429,82.9401284967331,83.01053253990757,1967200
2015-11-20,82.87757873535156,83.09660897462625,82.87757873535156,83.03402890626205,1287900
2015-11-23,82.987060546875,83.05746459004948,82.79932637834577,82.83061640109425,1377100
2015-11-24,83.0653305053711,83.16701865464778,83.01057442991986,83.03404046683258,1094500
2015-11-25,83.11222076416016,83.16697681206279,82.98706067297609,83.11222076416016,752400
2015-11-27,83.1982650756836,83.26084511995242,83.18261708063564,83.19044107815962,759600
2015-11-30,83.22959899902344,83.24524103436062,83.1826609570826,83.19048495873352,2266900
2015-12-01,83.67221069335938,83.68004086618575,83.23347594860454,83.23347594860454,2805800
2015-12-02,83.43722534179688,83.53907144627809,83.32754308243715,83.48423031659823,1579000
2015-12-03,82.55976104736328,83.07683967759989,82.3952376588066,83.06900352274438,2750500
2015-12-04,82.86529541015625,82.95147517153829,82.6459309183598,82.72427452582508,2231500
2015-12-07,83.13163757324219,83.3196633513449,82.88877069414151,82.9122731692504,1954000
2015-12-08,83.17869567871094,83.33538890829092,83.08468571819849,83.33538890829092,1519900
2015-12-09,83.30400848388672,83.40585454910939,82.94362320244588,83.13164900640794,3711100
2015-12-10,83.1238021850586,83.34316659106288,83.11596603420651,83.33533641744256,1545000
2015-12-11,83.78971862792969,83.89940081401149,83.49984684066959,83.52334931236844,3352900
2015-12-14,83.17080688476562,83.54685841626075,83.17080688476562,83.43717622147206,2204400
2015-12-15,82.95927429199219,83.03761786448449,82.82608962103214,82.85742824547535,1591000
2015-12-16,82.73993682861328,83.02981471613987,82.57541347966037,82.80261409790012,1911800
2015-12-17,83.08465576171875,83.13166072502716,82.85745514367244,82.85745514367244,1202600
2015-12-18,83.38238525390625,83.46856502694204,83.21002570783467,83.28053914815256,4396700
2015-12-21,83.42151641845703,83.5233624709408,83.35100301502075,83.35100301502075,1603200
2015-12-22,83.18646240234375,83.32748320264399,83.10811884156152,83.28047826162076,1411800
2015-12-23,82.9984359741211,83.03760476557277,82.88875379448758,82.96709735462144,1380800
2015-12-24,83.15067291259766,83.15067291259766,83.00158514553175,83.06435957234886,654200
2015-12-28,83.16638946533203,83.29978666054916,83.08007609816242,83.12715992620993,2198300
2015-12-29,82.72698211669922,83.08007790899785,82.66420766893476,83.08007790899785,1752500
2015-12-30,82.75838470458984,82.85254040721561,82.60929686009646,82.66422301546214,1358100
2015-12-31,82.8525390625,83.00947520849908,82.7819222866768,82.89177459562524,1906000
2016-01-04,83.20555114746094,83.48802991904815,83.16631565665895,83.24478065176754,6183700
2016-01-05,83.18206024169922,83.33114202247364,83.04082077441372,83.15067302824701,2122800
2016-01-06,83.68424224853516,83.69993286174271,83.46453774463707,83.53515448381914,1906100
2016-01-07,83.86475372314453,83.86475372314453,83.5038095715396,83.79413694819003,3106000
2016-01-08,84.07653045654297,84.11575996276,83.71558667226961,83.78620337535767,1783200
2016-01-11,83.80976867675781,83.9980919173065,83.72345535479738,83.78622976831362,4816100
2016-01-12,84.18643188476562,84.37474918962454,83.72347794330094,83.77840407332225,8962500
2016-01-13,84.5159912109375,84.63369177495724,84.06088555619414,84.13150828920573,2664100
2016-01-14,84.34337615966797,84.58662562195823,84.14721052138559,84.42968951943222,2597300
2016-01-15,84.73570251464844,84.89263860805936,84.6572374611929,84.87694200546834,4334300
2016-01-19,84.62584686279297,84.81416418086535,84.5238428960245,84.60230794634637,4896500
2016-01-20,85.04170989990234,85.35557606142082,84.97894145679794,85.03386758607624,4949100
2016-01-21,84.82989501953125,85.23791703777928,84.7749688634882,85.15160365163993,2385700
2016-01-22,84.64152526855469,84.71214200271332,84.44535969167183,84.54736363651152,1735600
2016-01-25,84.92401123046875,84.93185354391652,84.74353625069021,84.82984959060619,1190900
2016-01-26,84.98680114746094,85.080962811119,84.84556164522404,84.92403269152257,1288000
2016-01-27,85.0495834350586,85.0731223565193,84.62586488926316,84.92404052510118,1802300
2016-01-28,85.15945434570312,85.20653219891778,84.88482355778068,84.92405909312768,2222900
2016-01-29,85.6145248413086,85.66945097619896,85.35558478261127,85.45759473776461,3805500
2016-02-01,85.41730499267578,85.6137569415966,85.30729238089914,85.50374432981997,6813000
2016-02-02,86.0223388671875,86.08520489938117,85.81802726017548,85.82588701300838,4141600
2016-02-03,85.92807006835938,86.49385256680654,85.90449679679689,85.94378957955897,12145000
2016-02-04,86.13236236572266,86.16379538581185,85.88090420024466,86.03020954685944,2431100
2016-02-05,86.24239349365234,86.29739979183427,85.89663619351634,85.96736200274273,1440200
2016-02-08,86.88673400878906,86.94960004690292,86.50169001700354,86.54883654797126,2824800
2016-02-09,86.9024658203125,87.16178378571192,86.82388625374085,87.16178378571192,2679600
2016-02-10,87.16180419921875,87.19323723225644,86.68246093706071,86.8867726541866,2027200
2016-02-11,87.56251525878906,88.01828497109959,87.46036245923027,87.80611362440166,3743000
2016-02-12,86.8946304321289,87.29538810494601,86.73746527052012,87.1775217277868,3258700
2016-02-16,86.6352767944336,86.75314911837107,86.52526422415474,86.73742961105384,2816800
2016-02-17,86.42315673828125,86.47030329449142,86.17955220897204,86.45458377892898,4856500
2016-02-18,86.8238754272461,86.86316820325062,86.34453233712304,86.34453233712304,3125700
2016-02-19,86.8238754272461,86.93388800577571,86.66671631369974,86.74529587047292,1340000
2016-02-22,86.73744201660156,86.80816781917372,86.67458196404844,86.73744201660156,1012200
2016-02-23,86.9102783203125,86.98885784415856,86.47022819058789,86.50951495489423,2257800
2016-02-24,86.9102783203125,87.53106675059307,86.82383904551183,87.24031591760595,2947700
2016-02-25,87.16963195800781,87.35037033281942,86.98889358319622,87.16177220382406,1983600
2016-02-26,86.74530029296875,86.83173960839692,86.61957419476902,86.71386726960976,2957900
2016-02-29,86.88673400878906,86.93388053975677,86.70599564802055,86.75314817422363,3861600
2016-03-01,86.20763397216797,86.98668802142025,86.16828532165819,86.98668802142025,5901200
2016-03-02,86.0581283569336,86.08960608099756,85.90074574037578,85.9873019768492,3011200
2016-03-03,86.16041564941406,86.26271974072947,85.97155533248281,86.04237569992156,2093000
2016-03-04,85.8692626953125,86.12107846845811,85.71974501621425,85.98729664853575,1781200
2016-03-07,85.69612121582031,85.75907664755114,85.62529485418301,85.73546385783176,2349400
2016-03-08,86.19189453125,86.36501899233758,86.13681002124589,86.19976546232525,1747600
2016-03-09,85.85348510742188,86.02660950512505,85.75905798413585,85.9243114536455,1537800
2016-03-10,85.54661560058594,85.9636848878928,85.41283979215946,85.86138679975981,2798700
2016-03-11,85.30268859863281,85.56237534249985,85.23186221223158,85.56237534249985,1785000
2016-03-14,85.36561584472656,85.53086935337416,85.3262671981988,85.41282941755144,2661800
2016-03-15,85.34986114501953,85.61741869288511,85.32625436215838,85.546592340542,2960800
2016-03-16,85.79844665527344,87.31721240857297,85.14529735120276,85.23185959650188,2052300
2016-03-17,85.89288330078125,85.98731047854731,85.82992784642883,85.89288330078125,2745500
2016-03-18,86.04235076904297,86.14465483071565,85.9400527111298,86.01087906180776,2434600
2016-03-21,85.79844665527344,85.9164866264779,85.76696892936809,85.85353117466721,1725000
2016-03-22,85.61743927001953,86.01090175562851,85.5938264777237,85.99515989409795,1437700
2016-03-23,86.01092529296875,86.08961661087262,85.71188987966622,85.71188987966622,1405400
2016-03-24,85.92431640625,86.23121658213725,85.78266970939747,86.1525253069435,1548200
2016-03-28,86.05023956298828,86.18401535966994,85.95581241415923,86.01876184545836,1291400
2016-03-29,86.6325912475586,86.6325912475586,86.19191506255463,86.24699958568011,2981000
2016-03-30,86.51451873779297,86.57746816206765,86.25483209996973,86.43582145086953,2808800
2016-03-31,86.82925415039062,86.90795141037745,86.49874727197479,86.61678715819703,3759100
2016-04-01,86.8040771484375,86.93805694010263,86.62281178628254,86.83560286640268,5489100
2016-04-04,86.90656280517578,86.96173132843488,86.78046590040557,86.89080294692378,3035600
2016-04-05,87.2532958984375,87.29270454360892,87.127199057136,87.22965311650066,1951500
2016-04-06,87.06415557861328,87.2139012284378,86.95381857755802,87.14296686323623,1646000
2016-04-07,87.51342010498047,87.55282275595785,87.27698014744453,87.30850587597718,2069600
2016-04-08,87.37944793701172,87.39520779620221,87.2297022165691,87.33215633360338,1309500
2016-04-11,87.36366271972656,87.41883123405482,87.14298866241353,87.1666314524232,879600
2016-04-12,87.01689910888672,87.21393039278918,86.9538476549377,87.11935321186567,1363200
2016-04-13,87.07991790771484,87.13508640981196,86.8671268318876,86.89076961665553,1466400
2016-04-14,86.87500762939453,87.0247472668834,86.80407326391823,86.90652733303331,1403900
2016-04-15,87.13512420654297,87.21394154051251,86.93809289745587,86.96961862846001,1657800
2016-04-18,87.04840087890625,87.0720496789504,86.91442107657122,87.0720496789504,1297800
2016-04-19,86.90656280517578,87.00113999344198,86.79622575865757,86.93021161193089,1219600
2016-04-20,86.4652099609375,87.0484208915311,86.44156716837418,86.91444105839379,1939800
2016-04-21,86.32332611083984,86.42578620414851,86.22087203044745,86.27604053726124,1636600
2016-04-22,86.228759765625,86.37061649426059,86.17358524282236,86.32333091804873,952100
2016-04-25,86.1341781616211,86.29968368275038,86.12629522835313,86.18934666866419,1416300
2016-04-26,85.95289611816406,86.1026417671094,85.90561055025103,86.0947588348187,1127100
2016-04-27,86.42576599121094,86.50457726638194,86.05534638370086,86.1814432213915,1734000
2016-04-28,86.72526550292969,86.74890828807726,86.40213140480381,86.44154005532701,2807300
2016-04-29,86.69374084472656,86.7725521338204,86.47306683009744,86.55187811919127,2858500
2016-05-02,86.4419937133789,86.6551028106949,86.43410524439095,86.55249851826294,2226800
2016-05-03,86.95500183105469,87.03392865001467,86.88396950050979,86.93132438753973,2330900
2016-05-04,87.11284637451172,87.12862932687287,86.82081057113174,86.97077571634433,1176900
2016-05-05,87.34962463378906,87.34962463378906,86.93130715665966,87.08127229816986,1257500
2016-05-06,87.14442443847656,87.32595550119655,87.04970865245113,87.2864890849202,1675600
2016-05-09,87.31018829345703,87.31807676075118,87.18390055598141,87.25493891374414,1459900
2016-05-10,87.29435729980469,87.33382370420296,87.19964756401343,87.27067986585688,1506900
2016-05-11,87.4285888671875,87.5233046847537,87.20759131459803,87.25495223424697,1606800
2016-05-12,87.19178771972656,87.2943919815073,87.10496641293892,87.16811027637179,1261500
2016-05-13,87.52328491210938,87.54696235571896,87.20757161327744,87.2470380337803,5007300
2016-05-16,87.20758056640625,87.31019086155601,87.1760086311087,87.31019086155601,1708100
2016-05-17,87.08918762207031,87.27072474523965,87.08129915451626,87.14444302533438,1158700
2016-05-18,86.38671112060547,86.91553340442596,86.28410686760762,86.89974442905414,2946500
2016-05-19,86.4735336303711,86.60771583599076,86.43407323484868,86.4814281181675,1345000
2016-05-20,86.5287857055664,86.61560700885067,86.41039849356969,86.48932530881083,1059400
2016-05-23,86.58403015136719,86.6629629838467,86.48142589956537,86.59981912655496,892300
2016-05-24,86.4419937133789,86.52881504610289,86.31571197051896,86.43410524439095,965200
2016-05-25,86.40250396728516,86.52878566726909,86.36303754881705,86.41828692163439,890300
2016-05-26,86.6708984375,86.7419368208984,86.48936727653299,86.54461667618376,998200
2016-05-27,86.505126953125,86.73401898198884,86.40252267331623,86.70244704472506,1995300
2016-05-31,86.607666015625,86.69448124452646,86.29195292440808,86.29195292440808,1734700
2016-06-01,86.57848358154297,86.8709539282708,86.53896447351346,86.83142878955181,2786400
2016-06-02,86.84720611572266,86.91043786912186,86.71282431686767,86.71282431686767,5038500
2016-06-03,87.65348815917969,87.66930062440593,87.49539969104812,87.51911235819901,1971300
2016-06-06,87.42422485351562,87.59021949576932,87.40051219472029,87.47165620179265,1715700
2016-06-07,87.55074310302734,87.65350001814637,87.54283686934455,87.59026221006268,2672900
2016-06-08,87.65348815917969,87.69301329155682,87.5744439251139,87.61396302680255,1284200
2016-06-09,87.7878646850586,87.93805295250567,87.77996448306872,87.90643405248058,1328400
2016-06-10,88.09614562988281,88.19890856754503,87.953863588318,88.04872029292416,1878900
2016-06-13,88.27000427246094,88.33324204522707,88.1198221004988,88.25419784461238,1026200
2016-06-14,88.24633026123047,88.49927543238182,88.22261759373012,88.49927543238182,1390600
2016-06-15,88.51507568359375,88.60992634050665,88.24631808406915,88.24631808406915,2377600
2016-06-16,88.60993957519531,88.94983521817106,88.5229891062465,88.7522216125035,3088700
2016-06-17,88.30953979492188,88.53086599499952,88.2463020147035,88.53086599499952,3140900
2016-06-20,87.93014526367188,87.98547683012735,87.86691349535737,87.92224506181283,1956500
2016-06-21,87.73252868652344,88.02499897396721,87.71672225265351,87.91433584481297,1494500
2016-06-22,87.90644836425781,87.92226083218901,87.70883472994448,87.73254740115175,1378700
2016-06-23,87.48746490478516,87.72460356027506,87.46375224537348,87.54279645364127,1715000
2016-06-24,88.69690704345703,88.91033315566808,88.6020503235088,88.90242692133327,4390000
2016-06-27,89.46365356445312,89.51107891153097,89.24232723716966,89.28975258424751,4493700
2016-06-28,89.44784545898438,89.50317703977424,89.28184468592474,89.43993922438867,1799700
2016-06-29,89.0842056274414,89.4478199468541,89.07630542578899,89.37667591716439,2670900
2016-06-30,89.28180694580078,89.47942051233038,89.10000584177851,89.22647538839999,5690800
2016-07-01,89.51770782470703,89.69976966900285,89.34356932733516,89.68394109256408,5292300
2016-07-05,90.00849151611328,90.16680749953022,89.8185183751502,89.85018157183359,2926300
2016-07-06,90.0242919921875,90.11135820112527,89.88181068071712,90.09552962835521,1921600
2016-07-07,89.9056167602539,90.05600943924479,89.69980894162441,89.85811893186924,1323000
2016-07-08,90.07970428466797,90.10345016424175,89.7789070390395,89.91347104938109,2097900
2016-07-11,89.6047592163086,89.90555645079088,89.6047592163086,89.82640150876632,2728800
2016-07-12,89.07440185546875,89.31187268706942,88.9556664396684,89.24062902193558,4116200
2016-07-13,89.30397033691406,89.4622802250687,89.27230715145612,89.33563352237202,3077200
2016-07-14,88.9319839477539,89.04280213771389,88.79741986553654,88.81324844732865,2761900
2016-07-15,88.5915756225586,88.73405695662716,88.49659209260349,88.67864788444138,2811600
2016-07-18,88.56784057617188,88.8132227774258,88.48076830363595,88.7340678130668,4173500
2016-07-19,88.80531311035156,88.88446807613845,88.70240621960549,88.78156722452917,4171900
2016-07-20,88.62319946289062,88.67860851047438,88.53612723966856,88.67860851047438,2213700
2016-07-21,88.82111358642578,88.85277677055022,88.38575839276815,88.40158696526294,1944700
2016-07-22,88.74986267089844,88.90817252869617,88.59154677396674,88.62320995335308,1140000
2016-07-25,88.67868041992188,88.83699642649177,88.66285183883396,88.72617220232377,889100
2016-07-26,88.73403930664062,88.81319424557056,88.56781212314733,88.81319424557056,1694100
2016-07-27,89.1140365600586,89.1140365600586,88.74200151578968,88.84490238455304,1962700
2016-07-28,89.16152954101562,89.24068452106461,88.93989318122334,88.97155638107051,1220200
2016-07-29,89.50188446044922,89.5256303460584,89.25650225697206,89.32773991379959,2386800
2016-08-01,89.191162109375,89.38932946800082,89.15946065387217,89.22286961246567,2479100
2016-08-02,88.97711944580078,89.15943602631584,88.79480286528572,88.79480286528572,2920500
2016-08-03,89.02471923828125,89.0564267474212,88.79484433270842,89.03264762746349,1148600
2016-08-04,89.2387466430664,89.41313492585356,89.20703913277882,89.21496752224802,1065000
2016-08-05,88.68386840820312,89.06435245885405,88.67594606684808,88.98508671218184,2368100
2016-08-08,88.63627624511719,88.77102856764378,88.49359553668124,88.58078963892468,1304000
2016-08-09,88.953369140625,88.98507664522455,88.69178676336983,88.73934499647508,1817000
2016-08-10,89.191162109375,89.25457711555634,88.98507241066739,89.0009231384188,1262500
2016-08-11,88.76310729980469,89.1752926582648,88.67591319650968,89.11980605140312,1823600
2016-08-12,89.08016967773438,89.33382360021565,89.05639056743715,89.20699966276828,1377100
2016-08-15,88.81857299804688,89.0008835001379,88.80271622976973,88.94539690633822,1031800
2016-08-16,88.66797637939453,88.81858546123533,88.59663300730668,88.73931370389637,1433500
2016-08-17,88.81066131591797,88.9295629100169,88.5807865133497,88.69175972181903,1733900
2016-08-18,88.96918487548828,89.03259985974479,88.73931009324774,88.87406844668926,1245600
2016-08-19,88.66797637939453,88.81065707598424,88.5570031762232,88.72346298098019,1396700
2016-08-22,88.86620330810547,88.93754068047575,88.77108076402169,88.86620330810547,1084600
2016-08-23,88.85820770263672,89.01674515618738,88.77894199965412,88.92955106863089,939900
2016-08-24,88.8265151977539,88.95334518199179,88.75517786730997,88.92956607184382,1345600
2016-08-25,88.68386840820312,88.84240594913635,88.66801767790422,88.74728342457642,1037700
2016-08-26,88.34297180175781,89.03259611950851,88.27956286775085,88.81857811611582,1988300
2016-08-29,88.70761108398438,88.76309768483566,88.49358701813951,88.50151540328567,1497400
2016-08-30,88.69972229003906,88.77898803412323,88.65215800551766,88.74728052697184,2498400
2016-08-31,88.5966796875,88.81863225837196,88.5966796875,88.70765899673059,2008100
2016-09-01,88.73558044433594,88.75939258380932,88.32281650684189,88.37044684177529,1775900
2016-09-02,88.50535583496094,88.64029528279768,88.35453759562309,88.56885888899632,1550100
2016-09-06,88.91812896728516,88.98163203231385,88.4418680915411,88.48155902118043,1284000
2016-09-07,88.96574401855469,89.10862286234405,88.91811369996853,89.04511980821887,836800
2016-09-08,88.52914428710938,88.87840493490171,88.42595639389026,88.79902916658061,1287300
2016-09-09,88.10845184326172,88.22751852992224,88.06876092904713,88.2116397418431,1700700
2016-09-12,88.18781280517578,88.25925522756714,87.98143098669017,88.01318250153274,1446600
2016-09-13,87.8624038696289,88.25928887248243,87.66396136820214,88.25134947674968,1993700
2016-09-14,88.06084442138672,88.17990507481915,87.878274659483,87.878274659483,1062100
2016-09-15,88.08462524414062,88.14812827405663,87.84649190994674,88.01318282148956,994100
2016-09-16,88.17988586425781,88.24338890291016,88.06875857460774,88.18782525808513,833600
2016-09-19,88.02908325195312,88.1719620764047,88.02908325195312,88.10051963618704,490400
2016-09-20,88.16403198242188,88.2830986913562,88.10052893019231,88.13228045630709,1177800
2016-09-21,88.30696868896484,88.34665963661365,87.97358653027293,88.0688351150487,1108300
2016-09-22,88.56880187988281,88.6719897342829,88.43386251890253,88.4576746348425,1012300
2016-09-23,88.60858917236328,88.66415285912741,88.50540119865494,88.52921334212705,952500
2016-09-26,88.8625717163086,88.94195358131958,88.71175949595701,88.72763223536758,764000
2016-09-27,89.01339721679688,89.11658517130523,88.9260820029873,89.11658517130523,1583700
2016-09-28,88.97367095947266,89.14036797855876,88.94192549067772,89.05305279941237,594800
2016-09-29,89.02925872802734,89.16419819372064,88.7593737406554,88.81493740629296,1123900
2016-09-30,88.8070068359375,89.06101305495253,88.68000675442296,89.03720091816768,1774600
2016-10-03,88.60031127929688,88.80697020054055,88.58441117390937,88.78312004245929,3112000
2016-10-04,88.19500732421875,88.56858123774003,88.18705726577082,88.48909884561414,3949600
2016-10-05,87.99624633789062,88.18700517914685,87.90086388520541,88.155217092366,1490600
2016-10-06,87.81348419189453,88.04398129611083,87.79758407594466,87.9009105731491,1577400
2016-10-07,87.94061279296875,88.00420109815964,87.73395383315564,87.89292459613287,1601100
2016-10-10,87.71013641357422,87.74988063243617,87.57501577202977,87.74988063243617,1067000
2016-10-11,87.686279296875,87.83730002920208,87.59089682422913,87.69422935229103,1942600
2016-10-12,87.686279296875,87.686279296875,87.51141446241532,87.61474699047722,1037800
2016-10-13,87.86910247802734,87.98037900788977,87.83730831747863,87.83730831747863,1188400
2016-10-14,87.598876953125,87.88501840518205,87.57503284280651,87.64656517376199,2105300
2016-10-17,87.78961944580078,87.86910788412105,87.68629296574746,87.68629296574746,1490800
2016-10-18,87.96443939208984,87.96443939208984,87.6703541512866,87.67829813976921,1484400
2016-10-19,88.00420379638672,88.06779210352724,87.8372890382289,87.8372890382289,1264200
2016-10-20,87.92472839355469,88.13138131192187,87.89293423747162,88.13138131192187,979900
2016-10-21,88.02008056640625,88.05187471373664,87.9008540299457,88.05187471373664,571100
2016-10-24,87.90086364746094,88.07572844485378,87.79753720541707,88.07572844485378,900800
2016-10-25,87.88499450683594,88.02011513797609,87.77371797953042,87.78961202738152,735100
2016-10-26,87.69422912597656,87.7975555896563,87.66243496850998,87.7578174409097,1136600
2016-10-27,87.39215850830078,87.4319027079043,87.20934974399688,87.39215850830078,3668500
2016-10-28,87.40809631347656,87.47962862667912,87.27297567912771,87.3127138317571,1313200
2016-10-31,87.47962951660156,87.54321783839475,87.40014714641813,87.51142367749816,4413900
2016-11-01,87.4827880859375,87.64993670565404,87.18032347373615,87.22807848719486,2004000
2016-11-02,87.74544525146484,87.89667755501277,87.5782966345697,87.6419740331805,1455900
2016-11-03,87.68973541259766,87.73749650132896,87.56238667874078,87.6181028884178,686600
2016-11-04,87.9603271484375,88.00012095553178,87.77725620345481,87.79317858437977,1699800
2016-11-07,87.59426879882812,87.68977887841008,87.56243008142933,87.6340626411158,2617900
2016-11-08,87.28382873535156,87.64200359628651,87.24402882964189,87.61016488624138,1182200
2016-11-09,85.95457458496094,86.88584000442233,85.89090324771693,86.88584000442233,6381300
2016-11-10,85.43721008300781,85.98641714053967,85.42129376613705,85.6998748559676,5445300
2016-11-11,85.26212310791016,85.67601422684258,85.2302843952825,85.6043816778905,2482900
2016-11-14,84.76860809326172,85.08698905649116,84.59349825985493,84.76860809326172,3753800
2016-11-15,84.76860809326172,84.91984041713336,84.70493068609346,84.76064689921274,1391700
2016-11-16,84.84821319580078,84.90392941639274,84.58554841046188,84.58554841046188,2765700
2016-11-17,84.47413635253906,84.7527235953334,84.41046499407933,84.70496248572103,2499200
2016-11-18,84.10004425048828,84.53781292127346,84.02044442615097,84.45025797259362,4093700
2016-11-21,84.17167663574219,84.2831091024532,84.07616049029818,84.16371543880169,1364300
2016-11-22,84.25126647949219,84.43433756494835,84.17167273162097,84.28310519316342,1744700
2016-11-23,83.94879913330078,84.04430919183079,83.57470187708999,83.77368926251164,4607100
2016-11-25,83.87712860107422,84.02039970696687,83.76569619344781,83.98060588859217,948200
2016-11-28,84.25920104980469,84.29103975341475,84.06817490075606,84.1557298175308,2474800
2016-11-29,84.3468017578125,84.37067928033004,84.06025934237199,84.11597558578458,1745000
2016-11-30,83.78163146972656,83.99653512532574,83.70999286945236,83.80550897894739,3362500
2016-12-01,83.46199798583984,83.54170453267066,83.14316571729684,83.39026391805803,3467600
2016-12-02,83.83660125732422,83.94819160693604,83.63733190712914,83.63733190712914,1660400
2016-12-05,83.80477142333984,84.01201338380079,83.4620276769406,83.55767921589685,2281600
2016-12-06,83.83660125732422,83.91630778115866,83.75689473348977,83.82862878057539,989400
2016-12-07,84.11566925048828,84.1555255966631,83.98016740345331,83.9881398889332,1237600
2016-12-08,83.79679870605469,83.900422726605,83.71709213109266,83.8446275160094,1357500
2016-12-09,83.3663558959961,83.85257379216137,83.32650565869001,83.75692835765044,3261000
2016-12-12,83.38227081298828,83.46994981717921,83.19097393167091,83.31053068173289,1538200
2016-12-13,83.43013000488281,83.58157672949422,83.27868936149227,83.52578152798804,1993500
2016-12-14,82.73667907714844,83.77287658099824,82.72073411547106,83.70910889673088,3941000
2016-12-15,82.5055160522461,82.75260819811477,82.44174837549922,82.72072435974134,1999200
2016-12-16,82.60908508300781,82.86414955784329,82.4656109358368,82.64894137769517,1811800
2016-12-19,82.99172973632812,83.03157997135862,82.80042671578954,82.89607822605883,1691800
2016-12-20,82.81636810302734,82.86419081548944,82.64101004903995,82.69680524065232,969400
2016-12-21,82.95187377929688,82.99969649402858,82.84825587030481,82.89607858503652,1870500
2016-12-22,82.91602325439453,82.98787130370607,82.79627041465952,82.86013940796919,1872100
2016-12-23,82.9958267211914,83.09163017683878,82.97986252402364,83.00381186521543,830400
2016-12-27,82.87602996826172,82.87602996826172,82.78821170321574,82.79619684300455,1148800
2016-12-28,83.17942810058594,83.26724639068439,82.86008941758053,82.91597323029056,1369800
2016-12-29,83.43488311767578,83.554635864048,83.31513037130357,83.31513037130357,1328600
2016-12-30,83.68236541748047,83.7941330201984,83.45084507159974,83.4747944020568,2439500
2017-01-03,83.64244842529297,83.73825184099869,83.2592469442256,83.3071456066396,3230500
2017-01-04,83.73826599121094,83.77818561055342,83.52271588304629,83.61053417289675,1523000
2017-01-05,84.28115844726562,84.36897675641724,83.85005204530681,83.90593587014148,3344400
2017-01-06,83.89791107177734,84.12943140548654,83.85799755340643,83.9697651502485,1601400
2017-01-09,84.21725463867188,84.24918910977782,84.11347217573575,84.20129044855769,1275000
2017-01-10,84.17736053466797,84.30509235767735,84.13744091385811,84.17736053466797,1352700
2017-01-11,84.27312469482422,84.56851393621584,84.07353885112417,84.2252260414167,1833700
2017-01-12,84.321044921875,84.64836259838829,84.29708949989605,84.48071118980182,1544700
2017-01-13,84.13739776611328,84.27311466186144,83.86596397461699,84.12143358050356,1833200
2017-01-17,84.56053924560547,84.64835751495474,84.40885812744729,84.60045885562872,1656800
2017-01-18,83.96179962158203,84.3769417275712,83.92986514489989,84.30508763231673,3640400
2017-01-19,83.64244842529297,83.73825184099869,83.47479701596629,83.69035317858469,1840000
2017-01-20,83.68236541748047,83.76219854929649,83.4109315511305,83.53866334386063,1306400
2017-01-23,84.12144470214844,84.28111094285848,83.69831759160117,83.83404059616903,1720200
2017-01-24,83.80210876464844,84.04959327279309,83.69034117446202,83.93782568260667,1344000
2017-01-25,83.38697814941406,83.57059983882796,83.27521054398913,83.4668173740413,1816000
2017-01-26,83.4987564086914,83.52271183366273,83.17143869129147,83.3550604041342,2212900
2017-01-27,83.6025161743164,83.6663851038118,83.538647244821,83.546632383727,2285200
2017-01-30,83.5785903930664,83.78615533608425,83.5785903930664,83.61850391708765,1909300
2017-01-31,83.86597442626953,84.00169133893117,83.65840344221981,83.65840344221981,1411700
2017-02-01,83.70529174804688,83.83321718776995,83.4654231609127,83.60134584690334,2055100
2017-02-02,83.73726654052734,84.0330975226102,83.72926929503265,83.97712900436932,1423500
2017-02-03,83.80122375488281,84.12904370936322,83.64931269558946,83.95314091428699,1711100
2017-02-06,84.20096588134766,84.28092610075001,83.95310628150358,84.14499738783098,1500500
2017-02-07,84.35291290283203,84.50483005346015,84.09705597025913,84.153024483631,1540600
2017-02-08,84.69674682617188,84.75271535645939,84.35293839723082,84.35293839723082,3182200
2017-02-09,84.1929931640625,84.69670971594452,84.17699867663853,84.69670971594452,1530200
2017-02-10,84.13701629638672,84.20097593939715,84.0090848101478,84.0090848101478,1646400
2017-02-13,84.00910186767578,84.01709911221675,83.85718472194849,83.95313335610945,1045200
2017-02-14,83.70529174804688,84.03310564367789,83.52139168456247,83.96913987376057,2318100
2017-02-15,83.54537200927734,83.60134052936718,83.40944933193221,83.4174465776911,2750900
2017-02-16,83.88117980957031,83.9611339578463,83.63331401977112,83.63331401977112,2459800
2017-02-17,84.10503387451172,84.2089736325548,84.0490653740102,84.11302501736262,2237700
2017-02-21,84.06507873535156,84.17701576961082,83.88917593862678,83.90517042929858,2832700
2017-02-22,84.20096588134766,84.28891724260362,83.9211234137643,84.24094599104883,2812800
2017-02-23,84.42488098144531,84.42488098144531,84.29695554827994,84.35292406906065,1842700
2017-02-24,84.81668090820312,84.88064668553639,84.60879518192617,84.70474384792605,2677000
2017-02-27,84.51283264160156,84.75270121716635,84.46486136653311,84.74470397128452,3292600
2017-02-28,84.47281646728516,84.68070205571573,84.45682198350144,84.552770585879,2482500
2017-03-01,83.8843765258789,83.90840123682202,83.78830211608661,83.83633932098276,2249000
2017-03-02,83.64415740966797,83.7482400228647,83.53206656207362,83.7162131937673,2023300
2017-03-03,83.72423553466797,83.73224377041487,83.47603520296079,83.66819010142783,2509000
2017-03-06,83.70822143554688,83.7482503955066,83.61214093635463,83.74024216011713,1401700
2017-03-07,83.58810424804688,83.65215790031216,83.54806918825795,83.61212284052323,1596300
2017-03-08,83.30789947509766,83.387963507634,83.18780037204607,83.20381073515568,2392800
2017-03-09,83.07568359375,83.25182807548752,83.02764030241744,83.21980125076323,2322900
2017-03-10,83.25187683105469,83.27589543654109,83.0677240081659,83.25187683105469,1333000
2017-03-13,83.04369354248047,83.20382162851774,83.01967494042437,83.11574934864876,1342600
2017-03-14,83.13177490234375,83.21984719183234,83.06772121753465,83.08373158448913,864600
2017-03-15,83.86034393310547,83.86034393310547,83.20380910557529,83.25985453810247,3701900
2017-03-16,83.62815856933594,83.76427414881572,83.60413996957314,83.66018540518445,2749900
2017-03-17,83.85235595703125,83.92441176451476,83.71624036207068,83.73225683606371,1186700
2017-03-20,84.05248260498047,84.07650119703985,83.86832988503801,83.86832988503801,1362700
2017-03-21,84.33277130126953,84.36479815024292,83.99649854979432,83.99649854979432,1407000
2017-03-22,84.49288177490234,84.65301598629412,84.42882809034563,84.49288177490234,2231300
2017-03-23,84.40476989746094,84.58091439312722,84.26065222905152,84.54087933193298,2584700
2017-03-24,84.45283508300781,84.55691771720153,84.3487463403198,84.38077317587809,2540000
2017-03-27,84.6610107421875,84.83715530512988,84.6049653002054,84.8051284656408,2614000
2017-03-28,84.3727798461914,84.75709583229452,84.3647777172588,84.75709583229452,1356800
2017-03-29,84.61296844482422,84.64499528238578,84.51688793213954,84.51688793213954,1860400
2017-03-30,84.3727798461914,84.58095125985123,84.35676947983083,84.57294302242326,1487800
2017-03-31,84.54093170166016,84.57295854875635,84.42884079107174,84.49289448526412,1698500
2017-04-03,84.95706176757812,84.9971572133461,84.62028204686905,84.64433686724739,4175500
2017-04-04,84.83679962158203,85.01320370178559,84.83679962158203,84.93301891665543,1319600
2017-04-05,84.99720764160156,85.07739246300451,84.69250287318641,84.73259222503303,2551100
2017-04-06,84.9410400390625,85.07735478685208,84.83680042917169,85.02122482495595,1496300
2017-04-07,84.68444061279297,85.25376051580099,84.68444061279297,85.14952091137643,1185400
2017-04-10,84.83679962158203,84.93301891665543,84.75660871874491,84.79670417016347,1752500
2017-04-11,85.22969055175781,85.31789563125743,85.02120526224003,85.03724588635211,2219200
2017-04-12,85.49430847167969,85.5424181101136,85.22969322488152,85.2938434879306,2273600
2017-04-13,85.75089263916016,85.8070225828539,85.48627742558746,85.63863275177265,1868200
2017-04-17,85.61457061767578,85.83107619582016,85.54240617009762,85.75890563053704,1110500
2017-04-18,86.103759765625,86.17593037630945,85.79905504354645,85.84716470553022,1678400
2017-04-19,85.87920379638672,85.9353337510379,85.79099870797683,85.89524442211919,1750000
2017-04-20,85.68673706054688,85.80701725176205,85.57447718013395,85.74286700075334,1694700
2017-04-21,85.72686004638672,85.89524992112057,85.70279910624764,85.76694937787195,2792500
2017-04-24,85.55044555664062,85.55044555664062,85.29385060075208,85.34196024319796,3558000
2017-04-25,85.10940551757812,85.37402074107808,85.06931007727623,85.27779535497666,1985700
2017-04-26,85.33391571044922,85.33391571044922,85.09336144878847,85.10939595248402,1314400
2017-04-27,85.39004516601562,85.49429085141196,85.26175078406455,85.30184010192852,1988200
2017-04-28,85.47830200195312,85.51839746180636,85.2136866494216,85.25378210927484,5489800
2017-05-01,85.29357147216797,85.51842879351192,85.16508420007249,85.38190915225344,2044400
2017-05-02,85.47020721435547,85.5183891531947,85.23731763179977,85.25338236267928,1585300
2017-05-03,85.29357147216797,85.51842879351192,85.24538951099497,85.48630544376242,1861300
2017-05-04,85.10086059570312,85.1169192114847,84.98039953317678,85.00449052030122,1237100
2017-05-05,85.11689758300781,85.14098856401066,84.96431932768894,85.1088713406086,980000
2017-05-08,84.90808868408203,85.03657593371345,84.8599006044315,85.03657593371345,4887400
2017-05-09,84.8117446899414,84.85190041416158,84.69931601440888,84.79567994949201,1457900
2017-05-10,84.77962493896484,85.01251467015207,84.72341059880954,84.99644992901996,995500
2017-05-11,84.84384155273438,84.88399113751515,84.65110761584305,84.65110761584305,1088800
2017-05-12,85.27751159667969,85.34978453736787,85.17310917981577,85.17310917981577,2005600
2017-05-15,85.22132110595703,85.26147070860286,85.16510676072959,85.23737972163454,672200
2017-05-16,85.3337173461914,85.45417836212889,85.21325633025394,85.21325633025394,1314500
2017-05-17,86.01632690429688,86.064508862882,85.71116428842087,85.76737861573756,5644700
2017-05-18,85.99227142333984,86.12879111362226,85.90393371153247,86.08863538028993,1715200
2017-05-19,85.96819305419922,85.98425167374674,85.76742661187451,85.90394632219797,3503100
2017-05-22,85.87181091308594,85.93605763607688,85.83165517949041,85.87181091308594,1425800
2017-05-23,85.64691925048828,85.96814661004636,85.60676353295517,85.96814661004636,2984700
2017-05-24,85.82360076904297,85.87178273202164,85.56662008831881,85.64692540225084,1776300
2017-05-25,85.87181091308594,85.91196664668146,85.76741458340419,85.87181091308594,1361000
2017-05-26,85.92794036865234,85.9921870281687,85.8797584374644,85.9520313342463,1016600
2017-05-30,86.14482116699219,86.14482116699219,86.00830152197682,86.07254822324381,2335200
2017-05-31,86.18497467041016,86.24922137002478,86.05648739808342,86.10466935934313,1752300
2017-06-01,86.13993072509766,86.1560200497339,85.97907429641175,86.01124680940481,1769300
2017-06-02,86.5179443359375,86.61446186850604,86.38926042879179,86.46164397600893,1803200
2017-06-05,86.37313842773438,86.45356660630699,86.35705524653054,86.38118308647465,1414900
2017-06-06,86.6466293334961,86.72705753781331,86.59032897684618,86.68684036751537,2078900
2017-06-07,86.4857406616211,86.6305138401682,86.40531248160089,86.55813031903305,1795800
2017-06-08,86.34908294677734,86.40538333258456,86.19626498403697,86.40538333258456,3863000
2017-06-09,86.26862335205078,86.3329622436779,86.14797795879556,86.18015047274893,1203400
2017-06-12,86.25257110595703,86.42147227461122,86.15605965888734,86.15605965888734,766700
2017-06-13,86.28470611572266,86.31687862951749,86.17210538558052,86.17210538558052,682300
2017-06-14,86.7351303100586,87.00054901175628,86.6305742167903,86.79947535343035,3712100
2017-06-15,86.58232879638672,86.63862918196043,86.51798374536483,86.61450132189766,2000400
2017-06-16,86.63056182861328,86.7270793798689,86.59838931152808,86.59838931152808,3460300
2017-06-19,86.38927459716797,86.56621423147764,86.38927459716797,86.53404171534497,1105900
2017-06-20,86.60643768310547,86.67078272003096,86.46166441816338,86.46166441816338,1252000
2017-06-21,86.59837341308594,86.65467377357892,86.49381735396443,86.50990054141425,1159800
2017-06-22,86.67884826660156,86.75123798977786,86.57429215121621,86.72711012747989,1160100
2017-06-23,86.70293426513672,86.73510063953798,86.5983720713562,86.63858924377624,1581000
2017-06-26,86.77533721923828,86.87185477286512,86.76729255569929,86.78338188277728,3625000
2017-06-27,86.34908294677734,86.50190090951772,86.2686547008073,86.47776691307305,1755200
2017-06-28,86.26862335205078,86.30883439228278,86.13188863367908,86.30883439228278,1530900
2017-06-29,85.9469223022461,86.03539520002904,85.7699765066802,85.81823221955058,1997200
2017-06-30,85.74584197998047,85.93082628911404,85.68954160725107,85.93082628911404,1909600
2017-07-03,85.43087768554688,85.75307721617118,85.3906065851219,85.74502053790822,1255300
2017-07-05,85.49531555175781,85.59197725088261,85.36643943170274,85.41476720854281,10477800
2017-07-06,85.33422088623047,85.35838477522275,85.16506751783965,85.33422088623047,1794300
2017-07-07,85.19731140136719,85.29397313620747,85.15704028760229,85.22953197964728,1799900
2017-07-10,85.31009674072266,85.39064512337035,85.24565557642542,85.25370611287683,1247700
2017-07-11,85.42283630371094,85.44700019564347,85.25367676929204,85.27784680667014,1112600
2017-07-12,85.67253112792969,85.79335672327899,85.64031055947353,85.74502279787222,2451700
2017-07-13,85.58391571044922,85.66446404908784,85.42281903317199,85.66446404908784,2095900
2017-07-14,85.70474243164062,85.97860801574524,85.68862907643188,85.93833691861218,1260400
2017-07-17,85.80946350097656,85.87390463756309,85.70475126310724,85.75307904282462,1289200
2017-07-18,86.12364959716797,86.16392686411642,86.01088062425003,86.08337847566763,1776100
2017-07-19,86.12364959716797,86.19614744858556,86.067265110709,86.13170627964728,2466000
2017-07-20,86.14777374267578,86.31693326943508,86.11555931852145,86.26859934231302,2317200
2017-07-21,86.30078125,86.40549344520474,86.2846740451387,86.3088379251519,1664200
2017-07-24,86.24443054199219,86.3088716775231,86.17998940646129,86.25248722029478,2342700
2017-07-25,85.76113891601562,85.94639950879687,85.7369750252568,85.94639950879687,2513600
2017-07-26,86.0350112915039,86.12361632820449,85.71281786216984,85.7611456474808,3010400
2017-07-27,85.89807891845703,85.97057674224814,85.80141720188415,85.86585834626607,1853000
2017-07-28,86.04305267333984,86.06721656169924,85.8658426314447,85.8900065198041,1001600
2017-07-31,86.0672378540039,86.07529453393174,85.93836170238936,85.99474617099187,921800
2017-08-01,86.28102111816406,86.31329152429629,85.89378855447855,85.93412194593085,1958300
2017-08-02,86.20032501220703,86.36167699950154,86.19225587410506,86.2406645477679,516100
2017-08-03,86.49883270263672,86.52303396510773,86.30521644791892,86.37782023533194,1576200
2017-08-04,86.26486206054688,86.29713245660425,86.07930882195421,86.29713245660425,1266100
2017-08-07,86.31326293945312,86.32133207705154,86.17611837502304,86.22452089071633,554100
2017-08-08,86.24067687988281,86.28907940551808,86.10353228728302,86.28101026626224,1277800
2017-08-09,86.34555053710938,86.57950633448455,86.34555053710938,86.5553050718164,1268000
2017-08-10,86.668212890625,86.70048327927711,86.49879796641193,86.51493008326433,1412000
2017-08-11,86.76508331298828,86.8215549929601,86.57952999025144,86.61986954235338,911000
2017-08-14,86.5552749633789,86.68435037102651,86.52300457273009,86.59560833547917,1386100
2017-08-15,86.29717254638672,86.36977635503273,86.1842291851919,86.20843045474057,1146300
2017-08-16,86.45849609375,86.5875777045723,86.2003390270554,86.21647730588317,2160100
2017-08-17,86.76508331298828,86.79734756872804,86.45851748889712,86.49078789958837,1637300
2017-08-18,86.78118133544922,86.97479756855316,86.65210589836295,86.91832591077497,1235700
2017-08-21,86.8376693725586,86.89414104098849,86.77312856436723,86.80539896846291,718800
2017-08-22,86.668212890625,86.75695492068147,86.61981038512049,86.75695492068147,984500
2017-08-23,86.96670532226562,86.96670532226562,86.78115213488796,86.85376204471297,1246100
2017-08-24,86.8296127319336,86.92642395815663,86.78121019629764,86.8296127319336,2520900
2017-08-25,86.97481536865234,87.02322405304736,86.78119909592327,86.83767076525884,1007500
2017-08-28,87.05546569824219,87.06352868051908,86.90218286570503,86.93445325965749,921700
2017-08-29,87.25718688964844,87.4750044446221,87.16037566802079,87.45887231849291,1590200
2017-08-30,87.18453216552734,87.2329346740111,87.11999138425053,87.11999138425053,1299900
2017-08-31,87.32173919677734,87.32980833894813,87.18459455463447,87.19266369680525,1023600
2017-09-01,87.06480407714844,87.2506293607398,87.01632282406524,87.22639181628675,3460000
2017-09-05,87.67076110839844,87.67883617985692,87.36373579602905,87.38797950293454,3054800
2017-09-06,87.4606704711914,87.70305816680472,87.36371416011104,87.6465018597183,1601500
2017-09-07,87.84040832519531,87.9131209353804,87.54146432247008,87.54146432247008,4292500
2017-09-08,87.77578735351562,87.80810612997918,87.66267471798137,87.80810612997918,1249100
2017-09-11,87.27483367919922,87.45258382308722,87.27483367919922,87.42026505472806,2206200
2017-09-12,87.06480407714844,87.13751671050754,86.98401020757927,87.13751671050754,3167800
2017-09-13,86.88701629638672,87.08092273234465,86.87085383095513,87.08092273234465,1590900
2017-09-14,86.90318298339844,86.9193454507616,86.77391406536911,86.79815160223866,1377700
2017-09-15,87.00821685791016,87.00821685791016,86.75774793774983,86.9112605503473,1477000
2017-09-18,86.66887664794922,86.74159542284039,86.58808280353975,86.66080157843092,3032500
2017-09-19,86.57193756103516,86.73352527049906,86.54770002103317,86.69313142522108,673300
2017-09-20,86.40228271484375,86.66890186254503,86.26492635879382,86.65274555463286,2397500
2017-09-21,86.2891616821289,86.55578080392254,86.2891616821289,86.44266816699763,2390000
2017-09-22,86.44263458251953,86.57999087185709,86.41839705033468,86.56382840761785,826600
2017-09-25,86.7011947631836,86.76583230389267,86.4507319981549,86.53960707558608,1927000
2017-09-26,86.62850952148438,86.67698461024328,86.54771565216048,86.62042828529884,1061000
2017-09-27,86.18412017822266,86.31339527975918,86.1598826377286,86.20028264800278,4039100
2017-09-28,86.16793060302734,86.23256812883893,86.03058048380801,86.07905554607984,1873300
2017-09-29,86.06291198730469,86.26489967670466,86.01443691438472,86.25682460733472,2037800
2017-10-02,85.96500396728516,86.151113152986,85.96500396728516,86.11065275549758,3221600
2017-10-03,86.08638000488281,86.1187470885785,85.96500498437143,85.98927875379572,2521700
2017-10-04,86.06209564208984,86.16728402111076,85.98118102950536,86.16728402111076,2198300
2017-10-05,85.97307586669922,86.14299838172327,85.9245283405176,86.09445085554165,1779900
2017-10-06,85.86792755126953,85.96502264891825,85.64945123477739,85.74655250581736,2350600
2017-10-09,85.96500396728516,85.9973710505979,85.88408934569824,85.94073019814807,893100
2017-10-10,85.99739837646484,86.19968808140511,85.9731245996147,86.01358500995951,1123100
2017-10-11,86.094482421875,86.12684950899285,85.99738116052144,86.11875619386572,2841200
2017-10-12,86.17537689208984,86.20774397163535,86.06209520037513,86.15110312577801,1349300
2017-10-13,86.4666976928711,86.51524523855335,86.32914219784416,86.43433060461932,1521700
2017-10-16,86.3210220336914,86.41002995535163,86.23201411203117,86.31292872079804,1666100
2017-10-17,86.2886962890625,86.32106338275135,86.17541454784748,86.19159500799596,673800
2017-10-18,86.07019805908203,86.10256514221716,85.98927726454926,86.02164434768439,1788500
2017-10-19,86.15921783447266,86.33722755609341,86.10257697454998,86.30486664190107,1518700
2017-10-20,85.80318450927734,85.9407399990012,85.77081742227338,85.88409914009193,2651400
2017-10-23,85.88408660888672,85.94072745953162,85.84362621268762,85.84362621268762,709800
2017-10-24,85.62516021728516,85.73844192399032,85.57661267823723,85.67370775633307,1605600
2017-10-25,85.48760986328125,85.56043117621643,85.34196106402051,85.34196106402051,1838800
2017-10-26,85.37435150146484,85.58472835641365,85.36625818446156,85.56854789579914,2062400
2017-10-27,85.64944458007812,85.65753789538378,85.39860736611986,85.46334154178354,1315000
2017-10-30,85.95693969726562,85.96502684020314,85.79510423764192,85.84365178883326,1692700
2017-10-31,85.90029907226562,85.97312039925822,85.88411243956178,85.9650270829063,1178000
2017-11-01,85.95211029052734,86.08177890007937,85.83865334863914,85.83865334863914,1321500
2017-11-02,86.06558990478516,86.18715271252871,86.000761765871,86.04938441579193,1997900
2017-11-03,86.20336151123047,86.22767283538062,86.02507022354135,86.17904400413929,2532400
2017-11-06,86.30870819091797,86.35733083670985,86.22766838695125,86.28439686802203,858400
2017-11-07,86.34112548828125,86.40595980473542,86.27629117182708,86.32491381769735,734800
2017-11-08,86.23574829101562,86.41403333295553,86.21143079249127,86.38161618452858,947800
2017-11-09,86.20336151123047,86.2762954836809,86.08990454323576,86.12231552014192,925900
2017-11-10,85.76573181152344,85.92781141399236,85.73331465444156,85.90350009191607,1862000
2017-11-13,85.72520446777344,85.87107857576667,85.7170986331793,85.83056176867645,868300
2017-11-14,85.84678649902344,85.90351498801861,85.73332952103307,85.74953501091387,1629200
2017-11-15,86.15475463867188,86.18717180678141,85.97646330554078,86.13044330832538,1933100
2017-11-16,85.9359359741211,86.0655984477611,85.91972430057743,86.01697579301383,1749200
2017-11-17,86.04942321777344,86.13046306516509,85.9845888666825,86.08994623294127,941200
2017-11-20,85.91162109375,86.02507807209604,85.862992258072,85.94403825655482,1153400
2017-11-21,85.92781066894531,86.08989645294935,85.86297635534369,86.04937346121322,835600
2017-11-22,86.20336151123047,86.2438783238337,85.98454722799707,86.01696438784428,1657900
2017-11-24,86.13044738769531,86.1790700506912,86.09803021805041,86.12234154954837,614400
2017-11-27,86.18716430664062,86.24389280016004,86.05750182842854,86.17095881546739,1927500
2017-11-28,86.20336151123047,86.34923563907238,86.13042135583899,86.31681847922518,1388000
2017-11-29,85.92781066894531,85.96833366068144,85.80624787667739,85.91970483400999,3193600
2017-11-30,85.660400390625,85.91163188819307,85.5712547274464,85.87110888386012,3306400
2017-12-01,85.97695922851562,86.30972815221075,85.62795404962543,85.79027944767421,4341500
2017-12-04,85.9364242553711,85.9364242553711,85.74163242710992,85.74975055938097,2356200
2017-12-05,86.00128173828125,86.0256299214863,85.7821418971207,85.79837195515235,1586000
2017-12-06,86.17988586425781,86.28539677431647,86.16365579821733,86.19611593029829,1459000
2017-12-07,86.02560424804688,86.25286214655809,85.92009342154189,86.17981761874233,1953400
2017-12-08,85.96072387695312,86.04999850576547,85.89579124480174,86.00942025490833,2519500
2017-12-11,85.90390014648438,86.04999546750832,85.87955195836646,86.00941721808393,702200
2017-12-12,85.83085632324219,85.83897445012373,85.70910918928493,85.82273819636065,2557500
2017-12-13,86.17988586425781,86.21235218865698,85.86334694176362,85.9526277857818,1477800
2017-12-14,86.14736938476562,86.2204201202131,85.92011143859943,86.02562228722957,982100
2017-12-15,86.13115692138672,86.17173516731087,85.96882536074247,86.01752792509369,1845200
2017-12-18,85.9364242553711,86.08251967464712,85.90395791860747,86.05817147015455,1610300
2017-12-19,85.54676055908203,85.73343408041558,85.42501345820833,85.72532214805483,4535100
2017-12-20,85.29515838623047,85.45748993749102,85.25458014265196,85.30327651187237,3027000
2017-12-21,85.3553237915039,85.36345460651874,85.24964800428964,85.3065513054042,2098800
2017-12-22,85.38784790039062,85.38784790039062,85.31468296320486,85.34720002395463,696900
2017-12-26,85.42036437988281,85.51790935947315,85.37971650372342,85.39597813498523,2584800
2017-12-27,85.78619384765625,85.8187109170508,85.54232513019242,85.54232513019242,2291500
2017-12-28,85.68049621582031,85.74553033805661,85.63171752314547,85.70488246116011,1540500
2017-12-29,85.81871032714844,85.87561364769853,85.72928993742731,85.73742075521926,1849600
2018-01-02,85.53417205810547,85.73739903744824,85.42849005957028,85.71301279224635,3902000
2018-01-03,85.62358093261719,85.68861504575673,85.53416057754892,85.63983635990488,2135900
2018-01-04,85.58293151855469,85.59106233304915,85.37157375565864,85.43660786762578,2430000
2018-01-05,85.47730255126953,85.61549546338779,85.40413758473785,85.58297838959567,2163600
2018-01-08,85.43659973144531,85.53415089010615,85.36344101394495,85.51788926266583,2450600
2018-01-09,85.03013610839844,85.29026629962671,85.0138806848186,85.29026629962671,5924200
2018-01-10,85.00577545166016,85.04642332583083,84.72938975368308,84.77816224109202,2142500
2018-01-11,85.06268310546875,85.13584804231955,84.88384237316139,84.96513192366606,1798700
2018-01-12,85.00577545166016,85.03829251059773,84.86758260267162,84.88383803114299,1430700
2018-01-16,85.04640197753906,85.16020855425548,84.93259540082263,85.14394692787126,5927500
2018-01-17,84.85945892333984,85.05455509137622,84.80255561591277,84.91636223076692,2186100
2018-01-18,84.59123992919922,84.71317742067593,84.52621197547695,84.63188782702427,3326100
2018-01-19,84.37168884277344,84.5423987113167,84.32291636661634,84.5423987113167,2921600
2018-01-22,84.33917999267578,84.50175906367129,84.27414588347997,84.43673115646949,8047400
2018-01-23,84.58305358886719,84.63182606906801,84.46111618637124,84.53427490667245,1780100
2018-01-24,84.42047119140625,84.50176072850554,84.32292622768473,84.43673282002258,1952200
2018-01-25,84.60742950439453,84.61555411544062,84.23349273050034,84.33103767899864,3342000
2018-01-26,84.35543060302734,84.5098850530509,84.26601646048039,84.5098850530509,3324500
2018-01-29,84.14410400390625,84.17662106628592,83.98151869200787,84.13597318781245,2328200
2018-01-30,83.948974609375,84.11969068241962,83.90833294597816,84.07091200355251,2346900
2018-01-31,83.97341918945312,84.1278675294487,83.74579968472769,84.08722584081715,2966400
2018-02-01,83.54019165039062,83.94730760016066,83.51576568733985,83.94730760016066,8958300
2018-02-02,83.23080444335938,83.35294049811912,83.14123841734208,83.28780044063421,5753500
2018-02-05,83.91471862792969,84.11827655684439,83.12491286980541,83.25519292611642,6902000
2018-02-06,83.5483627319336,83.89848281046368,83.5483627319336,83.82519868551168,5382900
2018-02-07,83.30406951904297,83.6786154737495,83.20636565996108,83.6623335679348,4773700
2018-02-08,83.37733459472656,83.48318248860464,82.96207465212035,83.07606660309533,5685300
2018-02-09,83.23080444335938,83.71119839009049,83.14123841734208,83.14123841734208,4376900
2018-02-12,83.20636749267578,83.3447854374885,83.11680147848003,83.23079345798426,2836300
2018-02-13,83.34476470947266,83.36919066870635,83.19820274197507,83.27148061967614,2698100
2018-02-14,82.84001159667969,83.1005657443775,82.7504455260241,83.1005657443775,4141900
2018-02-15,82.86441040039062,83.019116510257,82.83998442769568,82.85627255089155,3057300
2018-02-16,83.05980682373047,83.19822477076795,83.0190927394973,83.12494066156765,2277800
2018-02-20,82.97024536132812,83.01909729541117,82.82368334698158,82.89696124810615,2138300
2018-02-21,82.72600555419922,83.05169973676335,82.6201575850083,83.05169973676335,2253900
2018-02-22,82.84001159667969,82.94586579587313,82.80744155170484,82.85629972521755,4411800
2018-02-23,83.15751647949219,83.22265653396425,83.03538664247894,83.05981260988159,4484700
2018-02-26,83.25520324707031,83.41804712555145,83.21448917140214,83.34476924386367,2725600
2018-02-27,82.99469757080078,83.32039172923092,82.8399914478241,83.28782169217797,3308900
2018-02-28,83.19010162353516,83.2063897461617,83.02725766986147,83.0923977361704,2521400
2018-03-01,83.54806518554688,83.67854831673324,83.20555629884987,83.31157539838333,5352600
2018-03-02,83.23816680908203,83.45019876020358,83.18923875181451,83.44204201006654,2140800
2018-03-05,83.1321792602539,83.46653145636293,83.03431689413993,83.46653145636293,2059300
2018-03-06,83.12403106689453,83.30344231235445,83.11587431343365,83.15665185895814,2331300
2018-03-07,83.12403106689453,83.36052714302079,83.11587431343365,83.31159906581533,1258100
2018-03-08,83.29527282714844,83.37682168395271,83.19741046591594,83.23818800520755,1636700
2018-03-09,83.11583709716797,83.18107865208238,82.99351073714772,83.09137306951934,1604500
2018-03-12,83.3116455078125,83.31979604403698,83.1322341623399,83.1811622668203,1885700
2018-03-13,83.45024108886719,83.4910124166782,83.28713711228154,83.44208433459276,1742100
2018-03-14,83.61331176757812,83.71933087347227,83.38497249608075,83.40127977756835,2598900
2018-03-15,83.58068084716797,83.6866999402054,83.49913200606224,83.59699434845577,2758000
2018-03-16,83.48283386230469,83.49914114359927,83.3768147576653,83.47467711076817,3595300
2018-03-19,83.40129089355469,83.55623808634198,83.29527799530932,83.30343474802953,2825000
2018-03-20,83.23816680908203,83.31156511676069,83.21370278044827,83.25447408757874,2600600
2018-03-21,83.29527282714844,83.36051440130345,82.92014310842562,83.13217511353989,3365600
2018-03-22,83.63777160644531,83.8090260514803,83.49913794452816,83.60515082332748,5026500
2018-03-23,83.751953125,83.7927306651302,83.55623462028908,83.55623462028908,2519000
2018-03-26,83.52363586425781,83.71120388784232,83.49917182243826,83.60518474424993,4184900
2018-03-27,83.99658966064453,84.03736719288027,83.60514650522626,83.61330325602897,3495900
2018-03-28,83.98030853271484,84.20864785207408,83.90691019618947,84.16787030714,2762500
2018-03-29,84.15154266357422,84.24939879289408,84.00475224781609,84.00475224781609,2572100
2018-04-02,84.23738098144531,84.41709086770356,84.04949424861967,84.09034108734124,2748800
2018-04-03,83.96775817871094,84.13930358376683,83.93508197312663,84.10662737818252,4229600
2018-04-04,83.91876220703125,84.13931884429195,83.87791538455515,84.13931884429195,2216900
2018-04-05,83.70635986328125,83.82072347361547,83.67368365570728,83.7880472660415,1789300
2018-04-06,84.0739974975586,84.10667372114757,83.8616113927588,83.97597505914403,2651200
2018-04-09,84.09031677246094,84.09031677246094,83.85341888755094,83.92693569716917,2071100
2018-04-10,83.94327545166016,84.0331334834102,83.87792302268727,83.9841160455052,1622400
2018-04-11,84.02494049072266,84.13930409478785,83.94325309244023,84.10662788900507,2520600
2018-04-12,83.72267150878906,83.91872869957162,83.69816591802815,83.91055809186878,2188600
2018-04-13,83.7962417602539,83.83708235710006,83.64920190043532,83.64920190043532,2937700
2018-04-16,83.7553482055664,83.77168942106931,83.5756322291203,83.59197344462319,1637400
2018-04-17,83.80435943603516,83.86154745798089,83.68183148143044,83.71450768010757,1301800
2018-04-18,83.4776382446289,83.73087107988444,83.4776382446289,83.63284245058402,2127600
2018-04-19,83.24890899658203,83.33876078083193,83.15088036965085,83.28157897320948,3181500
2018-04-20,82.97116088867188,83.191717499665,82.97116088867188,83.14270630441084,2309400
2018-04-23,82.88947296142578,82.9384841563699,82.78327372924777,82.89764357136623,5022800
2018-04-24,82.79146575927734,82.87315318276843,82.71794894784064,82.7751307675195,3178800
2018-04-25,82.61174011230469,82.70976874854162,82.55455829925403,82.66075754659825,3295800
2018-04-26,82.8486328125,82.8813090225426,82.75877479297029,82.8077922242091,1989500
2018-04-27,82.98747253417969,83.03648994799595,82.91395576197671,82.92212636967068,2409300
2018-04-30,83.07730865478516,83.16716661872435,83.01196250747607,83.02829748621686,3504400
2018-05-01,82.94725799560547,83.07002282495067,82.91452029150818,83.07002282495067,1894000
2018-05-02,82.96355438232422,83.07813312023376,82.90626501336945,82.9799200974229,3852600
2018-05-03,83.17642211914062,83.29100097031174,83.11913269355507,83.13550466891041,6026900
2018-05-04,83.18460083007812,83.30736565818782,83.06183600196843,83.27462795442,2370500
2018-05-07,83.14364624023438,83.20094188359387,83.10272880878986,83.17638393183572,1854900
2018-05-08,83.00452423095703,83.08636534630014,82.92268311561392,83.0127102157144,1654600
2018-05-09,82.81629180908203,82.90631891083378,82.79174009843645,82.81629180908203,2838400
2018-05-10,82.98816680908203,83.05364220553855,82.90632568555012,83.01271852173386,4183700
2018-05-11,82.99634552001953,83.04544894101926,82.90631841880207,83.04544894101926,2816300
2018-05-14,82.81629180908203,82.88994694101875,82.80810582417452,82.86539523037317,4762000
2018-05-15,82.35797882080078,82.49711560228977,82.24339999657052,82.49711560228977,6812500
2018-05-16,82.18609619140625,82.41525379973496,82.18609619140625,82.25157157780774,4784200
2018-05-17,82.13700866699219,82.26795322105616,82.11245695336005,82.21884979379189,1702300
2018-05-18,82.4561767578125,82.50528017514692,82.29249453731343,82.29249453731343,2642300
2018-05-21,82.51347351074219,82.52165949571939,82.36615700153762,82.41526042324679,2845100
2018-05-22,82.4807357788086,82.52165945959968,82.40708064627705,82.51347347462605,1977000
2018-05-23,82.85719299316406,82.90630264889941,82.7180624974114,82.73442821993935,5102500
2018-05-24,83.07000732421875,83.18458614513975,83.01271791375825,83.04545561174673,2994100
2018-05-25,83.39736938476562,83.40555536943057,83.28279057576347,83.32370801093465,2838400
2018-05-29,84.297607421875,84.46128959885066,83.67560391003283,83.7656309805919,11256200
2018-05-30,83.93749237060547,84.06844309688549,83.7901759255776,83.94567835201654,4512200
2018-05-31,83.89659118652344,84.08482508688321,83.757454451908,83.94569459634329,5321700
2018-06-01,83.58663940429688,83.71784249124492,83.455430060943,83.52103473261994,7891000
2018-06-04,83.29138946533203,83.50460143004265,83.29138946533203,83.49639928544522,3131800
2018-06-05,83.50458526611328,83.61939024264169,83.41438046221211,83.51278115272103,4305500
2018-06-06,83.16838836669922,83.30779355297145,83.11918800834516,83.28319337379442,3910500
2018-06-07,83.52105712890625,83.75066728493998,83.14383955022119,83.16843974459516,4400400
2018-06-08,83.4062271118164,83.52923430331371,83.38162692479807,83.43082729883474,7342800
2018-06-11,83.3242416381836,83.34884183029037,83.24223891235873,83.25863695496092,1875800
2018-06-12,83.27503204345703,83.31603027363145,83.19302307029571,83.20942736749048,1664800
2018-06-13,83.17660522460938,83.35701491235757,82.95519731644872,83.29961239865631,3294700
2018-06-14,83.4389877319336,83.44718987564099,83.26678025249348,83.33238488934758,3626400
2018-06-15,83.50458526611328,83.72599307616035,83.47998509348605,83.61939024264169,5826500
2018-06-18,83.54560089111328,83.627609825509,83.48000250256132,83.61120553606854,4600500
2018-06-19,83.76704406738281,83.87364696011936,83.71783743839208,83.79164425367544,4172800
2018-06-20,83.49640655517578,83.75061675220027,83.48820440986422,83.73421871798091,3059000
2018-06-21,83.71783447265625,83.7834391380495,83.62763587824709,83.62763587824709,2680500
2018-06-22,83.7342300415039,83.77523451720305,83.60302072439035,83.61122287081109,2309500
2018-06-25,83.84905242919922,83.97205962536431,83.81625009312813,83.82445224124739,8110800
2018-06-26,83.89002990722656,83.9392302672915,83.81622311072529,83.86542347079022,3873200
2018-06-27,84.20982360839844,84.24262592567031,84.03761613502284,84.10321451316429,3044200
2018-06-28,84.12786865234375,84.2262756672843,84.06227023212303,84.20167547765074,3705600
2018-06-29,84.06224060058594,84.20164579697398,84.0540384547972,84.1196431082989,2721200
2018-07-02,84.0047378540039,84.16904779247517,83.98009199003546,84.14440192850671,3911500
2018-07-03,84.21834564208984,84.21834564208984,84.02938357195612,84.03760094927212,1463800
2018-07-05,84.22657012939453,84.32515986877875,84.17727839371409,84.19371315095647,1682300
2018-07-06,84.30049133300781,84.38264629305864,84.2265474813469,84.3251371942209,3206500
2018-07-09,84.08687591552734,84.16081976058686,84.07044743219251,84.10331066688329,2258800
2018-07-10,84.02117156982422,84.09511543435394,83.97187983881956,84.00474308216359,4461100
2018-07-11,84.1937026977539,84.21834856253417,84.06224972822902,84.177267942552,2198700
2018-07-12,84.16082763671875,84.193690874485,84.07045529986698,84.08688378473926,1385900
2018-07-13,84.30049133300781,84.3251371942209,84.1936905117439,84.25119961058165,2891800
2018-07-16,84.16082763671875,84.193690874485,84.01294620078146,84.1197470225055,1782600
2018-07-17,84.11154174804688,84.21013147553076,84.08689588318155,84.21013147553076,1034700
2018-07-18,84.04581451416016,84.16904382819843,84.02116238333042,84.15261534233402,1355300
2018-07-19,84.27582550048828,84.34976306660613,84.08686349593123,84.10329824485976,4201700
2018-07-20,83.98007202148438,84.17724515437106,83.94720878799978,84.17724515437106,3362700
2018-07-23,83.56932067871094,83.88972948393024,83.55288592212256,83.88151210563605,5285700
2018-07-24,83.6268081665039,83.66788251130764,83.49535521988037,83.5528643170228,3293800
2018-07-25,83.56932067871094,83.78292863819817,83.520028944992,83.72541952618505,2403800
2018-07-26,83.47895050048828,83.69255846555106,83.46251574347092,83.65147784103092,2598200
2018-07-27,83.6103515625,83.66786064461236,83.53641400036405,83.66786064461236,1435100
2018-07-30,83.50362396240234,83.60221373301643,83.43789744865961,83.4461148298838,3832700
2018-07-31,83.61860656738281,83.65968718795908,83.56109745938964,83.63504132282239,3053600
2018-08-01,83.42103576660156,83.47866438026468,83.29756382407578,83.35518615737558,5366800
2018-08-02,83.51982116699219,83.53628827987993,83.40457649823173,83.4786659454997,3370800
2018-08-03,83.7338638305664,83.75855822371017,83.57745763350329,83.58569119133936,2174800
2018-08-06,83.77496337890625,83.92313591965203,83.76673610690281,83.79143048363373,3867200
2018-08-07,83.60212707519531,83.72560528442592,83.58566624480044,83.72560528442592,2181400
2018-08-08,83.67626190185547,83.72565070019292,83.61863954367311,83.62686682315201,2777900
2018-08-09,83.90672302246094,83.90672302246094,83.79147834498252,83.80793917875205,4318000
2018-08-10,84.26888275146484,84.37589381928136,84.10424309286927,84.1289374715684,4327800
2018-08-13,84.24419403076172,84.34297783991785,84.15365005615406,84.21949964856312,1764700
2018-08-14,84.16187286376953,84.23596228679536,84.12071765574306,84.22772873304551,2487600
2018-08-15,84.36766815185547,84.52407427204987,84.31827938984098,84.34297377084822,4810700
2018-08-16,84.343017578125,84.39240636579173,84.19484493476013,84.38417908809038,2594400
2018-08-17,84.37592315673828,84.49116781764528,84.29360643899943,84.41708465578921,3043400
2018-08-20,84.63935089111328,84.67227883835442,84.5241062159512,84.54056704938988,2901100
2018-08-21,84.52404022216797,84.56520169417271,84.46641792957665,84.56520169417271,2516700
2018-08-22,84.68052673339844,84.75460991696197,84.59820371117475,84.75460991696197,2396500
2018-08-23,84.6722640991211,84.74634725724486,84.64756971307983,84.7134255960983,871000
2018-08-24,84.69697570800781,84.71344282229231,84.49118074199937,84.5241086902044,1296600
2018-08-27,84.5076675415039,84.60644512876428,84.49120042338356,84.58175073194919,1851900
2018-08-28,84.3183364868164,84.39241968000428,84.28540852972213,84.35949800327566,1506300
2018-08-29,84.29365539550781,84.35127775942753,84.21133862996061,84.34304419876281,1420400
2018-08-30,84.45002746582031,84.5241169265922,84.38417784335755,84.40887223682665,2780900
2018-08-31,84.46648406982422,84.64758463987906,84.45825051290433,84.63935108295918,2132200
2018-09-04,84.27351379394531,84.39724048364698,84.23227575937865,84.34775232496665,3419500
2018-09-05,84.26522064208984,84.32295889108944,84.17448820894805,84.256970522805,1332300
2018-09-06,84.43840026855469,84.50438231639798,84.30642358687899,84.31467370273235,1656700
2018-09-07,84.05903625488281,84.1662626649056,84.0260420611068,84.14151859282335,4405000
2018-09-10,84.1084976196289,84.14149180289985,84.042509253087,84.042509253087,3110800
2018-09-11,83.8033218383789,83.96829278562855,83.8033218383789,83.94354242379248,3360500
2018-09-12,83.90230560302734,83.97653781059948,83.90230560302734,83.93529979294772,1398800
2018-09-13,83.89405822753906,84.01778487053954,83.87756427853829,84.01778487053954,1281600
2018-09-14,83.73731994628906,83.8198085531013,83.68783181659944,83.72907612000557,3749900
2018-09-17,83.75386810302734,83.78686230602982,83.62189129101748,83.6466416630199,3808400
2018-09-18,83.4073715209961,83.65481840556907,83.38262116884265,83.6465745811803,4972900
2018-09-19,83.26715850830078,83.36614105434484,83.14343819199165,83.35789093559198,5515900
2018-09-20,83.2754135131836,83.35789582656153,83.14344307037832,83.168187135092,2973500
2018-09-21,83.30838775634766,83.35787587392946,83.22590546271277,83.22590546271277,1024100
2018-09-24,83.21763610839844,83.31661861367633,83.17639182461744,83.18464193997248,2389800
2018-09-25,83.13517761230469,83.15167155473821,83.04444519643039,83.1186773768752,2878300
2018-09-26,83.4073715209961,83.42386546276934,83.17641228520066,83.21765657912734,2502900
2018-09-27,83.4073715209961,83.43211558015382,83.30013887398499,83.34963328529616,6342800
2018-09-28,83.44863891601562,83.55587160079854,83.41564472785149,83.54762148050803,3931000
2018-10-01,83.23704528808594,83.38581595326308,83.23704528808594,83.33622783344138,6408000
2018-10-02,83.45195770263672,83.5098126249012,83.3610419239763,83.3610419239763,2915000
2018-10-03,82.83203125,83.30313713664029,82.72458195460372,83.29487035106138,6612700
2018-10-04,82.61720275878906,82.7577066935731,82.55108103452079,82.63373634271348,6427500
2018-10-05,82.41879272460938,82.57583014582613,82.3196101997813,82.50144167577739,5676600
2018-10-08,82.45186614990234,82.53451511368412,82.43533257371895,82.50145426702906,1947800
2018-10-09,82.60891723632812,82.60891723632812,82.45188605893914,82.47668012348933,3066300
2018-10-10,82.65023040771484,82.67502446792321,82.37748313399847,82.41054398284702,3001900
2018-10-11,82.98910522460938,83.10481505087343,82.72461841519143,82.83206775794562,5821500
2018-10-12,82.88990783691406,83.08826660276618,82.84858020391044,82.88990783691406,2647900
2018-10-15,82.93950653076172,83.01389501851408,82.86512434872164,82.97256738023918,1860000
2018-10-16,82.93122863769531,82.93949542538584,82.81551883287356,82.87337373528443,2703900
2018-10-17,82.69154357910156,82.99734534245721,82.69154357910156,82.91469638765058,3336200
2018-10-18,82.84029388427734,82.98079770352864,82.60886803963406,82.65019565974774,2587700
2018-10-19,82.74112701416016,82.84857001876479,82.67500533176775,82.83204275102204,5531900
2018-10-22,82.7576675415039,82.86511686903499,82.74940705916437,82.8320560225417,1690100
2018-10-23,82.9725570678711,83.30315921584406,82.93122943473266,83.18744940991024,4420100
2018-10-24,83.41889190673828,83.44368597113869,83.1461445869073,83.203999505746,4881200
2018-10-25,83.22052001953125,83.32796305030136,83.14613153229638,83.27010814054634,3559900
2018-10-26,83.59242248535156,83.72466584903522,83.5097735359046,83.53456759016763,4220800
2018-10-29,83.58416748046875,83.67508322938882,83.35274786711277,83.48499124943706,3766900
2018-10-30,83.40232849121094,83.5262987594923,83.36926765109907,83.42712254486722,5746600
2018-10-31,83.19569396972656,83.26180933708747,83.10477824568177,83.1543663476299,3956700
2018-11-01,83.26692962646484,83.30006156179414,83.1012762690889,83.12612364076824,4834300
2018-11-02,82.80311584472656,83.09301245215129,82.76998390112487,83.06816507426804,5250900
2018-11-05,82.85283660888672,82.99364267394039,82.85283660888672,82.96051703921229,2446700
2018-11-06,82.76171112060547,82.91080172840742,82.7534328729803,82.91080172840742,2456700
2018-11-07,82.76171112060547,82.96878105814858,82.7534328729803,82.90251716150927,3297600
2018-11-08,82.64573669433594,82.8445220270575,82.62088931765472,82.82795921569395,2188900
2018-11-09,82.96878814697266,83.01020466572909,82.76171819173756,82.77000275934355,2772700
2018-11-12,83.21726989746094,83.25040184673077,83.10131123465311,83.14272143178552,3704900
2018-11-13,83.28351593017578,83.30836330697964,83.11785621936362,83.17583553832992,3265000
2018-11-14,83.45745849609375,83.62311189678246,83.15099275362026,83.18412469761243,4626400
2018-11-15,83.51538848876953,83.70588915511253,83.41599271550245,83.66447898903591,2621300
2018-11-16,83.77217864990234,83.80531058446768,83.63965723091135,83.70591478077166,7226700
2018-11-19,83.89645385742188,83.92130123801533,83.70594674075076,83.70594674075076,3447800
2018-11-20,83.87985229492188,84.00409546912758,83.846726679786,83.92126879274723,3658600
2018-11-21,83.86328887939453,83.86328887939453,83.71419833528257,83.80530957442156,1897000
2018-11-23,83.9129867553711,84.04551449698543,83.9129867553711,84.03722993331691,531200
2018-11-26,83.84675598144531,83.84675598144531,83.76392295684722,83.81362403546059,2345600
2018-11-27,83.9295883178711,83.98756764741624,83.8136296587808,83.82190790637797,2334400
2018-11-28,83.92127990722656,84.03723853337061,83.79703671656617,83.86330059415454,3582500
2018-11-29,84.13663482666016,84.26087801802478,84.0372390097142,84.14491307195223,4313000
2018-11-30,84.30227661132812,84.33540854575469,84.20288712731875,84.26086643274766,3069700
2018-12-03,84.486572265625,84.486572265625,84.17117129182719,84.19607053548718,6008500
2018-12-04,84.87665557861328,85.04265471550076,84.61105316011661,84.63595239740361,7748800
2018-12-06,85.09245300292969,85.4659605587968,85.07585562226191,85.20035814088428,9429900
2018-12-07,85.34147644042969,85.3746775413848,84.95967327813968,85.0675721068969,7319100
2018-12-10,85.39126586914062,85.524070258876,85.25016595439315,85.35806477170678,9045700
2018-12-11,85.17545318603516,85.36635154697527,85.07584991133116,85.1920505655888,5290100
2018-12-12,84.94304656982422,85.0758509376984,84.91814733396302,85.03434798962252,3727200
2018-12-13,84.99283599853516,85.07583554721124,84.94303120336178,85.04263446124888,4116000
2018-12-14,85.12568664550781,85.25849107147394,85.09248553901628,85.13398850524659,3530000
2018-12-17,85.37467193603516,85.43277227577634,85.2003709168116,85.20867277462092,7627000
2018-12-18,85.58511352539062,85.62669626431445,85.40213170643636,85.46035261741241,4461400
2018-12-19,85.88453674316406,86.06751856121681,85.48530310872138,85.67660401275927,7710900
2018-12-20,85.77638244628906,86.05917417622038,85.74311245773235,86.04253600914129,9245200
2018-12-21,85.85125732421875,85.85957640929101,85.71817734547318,85.83461915407423,4918800
2018-12-24,86.06752014160156,86.07583288213598,85.88453832018887,85.98434197142964,6373000
2018-12-26,85.65996551513672,86.18396005495087,85.62669551692603,86.05919914806162,5477700
2018-12-27,85.8761978149414,86.1922532077129,85.85956599241739,86.02590960006513,4602100
2018-12-28,86.34195709228516,86.35027617558688,85.99263174082807,86.01758264513197,4543100
2018-12-31,86.66635131835938,87.04895309034042,86.19226499158596,86.24217315718504,7227500
2019-01-02,86.84932708740234,86.85764617202487,86.64971347567756,86.75783619336134,18668600
2019-01-03,87.53972625732422,87.59794719911052,86.86602588156747,86.88265771681782,10616700
2019-01-04,86.83265686035156,86.9906813246766,86.7245278448876,86.95741769210254,6616700
2019-01-07,86.59149932861328,86.9740947582623,86.5582293331304,86.93250567750799,5459200
2019-01-08,86.37525177001953,86.57486540711098,86.37525177001953,86.50001267280285,6879500
2019-01-09,86.42512512207031,86.4916587438956,86.3086770062748,86.36689789137229,3248700
2019-01-10,86.38359069824219,86.61647438594339,86.32536977631689,86.5582534640181,14413000
2019-01-11,86.64137268066406,86.7162317323043,86.55820089208659,86.61642177865089,3825700
2019-01-14,86.59149932861328,86.74121113548489,86.54159750819035,86.67467114451911,3090100
2019-01-15,86.50833129882812,86.74121493179793,86.47506130188914,86.74121493179793,4148000
2019-01-16,86.45842742919922,86.50001651384146,86.34198560692501,86.40852560411123,4820800
2019-01-17,86.30038452148438,86.45840904920335,86.23384453844372,86.41682631900449,5328100
2019-01-18,86.02590942382812,86.26711209634455,85.9593694426646,86.17562120864515,6617500
2019-01-22,86.3253173828125,86.42512733650867,86.22550742911635,86.26709649622326,5814400
2019-01-23,86.28376770019531,86.37525861311126,86.15069404679261,86.17564496020539,3507300
2019-01-24,86.55821990966797,86.64971080088473,86.48336718718268,86.54990082530223,6030700
2019-01-25,86.3586196899414,86.45011059533952,86.2754478701985,86.40852151266652,2763300
2019-01-28,86.38359069824219,86.48340071251609,86.32536977631689,86.32536977631689,3116100
2019-01-29,86.63307189941406,86.63307189941406,86.441771048245,86.45009013193102,2836700
2019-01-30,86.83265686035156,86.85760775758186,86.46669344604189,86.54155248333227,5788300
2019-01-31,87.23194122314453,87.27353030958754,87.0073766549218,87.03232756854614,10206500
2019-02-01,86.76517486572266,87.09023121285395,86.75683829404362,87.0735644284369,9191900
2019-02-04,86.57344818115234,86.65679479219114,86.52343512737802,86.65679479219114,7283500
2019-02-05,86.72351837158203,86.83186838469487,86.67350529257901,86.68184186556985,3331100
2019-02-06,86.79020690917969,86.92356666436055,86.74020018045843,86.91523008992596,3489800
2019-02-07,87.07359313964844,87.1402730171854,86.97357332334299,87.03191662645206,6937400
2019-02-08,87.19026184082031,87.29028163658609,87.17358869538845,87.20692862731036,2602700
2019-02-11,87.0568618774414,87.13187827933032,86.99018840335432,87.0568618774414,2637200
2019-02-12,86.94023132324219,87.00691119919819,86.86522123199892,86.99857462496794,3305300
2019-02-13,86.72351837158203,86.82353181170403,86.68184186556985,86.74018515862168,3772100
2019-02-14,87.13190460205078,87.19858445522085,87.02355460985501,87.1902478838394,10568700
2019-02-15,87.04856872558594,87.07357208388031,86.96521571934926,86.97355229176124,6879000
2019-02-19,87.19855499267578,87.2652284643775,87.14021173060011,87.20688520230183,8557400
2019-02-20,87.18190002441406,87.2652466506148,87.1152201798775,87.19857316501819,4751100
2019-02-21,86.9235610961914,86.96523124780876,86.86521779677292,86.93189767009196,4140200
2019-02-22,87.18190002441406,87.28191979121893,87.06521347594506,87.09855339821334,3351000
2019-02-25,87.04856872558594,87.09857544217469,86.98188886417323,87.04023215317396,2849600
2019-02-26,87.30694580078125,87.3402857317018,87.1819226495646,87.30694580078125,2647700
2019-02-27,86.99856567382812,87.16526534656666,86.93189216367502,87.15692877319415,2530600
2019-02-28,86.77351379394531,86.97354700708749,86.7318372933593,86.96521043518204,4949900
2019-03-01,86.48876190185547,86.72258200252915,86.48876190185547,86.63072319567593,9003000
2019-03-04,86.75596618652344,86.8060686621728,86.56390244912185,86.62235746108561,3506600
2019-03-05,86.80609893798828,86.81445147721583,86.59733005514452,86.65578508749594,2112200
2019-03-06,87.04828643798828,87.0900427701198,86.83951751957427,86.83951751957427,2401600
2019-03-07,87.3405532836914,87.407360860254,87.20694450168739,87.21529704153801,4822900
2019-03-08,87.46578979492188,87.54094988890537,87.33218105279015,87.42403985037039,5212000
2019-03-11,87.39900207519531,87.45745710346912,87.32384196963172,87.45745710346912,4654100
2019-03-12,87.64117431640625,87.68293064135041,87.43240543392685,87.46580921965803,4942800
2019-03-13,87.6077880859375,87.6328393356538,87.51592925623007,87.54932667510414,1715000
2019-03-14,87.48251342773438,87.60777603019993,87.39065461066767,87.56601970567121,2514700
2019-03-15,87.75804901123047,87.82485655576698,87.65784406554381,87.74970284650199,7846600
2019-03-18,87.64117431640625,87.74973821281277,87.63282814831396,87.67457810213743,4166200
2019-03-19,87.58270263671875,87.67456143723912,87.47414513206716,87.49919637382374,2138000
2019-03-20,88.19229888916016,88.21735012762971,87.69125500641312,87.70795370835327,8061700
2019-03-21,88.15055847167969,88.30922483875351,88.08375728075578,88.29252613380247,4633500
2019-03-22,88.80189514160156,88.94386276994028,88.5513764002334,88.59312633823562,4721900
2019-03-25,89.0273666381836,89.23613543597108,88.72673905968017,88.80189276874698,7828800
2019-03-26,88.95223999023438,89.09420766813743,88.801926144488,88.84368246818663,7483700
2019-03-27,89.21112823486328,89.41989713570058,89.14432065752625,89.1944231549684,3555900
2019-03-28,89.2194595336914,89.27792093245861,89.06915206641634,89.1860621217104,3769600
2019-03-29,89.07750701904297,89.08585955842207,88.88544321116925,88.91049445818575,2748900
2019-04-01,88.46497344970703,88.80805222127161,88.43150126006239,88.78294967507998,9430400
2019-04-02,88.61560821533203,88.63234112054508,88.49845872633566,88.54866382614316,7318600
2019-04-03,88.33943176269531,88.43984830597147,88.2975899402888,88.33943176269531,5207300
2019-04-04,88.4314956665039,88.46496785403133,88.32271584516504,88.38129057729628,2293700
2019-04-05,88.47334289550781,88.53191763121322,88.35618703992962,88.36455668336393,1749900
2019-04-08,88.33108520507812,88.49844615427509,88.33108520507812,88.45660432093399,3591500
2019-04-09,88.49007415771484,88.5988539836747,88.46497161204466,88.54864889233434,3210600
2019-04-10,88.69925689697266,88.75783162257571,88.62394927155428,88.63231252937881,2059800
2019-04-11,88.49839782714844,88.59044470290003,88.4649256555875,88.5569725313391,1547500
2019-04-12,88.08840942382812,88.23903107372236,88.08840942382812,88.18882598514658,6032100
2019-04-15,88.2055435180664,88.21390677465527,88.10512698151207,88.10512698151207,2410700
2019-04-16,87.9042739868164,88.07162844682671,87.88753471031731,88.0214233856563,5003600
2019-04-17,87.92102813720703,88.01307502771736,87.86245342362454,87.86245342362454,2348800
2019-04-18,88.13023376464844,88.24738320418865,88.10513122534205,88.13860340580577,4893200
2019-04-22,88.00469970703125,88.08837695186729,87.96286427669551,88.08001369629888,3630000
2019-04-23,88.16375732421875,88.18885987815413,88.09681292427818,88.13028512424847,2462100
2019-04-24,88.49839782714844,88.50676108191571,88.39798131246563,88.41472059032807,3266700
2019-04-25,88.3896255493164,88.52351425657858,88.35615337250087,88.47330918343773,1457600
2019-04-26,88.6239242553711,88.69086221990385,88.57371280176592,88.67412932481177,2156100
2019-04-29,88.43990325927734,88.50684127888852,88.37295885549645,88.46500581465274,2715000
2019-04-30,88.61560821533203,88.64071076523578,88.3813092373393,88.38967249786164,3621900
2019-05-01,88.57536315917969,88.9694423815345,88.4999044469711,88.62566896731873,6870700
2019-05-02,88.32378387451172,88.51663338556594,88.26509165757729,88.48309406203599,3126200
2019-05-03,88.44117736816406,88.55856180556718,88.39925161324635,88.42440450740816,2625200
2019-05-06,88.6675796508789,88.81011701433482,88.65081318334377,88.77657768229105,3370100
2019-05-07,88.96940612792969,89.03648477609802,88.84363526185707,88.88556101620527,3965800
2019-05-08,88.80169677734375,89.0867713751985,88.75977103202601,89.05323205833842,4226600
2019-05-09,89.03650665283203,89.2377362498082,88.91912218818148,89.12873821748227,4224100
2019-05-10,88.97779083251953,89.22932616281439,88.91909861575354,89.07840240584873,2855400
2019-05-13,89.42216491699219,89.4976235879124,89.31316052970155,89.35508627819351,5653400
2019-05-14,89.33829498291016,89.39698717630111,89.24606347944305,89.35506143946358,2573200
2019-05-15,89.62342834472656,89.69050700890392,89.49765744863738,89.66535410908078,5512300
2019-05-16,89.44734191894531,89.4808812473856,89.338343899244,89.4221890218583,3898400
2019-05-17,89.48925018310547,89.64017393309393,89.39701864716965,89.64017393309393,2128400
2019-05-20,89.33829498291016,89.58144378626601,89.32152212938742,89.50598513632163,2439600
2019-05-21,89.23772430419922,89.3131829940991,89.16225921732666,89.2796500632365,2675300
2019-05-22,89.50605773925781,89.54798351010346,89.35513391997775,89.38028682369534,3561900
2019-05-23,90.05104064941406,90.185191571584,89.72404018021932,89.72404018021932,6184500
2019-05-24,90.02587127685547,90.02587127685547,89.90848684257287,89.99233195320731,2422800
2019-05-28,90.41996002197266,90.41996002197266,90.16003821367501,90.23550330455134,7039000
2019-05-29,90.38643646240234,90.75535633247497,90.36966359736913,90.62958543262067,5251800
2019-05-30,90.71343231201172,90.75535167849772,90.31935316459783,90.43673762591601,3461100
2019-05-31,91.31710052490234,91.35063344940248,90.96494084793609,91.02363306126855,6020600
2019-06-03,91.75650024414062,91.8573089959851,91.37844819619795,91.4708604917278,23830900
2019-06-04,91.42042541503906,91.56324203853053,91.23560088604704,91.3700210560436,5503200
2019-06-05,91.42042541503906,91.68085648252428,91.3700210560436,91.5380398590328,7712300
2019-06-06,91.40367126464844,91.65569959366924,91.34486401359261,91.49608357480896,2392400
2019-06-07,91.764892578125,91.92450855339585,91.68927961341109,91.90770923318604,2805900
2019-06-10,91.31121063232422,91.47082656671527,91.30280776961744,91.454027250808,6071200
2019-06-11,91.31121063232422,91.37841430545959,91.21879837106853,91.25240341238936,2735800
2019-06-12,91.54644775390625,91.56324707132596,91.37002607821859,91.37842253217502,2062800
2019-06-13,91.77324676513672,91.8488596950253,91.61363086338073,91.63043017585322,1684700
2019-06-14,91.84048461914062,91.89088898131222,91.69766798664989,91.70607085018078,3880700
2019-06-17,91.82373046875,91.89093418153331,91.71451241764579,91.82373046875,3038800
2019-06-18,92.0000991821289,92.2437309278231,91.91608978246003,92.20172302323549,4564900
2019-06-19,92.25215911865234,92.32777209102191,91.74809613771991,91.80690337867023,4541500
2019-06-20,92.40337371826172,92.64700553475926,92.38657439724832,92.44538163505752,4575000
2019-06-21,92.02529907226562,92.21852004574771,91.94968612778982,92.18492141432088,4305200
2019-06-24,92.3445816040039,92.36138733727783,92.16815986168322,92.19336205208485,3046300
2019-06-25,92.48737335205078,92.60499422472654,92.36975888888254,92.43696898483797,5251000
2019-06-26,92.10930633544922,92.3697373847625,92.07570129529492,92.3697373847625,6675000
2019-06-27,92.38656616210938,92.43697053016481,92.14293436732864,92.21854091941181,2538400
2019-06-28,92.42855834960938,92.50417130357901,92.25213666968953,92.30254744217162,4341500
2019-07-01,92.31241607666016,92.46389991926641,92.15251468148931,92.42181857715471,8183600
2019-07-02,92.64063262939453,92.69954265759687,92.39657496378157,92.4134036486773,3117100
2019-07-03,92.8173828125,92.90995665125106,92.74163766228871,92.75005521691506,2607000
2019-07-05,92.22826385498047,92.27876275538546,92.01786996197717,92.27876275538546,3664100
2019-07-08,92.13571166992188,92.42184432973364,92.13571166992188,92.36293428678927,3254100
2019-07-09,92.07677459716797,92.15251330698574,92.01785815080582,92.14409575454668,2061800
2019-07-10,92.12727355957031,92.253511172203,92.01786463228986,92.16093735098647,4343700
2019-07-11,91.6728744506836,92.06841620021518,91.63079308216159,92.00950613671358,4769800
2019-07-12,91.77384948730469,91.87483448057195,91.6391942686627,91.66444051697952,4141900
2019-07-15,91.96733093261719,91.96733093261719,91.79060092243255,91.84951092582743,1753200
2019-07-16,91.76544952392578,91.79911333504019,91.58871933111172,91.67287564854001,2766100
2019-07-17,92.19462585449219,92.203036989067,91.9169043164014,91.92532187168963,2624400
2019-07-18,92.42182922363281,92.4807392569485,92.06836902373873,92.09361526362943,2386700
2019-07-19,92.2535171508789,92.34609097809486,92.16094332366295,92.22826449014647,1728100
2019-07-22,92.29558563232422,92.4049945590551,92.26192184107715,92.39657700606541,1629800
2019-07-23,92.14411926269531,92.28719200781552,92.08520922201505,92.19461816950187,2329800
2019-07-24,92.27880096435547,92.36295727226013,92.20305579274095,92.27038340735058,2268500
2019-07-25,92.118896484375,92.17780654006094,91.92533762457025,92.16938898333024,3172000
2019-07-26,92.10205841064453,92.16096846033024,92.00106700230594,92.15255090445689,3004100
2019-07-29,92.18618774414062,92.28717912294073,92.16935263731796,92.25351533000736,2505600
2019-07-30,92.22826385498047,92.29559144171242,92.11044378855559,92.26192764834644,2514800
2019-07-31,92.46392822265625,92.56491320149789,92.05996904514978,92.20303537898431,6669300
2019-08-01,93.5126953125,93.5126953125,92.56003492116201,92.60218427903845,16938700
2019-08-02,93.70662689208984,93.74877626073936,93.44527250534549,93.52958410678877,8503000
2019-08-05,94.51592254638672,94.59179523263434,94.22085137975319,94.27143317058493,7626200
2019-08-06,94.66767883300781,94.67611127590202,94.24614673726839,94.32201942710822,6462400
2019-08-07,94.66767883300781,95.49387813869826,94.5665088144854,95.32526787323022,9665300
2019-08-08,94.67607879638672,94.76881634020046,94.13651841350705,94.41472461288113,5178800
2019-08-09,94.53277587890625,94.92901703780976,94.47376164877608,94.743541905381,2869000
2019-08-12,95.13140106201172,95.24943601692425,94.853194647929,94.87848555538451,4739900
2019-08-13,94.79414367675781,95.17352000581829,94.5496542792481,95.14822910815687,5888000
2019-08-14,95.42645263671875,95.5107577824793,95.26626835732446,95.34214105888786,8124300
2019-08-15,96.03346252441406,96.25265462279066,95.5023278711027,95.55290967348644,5240200
2019-08-16,95.78056335449219,95.83114516886707,95.4096128968843,95.69625818651004,4957800
2019-08-19,95.32527160644531,95.48545586736175,95.27468981123783,95.29998070884157,3691400
2019-08-20,95.74683380126953,95.8227129499907,95.65409619287232,95.70467800397203,3161800
2019-08-21,95.49391174316406,95.74683366243909,95.4433299321377,95.49391174316406,4921700
2019-08-22,95.2831039428711,95.57818153031114,95.26624549059363,95.30840126939044,5860400
2019-08-23,95.92378997802734,96.05868326194859,95.27463373733728,95.37579726821242,8192600
2019-08-26,95.83108520507812,96.05028365033165,95.75521253099113,95.88167341987078,7581600
2019-08-27,96.24419403076172,96.2694849228668,95.94911647068723,95.94911647068723,3266900
2019-08-28,96.27793884277344,96.4381231153,96.21049858829862,96.40439977202756,2505400
2019-08-29,96.09243774414062,96.19360130782147,95.84794841179881,96.19360130782147,4232400
2019-08-30,96.11776733398438,96.1514906794783,95.89013635991797,95.9238597054119,3651100
2019-09-03,96.328857421875,96.64131417576785,96.01640066798215,96.16840578571303,11754000
2019-09-04,96.48088836669922,96.52311452735252,96.2275442883945,96.2275442883945,3447000
2019-09-05,95.70397186279297,95.94886940988016,95.4928539542151,95.92352984889271,4597800
2019-09-06,95.7630844116211,95.87286340443269,95.65329897600225,95.71241173256345,3111000
2019-09-09,95.17192840576172,95.37460618953212,95.16348833020895,95.30704692827531,4818700
2019-09-10,94.47950744628906,95.11286132834371,94.47950744628906,95.02841543263153,4797200
2019-09-11,94.38658905029297,94.55548723804061,94.36970245292174,94.39503557038212,4737000
2019-09-12,94.17544555664062,94.71591316776026,94.0318869681708,94.66524050380214,8612500
2019-09-13,93.31413269042969,93.91370688752077,93.31413269042969,93.8208144753002,24187700
2019-09-16,93.71947479248047,93.82080727599379,93.52524346106668,93.65191550826628,5388300
2019-09-17,93.96435546875,94.05724786350768,93.68568472728418,93.77013060175284,8211700
2019-09-18,93.99813842773438,94.41193418002105,93.90524602969512,94.21770286335511,5170400
2019-09-19,94.04035186767578,94.2345767152628,94.0065722327027,94.22613663862447,7131900
2019-09-20,94.58081817626953,94.59770477325166,94.14169578385761,94.19236201761098,9915000
2019-09-23,94.71598052978516,94.9862113061305,94.63152817739417,94.69908748218299,13163900
2019-09-24,95.18882751464844,95.27327337520343,94.75814525017,94.76659176906736,10459100
2019-09-25,94.56393432617188,95.16350839996169,94.49637505066698,95.07905608417703,8430900
2019-09-26,94.76660919189453,94.94394746450546,94.7159429548078,94.79194231043789,4233000
2019-09-27,94.90174102783203,94.99463344366781,94.74129576277737,94.77507540879117,4545500
2019-09-30,94.97774505615234,95.01152470153097,94.72440093721696,94.75818058259559,2797900
2019-10-01,95.24075317382812,95.45219255012157,94.56414458864202,94.5979756631631,8555100
2019-10-02,95.57060241699219,95.72283903292929,95.3253319550592,95.34225071939554,3908600
2019-10-03,96.06959533691406,96.31486579646379,95.68900702707843,95.70592579125037,6128300
2019-10-04,96.25567626953125,96.32333843029183,96.00195284560732,96.06115562311811,4707600
2019-10-07,95.93429565429688,96.14573507816223,95.90892395585209,96.04424183176397,3193100
2019-10-08,96.13724517822266,96.30640053519248,95.97655565487267,96.26411008279575,4304900
2019-10-09,95.8919906616211,96.03577435205803,95.73975404139587,96.03577435205803,3336800
2019-10-10,95.29151916503906,95.63828292167858,95.19848530119037,95.62136415409562,3924400
2019-10-11,94.64027404785156,94.87708513671998,94.48803742606214,94.83479467687138,8685300
2019-10-14,94.90243530273438,94.97009744209552,94.86015130509622,94.93626637241495,1932200
2019-10-15,94.44572448730469,94.92780593279528,94.4203527984815,94.86015024680567,6638500
2019-10-16,94.63175964355469,94.7417057415695,94.51335416796505,94.58946920829504,2755500
2019-10-17,94.5979995727539,94.80097961856576,94.48805339223485,94.55571555837857,3188700
2019-10-18,94.68255615234375,94.82633984136858,94.61490045161112,94.65718445799176,2406400
2019-10-21,94.33580017089844,94.54723956348538,94.31042847620692,94.4372934022827,1735300
2019-10-22,94.55565643310547,94.5979404210408,94.30192669503236,94.56410935912338,3334400
2019-10-23,94.58953857421875,94.7840656854066,94.5472545605652,94.74177521913384,3305600
2019-10-24,94.57264709472656,94.78408656743456,94.53881600477881,94.63184988897997,2645400
2019-10-25,94.36962890625,94.65718337577586,94.2343046010957,94.64027106394057,2381000
2019-10-28,94.01439666748047,94.06514004717538,93.92136283629517,94.03976835732792,5837600
2019-10-29,94.09898376464844,94.17509884442059,94.00594992095951,94.13281483986422,2199500
2019-10-30,94.55565643310547,94.56410935912338,94.14123076407839,94.17506182599581,5276700
2019-10-31,95.15615844726562,95.21536120191395,94.7840231594097,94.81785422672536,5540700
2019-11-01,94.97660827636719,95.22224551910769,94.76485270113581,95.0189619763204,8149400
2019-11-04,94.49380493164062,94.60392196557291,94.44298566199019,94.55309623365522,4145200
2019-11-05,93.985595703125,94.16346961457167,93.89242273109093,94.12958794635314,6853500
2019-11-06,94.25662994384766,94.34980290338433,94.00252715969302,94.18040104728124,4129800
2019-11-07,93.5027847290039,93.77383158781295,93.15550897034241,93.77383158781295,5890100
2019-11-08,93.37571716308594,93.71452730522171,93.37571716308594,93.41807085420264,3037300
2019-11-11,93.4773941040039,93.61291432983253,93.3757490879313,93.58750469138143,1563000
2019-11-12,93.51976013183594,93.59598905723324,93.32494210759445,93.46893438596871,4446200
2019-11-13,93.77381896972656,93.90087358131787,93.70605564857573,93.86699192074245,2475200
2019-11-14,94.24816131591797,94.35827834240152,94.13805075170121,94.1804044483898,3189600
2019-11-15,94.17194366455078,94.26511663858082,94.08724272332373,94.09570829385912,2104500
2019-11-18,94.33287811279297,94.4345166553504,94.29899644451801,94.32440608015736,1893600
2019-11-19,94.51074981689453,94.54463148437807,94.34981351191459,94.34981351191459,8306500
2019-11-20,94.85802459716797,94.88343423194526,94.6293314219051,94.69709475615605,3838000
2019-11-21,94.62085723876953,94.72250223783549,94.50227463765947,94.62932927092514,3034700
2019-11-22,94.60395050048828,94.70558907044588,94.52771511075088,94.67170739303695,1879700
2019-11-25,94.64627838134766,94.68016005182277,94.59545910676893,94.61239671087255,3573100
2019-11-26,94.82413482666016,94.8580164908902,94.73943389721839,94.7902596246968,3579300
2019-11-27,94.5784683227539,94.67163478633965,94.53611464290782,94.62928756875782,2351800
2019-11-29,94.50231170654297,94.55313099487645,94.39220109439721,94.54466542166729,2882300
2019-12-02,94.16299438476562,94.25630117384345,93.99334273573834,94.04424146622087,6826400
2019-12-03,95.00274658203125,95.14694562635019,94.63800363539902,94.64648783552028,6561900
2019-12-04,94.63802337646484,94.88401345890586,94.48534010017559,94.80766858498629,2072200
2019-12-05,94.4174575805664,94.51076436512759,94.27325853953491,94.28174273946274,3062000
2019-12-06,94.12907409667969,94.31568769474335,94.01032116546634,94.05272922858575,2717400
2019-12-09,94.20536804199219,94.3410893116521,94.18840611905786,94.33260511441178,1928500
2019-12-10,94.09512329101562,94.3156671745208,94.07816136376815,94.28173684847785,1707000
2019-12-11,94.48529815673828,94.55315879864246,94.22234625879337,94.23930818349591,2462600
2019-12-12,93.73884582519531,94.40895506952499,93.56919422891437,94.39198667412356,5490400
2019-12-13,94.29022979736328,94.34960625556117,93.71342714420578,93.99334103482524,4162000
2019-12-16,93.84915161132812,94.05272713579987,93.78977514704265,94.05272713579987,3028500
2019-12-17,93.85762023925781,94.00181927551817,93.79824378482425,93.95940474883069,3471400
2019-12-18,93.60315704345703,93.82370095941297,93.50137252189963,93.79825482902362,2249500
2019-12-19,93.67619323730469,93.79511425673685,93.5063079183186,93.54028627825771,1962500
2019-12-20,93.67619323730469,93.693185657629,93.5063079183186,93.53179006809556,4660500
2019-12-23,93.59125518798828,93.76114051534269,93.51480225418193,93.70168000269767,1809400
2019-12-24,93.75265502929688,93.78663339244778,93.47233839383439,93.47233839383439,857600
2019-12-26,93.88859558105469,93.88859558105469,93.66773938193813,93.78666693585662,1285100
2019-12-27,94.02452087402344,94.05849925358822,93.96506032996338,93.96506032996338,1771100
2019-12-30,93.96503448486328,93.96503448486328,93.64224320813828,93.70170373584371,2035400
2019-12-31,93.6252670288086,93.85461295081922,93.61677081518978,93.81214484414947,2801600
2020-01-02,94.0584716796875,94.24534299144129,93.97352251532236,94.02449331008371,4022300
2020-01-03,94.68704986572266,94.70403580919123,94.32179051439421,94.41522940524877,3839600
2020-01-06,94.5850830078125,94.85690337702839,94.50863656680278,94.84841364849984,2714300
2020-01-07,94.44917297363281,94.65303662369809,94.44917297363281,94.56809397622993,2038800
2020-01-08,94.2283706665039,94.64459441306524,94.1094495960578,94.53416955642595,5081100
2020-01-09,94.29631805419922,94.32180021237758,93.97352676870891,94.01600135281394,3680600
2020-01-10,94.50015258789062,94.5596130988299,94.3642391453382,94.3642391453382,2600000
2020-01-13,94.38973999023438,94.40672593239655,94.27081895296762,94.38124377879804,2672600
2020-01-14,94.57661437988281,94.593606803313,94.42372145327533,94.44070739599482,2376300
2020-01-15,94.814453125,94.814453125,94.65305752267908,94.75499261057283,2734800
2020-01-16,94.61908721923828,94.72102231581437,94.54264075733916,94.67005152717104,2200500
2020-01-17,94.54261779785156,94.54261779785156,94.36422980198695,94.39820815926073,2627000
2020-01-21,94.91637420654297,94.95035256648018,94.74648888756646,94.75498509772814,2355600
2020-01-22,94.93339538574219,94.98435970073224,94.86543864528115,94.9164029602712,1787600
2020-01-23,95.17120361328125,95.34108892323891,95.12872904543725,95.16270740357061,1891300
2020-01-24,95.510986328125,95.65538949814808,95.27314428792003,95.29013022763058,7932600
2020-01-27,96.15653228759766,96.16502849573651,96.01212915277692,96.14804256016676,3824600
2020-01-28,95.8337631225586,96.08859756216125,95.79978476523097,96.06310893363379,1923600
2020-01-29,96.29246520996094,96.3349397785553,95.96118431319462,95.96118431319462,2429500
2020-01-30,96.38589477539062,96.69169349377552,96.32643427352183,96.45385148630031,4405500
2020-01-31,96.8700942993164,96.93805102376545,96.57279173073925,96.59827388223016,9764500
2020-02-03,96.78759765625,96.83012280595928,96.38782361036411,96.63449284057917,5722100
2020-02-04,96.22618103027344,96.32825303855667,96.0815838856001,96.31974541551264,2569600
2020-02-05,95.80940246582031,96.005038867741,95.79239370841711,95.86894285085438,9027500
2020-02-06,95.87747192382812,95.94551994749503,95.7413758764943,95.7839075136403,1697100
2020-02-07,96.3367919921875,96.42184878204482,96.19218831107126,96.26874396453482,6177900
2020-02-10,96.52388763427734,96.6429683970157,96.43032325078082,96.54089639063359,1909100
2020-02-11,96.29426574707031,96.43036180999995,96.23472534189295,96.39633779426754,1657100
2020-02-12,96.04757690429688,96.10711729732671,95.97102775157973,96.09010853763938,1473800
2020-02-13,96.13262176513672,96.23469377885638,96.06458024540561,96.09860424997882,1868000
2020-02-14,96.37078857421875,96.4303289591125,96.29423294254666,96.34526570405122,2043600
2020-02-18,96.52388763427734,96.6684847762575,96.4133080050097,96.49836476562068,8356600
2020-02-19,96.50689697265625,96.54942860850367,96.37080741889423,96.42184019037792,1681800
2020-02-20,96.78759765625,96.91518608421187,96.64300046628783,96.65150160257947,3452900
2020-02-21,97.17887878417969,97.41704042473118,97.03428157233313,97.04278270991139,5381000
2020-02-24,97.93586730957031,98.06345572031013,97.83379528309523,97.98690007809978,6803600
2020-02-25,98.20807647705078,98.42072171621538,97.88485804971096,97.91037444010388,10014300
2020-02-26,98.15702819824219,98.48875419980929,97.8933437305072,97.99541576538043,19649400
2020-02-27,98.63333892822266,98.95655726371838,98.31012059272695,98.78644371649239,8629700
2020-02-28,99.73908996582031,99.90069587834844,99.31379963600288,99.42437278556585,13437000
2020-03-02,99.67095184326172,100.43739073631575,99.61134029031152,100.10526829885433,19402100
2020-03-03,100.82917785644531,101.5870993563988,99.66248656574676,99.77319843468574,11462300
2020-03-04,100.60774993896484,101.26348379452531,100.53110926599464,100.97393720323018,7627100
2020-03-05,101.50189208984375,101.61259740839505,101.2719571627042,101.34008651127682,5284200
2020-03-06,102.53234100341797,103.30729135520862,102.2683413585275,103.02626911613085,11614800
2020-03-09,103.4520492553711,105.09563240581994,103.42649587716777,104.95937371075765,24791700
2020-03-10,101.55303192138672,103.69054409801868,101.55303192138672,102.94113391810058,15072900
2020-03-11,100.53959655761719,102.69413714563922,100.14786249590166,102.42162621152524,13316100
2020-03-12,100.5907211303711,102.84744980324746,97.42277669509029,102.31946339548381,10671600
2020-03-13,99.9349594116211,101.32306741266665,99.64541939739865,100.31818216224674,8697200
2020-03-16,102.5749282836914,102.77079859037651,101.34011436301174,102.21725885114374,6971700
2020-03-17,100.00308990478516,102.43865915813993,99.99457211098378,102.11505446259048,5680300
2020-03-18,98.61499786376953,100.31819294606487,98.22325727732881,99.29627199838349,13256300
2020-03-19,98.93859100341797,100.17340469459978,98.7171738494418,98.90452632610064,6702900
2020-03-20,101.45934295654297,102.089523394951,99.98608266836983,100.18194648840065,9641600
2020-03-23,102.66007995605469,103.09438999772634,101.72331751988472,101.72331751988472,12234700
2020-03-24,101.96179962158203,102.16618125867534,101.56154764677528,101.7829583798034,5235500
2020-03-25,102.02140045166016,102.4131345886293,101.68076009428607,101.9873357662053,5527600
2020-03-26,102.26834869384766,102.61750681493194,102.11506736908733,102.3535136482796,3384400
2020-03-27,103.02628326416016,103.37543491097435,102.77080137845279,102.88150673043305,5282300
2020-03-30,103.26467895507812,103.97149969777217,103.19654961931909,103.71602443443237,4649400
2020-03-31,103.4520492553711,103.73307144388575,103.30727276757436,103.42649587716777,6356500
2020-04-01,103.87327575683594,104.23989760370242,103.78801622370347,104.12905435623334,9256400
2020-04-02,103.89031219482422,104.20577958371807,103.73684245223865,104.16314656998917,4789400
2020-04-03,103.96705627441406,104.2654678729573,103.86474093853425,104.05231580187142,3441100
2020-04-06,103.49810028076172,103.67714720730345,103.40431286616122,103.6174648984562,4697500
2020-04-07,103.03765106201172,103.0717561545091,102.5431369781217,102.78187262560331,9340600
2020-04-08,102.90982055664062,103.05476891325279,102.70519638332692,102.82456102650035,3341000
2020-04-09,103.1314697265625,103.25936223600534,102.76484800209738,102.85863540869659,4543600
2020-04-13,102.90982055664062,103.18265495602061,102.88424334808705,103.03771310429363,2103100
2020-04-14,103.0462417602539,103.20823942212145,102.99508734277373,103.02918595117036,2180100
2020-04-15,103.96705627441406,104.0437878976602,103.57485724420224,103.60895585127719,3137400
2020-04-16,104.07786560058594,104.23133531154673,104.00965539462929,104.11197070356425,1901600
2020-04-17,103.80503845214844,104.27397551938884,103.71125103870037,103.9926132790446,2375000
2020-04-20,104.07786560058594,104.08639350255133,103.83913638462097,104.00113399754717,4230700
2020-04-21,104.36776733398438,104.60649657650707,104.27397991658133,104.50418125618992,3287700
2020-04-22,104.04377746582031,104.23135231035049,103.85620262129012,104.12903698472921,3168700
2020-04-23,104.11199188232422,104.13756908854012,103.90736772771234,103.99262725006024,2345900
2020-04-24,104.1375732421875,104.14610114622782,103.91589327133333,103.92442117537365,2373500
2020-04-27,103.5833740234375,103.91589071910956,103.5577968168296,103.89031351250166,2508100
2020-04-28,104.03524017333984,104.09492248167821,103.79651093998638,103.80503884257293,2847600
2020-04-29,103.98406982421875,104.19722182201475,103.77091782642273,104.04375212340632,2600100
2020-04-30,103.73684692382812,104.23988918699743,103.73684692382812,104.06084223041053,5371500
2020-05-01,103.8802261352539,104.05093126144956,103.76073580278431,103.94850818573217,8357700
2020-05-04,103.8973159790039,103.97412841387552,103.74368459752493,103.85463806291807,3580500
2020-05-05,103.82047271728516,103.85461373981073,103.59002895490529,103.65830448822223,3487600
2020-05-06,103.43640899658203,103.5132214219201,103.14621352903453,103.26570386516146,3279500
2020-05-07,104.06802368164062,104.11070160144266,103.49617602201673,103.53031705551109,3252800
2020-05-08,103.7265853881836,104.11066700355559,103.64977297214969,103.80340431595165,3486800
2020-05-11,103.43640899658203,103.7692758631835,103.35105317500428,103.70953069512002,4569400
2020-05-12,103.77778625488281,103.81192727459351,103.36810704182174,103.38517429581024,4267700
2020-05-13,103.99117279052734,104.11919999887735,103.82901107090268,103.9058234888721,2615800
2020-05-14,104.15332794189453,104.30695927027405,104.11065655229291,104.17040170712197,2257600
2020-05-15,104.08506774902344,104.32405493022998,104.00825532457964,104.29844427701384,1828900
2020-05-18,103.4449462890625,103.84609523506612,103.32545594494253,103.83756486172567,3091200
2020-05-19,103.7351303100586,103.75219756658839,103.41933071451274,103.41933071451274,1941700
2020-05-20,103.76072692871094,103.8802172509612,103.51320940069708,103.59002832884892,2366700
2020-05-21,103.82902526855469,103.9997238952066,103.7863473560241,103.86316629623211,2063800
2020-05-22,104.02530670166016,104.02530670166016,103.86314499312198,103.88021224759247,1352400
2020-05-26,103.75222778320312,103.81197296605949,103.60713326937147,103.70101948696527,3484800
2020-05-27,103.8375473022461,103.9911721372198,103.6839159555381,103.69244632743602,2542900
2020-05-28,103.74369812011719,103.79490641670641,103.59006671861296,103.64981190187925,3873900
2020-05-29,104.07655334472656,104.11922474983075,103.81196198144274,103.91438507481736,2993800
2020-06-01,104.0355453491211,104.0355453491211,103.79632529077927,103.90739640233635,8531700
2020-06-02,103.86465454101562,104.00989432989803,103.79630410450989,103.91591410926674,4711800
2020-06-03,103.24952697753906,103.54001311105934,103.16409218000624,103.52292224059843,4226600
2020-06-04,102.83938598632812,103.09569025093383,102.7881199188038,103.08715133822476,4744100
2020-06-05,102.32678985595703,102.36096507005017,101.96795988536238,102.18155008475284,10611700
2020-06-08,102.43788146972656,102.5318616977615,102.23283666231256,102.24137557885618,3314700
2020-06-09,102.80521392822266,102.97608344319114,102.73686351493359,102.83938913486719,3238600
2020-06-10,103.57418060302734,103.57418060302734,102.99321489760685,103.04447446864913,4944600
2020-06-11,103.9415512084961,104.10387534862117,103.88173968740276,103.95863555862532,6365800
2020-06-12,103.71084594726562,103.94152698892553,103.65958639056561,103.75356659001892,3051000
2020-06-15,103.62544250488281,104.00990233286089,103.62544250488281,103.94155840935287,2658000
2020-06-16,103.41180419921875,103.60830348014264,103.14695450829794,103.24092817422641,5252000
2020-06-17,103.57418060302734,103.60834930488437,103.35204493141626,103.51437559739244,2308300
2020-06-18,103.80484008789062,103.85609965147488,103.73648965760773,103.81338552123994,1694600
2020-06-19,103.83899688720703,103.8988018735342,103.57414716465165,103.57414716465165,2033200
2020-06-22,103.74507141113281,103.9842914826158,103.69381182960305,103.94157733742702,2284900
2020-06-23,103.71084594726562,103.74502115781728,103.58269053726067,103.64249552616232,2010600
2020-06-24,103.90741729736328,103.94159252946417,103.62547652122514,103.62547652122514,2310700
2020-06-25,103.9244613647461,104.08679202472808,103.89883158017135,104.06116224015335,1650900
2020-06-26,104.20639038085938,104.29182515930869,104.04405973902665,104.06115060566997,3413900
2020-06-29,104.30891418457031,104.35163483483831,104.16367440286882,104.17221983657363,28632400
2020-06-30,104.1209716796875,104.39436692389361,104.05262123907177,104.36019170358574,4126700
2020-07-01,103.95848846435547,104.03545380463883,103.7703582149352,103.92428237135677,8416500
2020-07-02,104.08674621582031,104.1038459980348,103.7703447896257,103.84731011995166,3054100
2020-07-06,103.93282318115234,103.9499229635481,103.71904001841115,103.82165828521889,2821900
2020-07-07,104.26634979248047,104.2749029478341,103.95850144120945,104.0098073250393,2920400
2020-07-08,104.10382843017578,104.21499983031447,103.99266355418028,104.08672865084694,2096700
2020-07-09,104.43736267089844,104.53142779736748,104.12096772199828,104.12951435229891,2769400
2020-07-10,104.23211669921875,104.57417105916666,104.19791061080954,104.53996497075744,1939000
2020-07-13,104.34329223632812,104.36039854434969,104.05255024141086,104.07820317929827,2051100
2020-07-14,104.334716796875,104.52284698829486,104.31761049357694,104.48008775419285,1721500
2020-07-15,104.30054473876953,104.4031564954588,104.17227351876268,104.18082667320186,2085400
2020-07-16,104.37748718261719,104.53996447074778,104.37748718261719,104.46300566530334,1907100
2020-07-17,104.35184478759766,104.45446306269952,104.30053891211917,104.42881012496026,2405200
2020-07-20,104.4202880859375,104.51435323510732,104.3433227256409,104.49724692208726,2695900
2020-07-21,104.53144073486328,104.56564683273517,104.4288289653937,104.4630350632656,3228400
2020-07-22,104.56563568115234,104.65970080923177,104.53142958692843,104.65970080923177,2431500
2020-07-23,104.66822814941406,104.71098086354078,104.57416304453399,104.69388108271885,2006500
2020-07-24,104.61691284179688,104.6938781637091,104.5570538243734,104.58271328110654,3395600
2020-07-27,104.45443725585938,104.71952624586434,104.42878432445804,104.70242646631121,1976500
2020-07-28,104.70246124267578,104.72811418259762,104.54853707899932,104.58274317361025,1870300
2020-07-29,104.83927917480469,104.83927917480469,104.59128988180044,104.71100795095484,1874200
2020-07-30,104.98463439941406,104.99318755282354,104.89912243775275,104.9675346167396,28331800
2020-07-31,105.01029205322266,105.08725086015063,104.83070845543531,104.87346769760266,4039200
2020-08-03,104.95893859863281,104.96749872263553,104.80488901389126,104.85623669898462,6595900
2020-08-04,105.31839752197266,105.34407136746137,105.0873263831119,105.12156035358427,3842000
2020-08-05,104.96749114990234,105.0787466360654,104.9332571858227,105.05307279537094,2423700
2020-08-06,105.08734130859375,105.31841248027338,105.03599361032343,105.17292298219868,2286500
2020-08-07,104.86478424072266,105.18144349621393,104.83055027828084,105.12153569430593,2363400
2020-08-10,104.7535400390625,105.02740523862435,104.7535400390625,105.0102849908297,1994900
2020-08-11,104.39409637451172,104.44544406053977,104.14590500960685,104.37697612619465,7166500
2020-08-12,104.08600616455078,104.20582179524389,103.95763040896182,104.11168000977614,5538100
2020-08-13,103.8720474243164,104.16302637244421,103.76934551526196,104.06888458817649,5748400
2020-08-14,103.92337799072266,104.06030731743807,103.91481786734639,103.96617207814305,2722800
2020-08-17,104.09455871582031,104.26572856470933,104.06888487085249,104.14591293521806,3357700
2020-08-18,104.27426147460938,104.34272940058263,104.14589227523554,104.20580007809693,1853600
2020-08-19,104.13736724853516,104.38555866673815,104.11169340000778,104.3256508436866,4493800
2020-08-20,104.43685913085938,104.47965321202616,104.36839121277654,104.45397937511011,2880300
2020-08-21,104.51392364501953,104.53959749089542,104.34275379007647,104.50536351990681,2103700
2020-08-24,104.368408203125,104.59092570838827,104.35129448554834,104.48822381454497,1974900
2020-08-25,104.12020874023438,104.17155641520269,103.88913114395658,104.03462057600693,3562800
2020-08-26,104.07742309570312,104.12877077483421,103.88057944326611,104.01751529356329,3337400
2020-08-27,103.7094497680664,104.29997438728286,103.7094497680664,104.29997438728286,4672900
2020-08-28,103.88059997558594,104.00897572824823,103.77790459702571,103.906280349688,2277200
2020-08-31,103.99183654785156,104.16299982318714,103.88057454236906,103.89769478757887,3273300
2020-09-01,104.3327407836914,104.3327407836914,103.88738965000772,103.97303334484745,4622900
2020-09-02,104.47834014892578,104.52116526525927,104.22996884942137,104.2471015096329,3013400
2020-09-03,104.6153335571289,104.8208796582964,104.50399091276059,104.55538233869703,5750500
2020-09-04,104.03297424316406,104.41837409872942,103.95589035153435,104.34129674129412,7512800
2020-09-08,104.25565338134766,104.41837442561861,104.22995439459434,104.26421317607098,3442700
2020-09-09,104.20426940917969,104.341304544906,104.09293326204825,104.28135330657446,3964300
2020-09-10,104.3327407836914,104.34986690898133,104.00729212962237,104.06724336942969,3164200
2020-09-11,104.49544525146484,104.49544525146484,104.34984381484641,104.38410259203935,4905000
2020-09-14,104.40122985839844,104.57251720132746,104.34127863495395,104.50399965047853,1797100
2020-09-15,104.34986114501953,104.40125258644073,104.28135011344912,104.34130134994493,2897600
2020-09-16,104.28987884521484,104.48686515456745,104.19567538809021,104.48686515456745,4015700
2020-09-17,104.32415008544922,104.52970274608478,104.28989130867663,104.52970274608478,3426800
2020-09-18,104.22994995117188,104.38411119414748,104.22994995117188,104.35841874268391,5606900
2020-09-21,104.4183578491211,104.6153441777914,104.40123172819878,104.49544172875501,5838100
2020-09-22,104.4183578491211,104.51256784967731,104.38409907308306,104.4183578491211,3387900
2020-09-23,104.4183578491211,104.45261662515912,104.28132927916239,104.4183578491211,3172000
2020-09-24,104.46975708007812,104.50400932448004,104.40980585108392,104.4611907518807,2866900
2020-09-25,104.55541229248047,104.5896710748552,104.48689472773098,104.53827963419579,2187400
2020-09-28,104.53823852539062,104.55537117693802,104.4868536391325,104.52111240803526,4167200
2020-09-29,104.6153335571289,104.67528477556078,104.56394213119248,104.59820090375251,2577100
2020-09-30,104.3327407836914,104.51259450311339,104.19571217878683,104.51259450311339,4276400
2020-10-01,104.39186096191406,104.468994873967,104.0662011536899,104.1519004149663,8733800
2020-10-02,104.2890396118164,104.4947191764418,104.21190568855971,104.47758193707114,7509700
2020-10-05,103.62911987304688,104.0062044449571,103.62911987304688,103.99763255784075,6132200
2020-10-06,103.86912536621094,104.04053049056284,103.58631835329494,103.65487386459876,8516400
2020-10-07,103.569091796875,103.78334312725266,103.50910168590653,103.6719347892917,7116700
2020-10-08,103.75767517089844,103.77481240721646,103.64626678874555,103.68911314875776,3499000
2020-10-09,103.70626831054688,103.80910481661513,103.50915410985766,103.67198729571244,4358500
2020-10-12,103.81761932373047,103.81761932373047,103.68906722376236,103.74905733195662,3287900
2020-10-13,104.04906463623047,104.06620187323043,103.92907782349245,103.92907782349245,6583300
2020-10-14,104.08333587646484,104.16904167410557,104.04048951607884,104.10905153881768,5200600
2020-10-15,103.971923828125,104.21188436081749,103.94621470511282,104.19474712495408,3839200
2020-10-16,103.91193389892578,104.09190429879841,103.87765288869754,103.97192403221666,2726200
2020-10-19,103.74053192138672,103.80908740111937,103.61197977193288,103.7148162607488,3635800
2020-10-20,103.51768493652344,103.68051805778832,103.48340393528701,103.61195605531547,6129700
2020-10-21,103.38056182861328,103.49197671820649,103.32057171053712,103.38913371360486,6425300
2020-10-22,103.0206069946289,103.32912942769867,103.01203511081265,103.29484843086519,6749000
2020-10-23,103.16634368896484,103.26061483892704,102.99494516454337,103.00351705229481,5049900
2020-10-26,103.44056701660156,103.55198192242645,103.34629588325748,103.38914877602605,4817800
2020-10-27,103.67200469970703,103.70628572029639,103.54345250710591,103.58630541745165,3620100
2020-10-28,103.66342163085938,103.85196395455041,103.59485959707439,103.8262548264899,5586600
2020-10-29,103.22632598876953,103.64626345705669,103.15777050726685,103.62911968285545,7504800
2020-10-30,102.89208221435547,103.22631384919848,102.89208221435547,103.18346749560236,7246800
2020-11-02,103.06874084472656,103.26597330629237,103.01728349349538,103.19736786636737,7674300
2020-11-03,102.83718872070312,102.93151955541661,102.76001251552347,102.91437146845698,9203500
2020-11-04,103.70333862304688,103.81481757084518,103.57470504169454,103.70333862304688,14922300
2020-11-05,103.68620300292969,103.78052732851883,103.56614018133808,103.74623114243724,6250700
2020-11-06,103.3345947265625,103.41177095148201,103.21453845941488,103.360320134869,10402200
2020-11-09,102.57138061523438,102.58852870717088,102.21121180138302,102.55422598072178,11195800
2020-11-10,102.27979278564453,102.47703179251373,102.22834197627647,102.23691929202946,4810500
2020-11-11,102.44274139404297,102.48562143539067,102.27123431380363,102.28838240479728,1699900
2020-11-12,103.02584838867188,103.03442570327216,102.71713048880225,102.75143320462934,6324000
2020-11-13,102.88866424560547,103.01729127696468,102.87150961304067,102.98298855441044,6766000
2020-11-16,102.81149291992188,102.90582378179461,102.80291560268542,102.82007023715832,3911400
2020-11-17,103.07732391357422,103.1202039542861,102.98299305806862,103.00872500804113,4707900
2020-11-18,103.04302215576172,103.14592377978052,102.8972339507763,103.14592377978052,7931200
2020-11-19,103.15448760986328,103.25739576300344,103.1201848921499,103.15448760986328,9323000
2020-11-20,103.3345947265625,103.35174281790822,103.18881305110837,103.20596114245409,16772200
2020-11-23,103.12879943847656,103.21455299243132,103.07734207204228,103.1973983560943,2511900
2020-11-24,102.9658432006836,103.06875137108105,102.91439238677263,103.05159673806037,4349300
2020-11-25,103.00016021728516,103.1888219512396,102.99158289958456,103.04304026321168,2125500
2020-11-27,103.30884552001953,103.30884552001953,103.16306387814768,103.17163465055825,2988100
2020-11-30,103.240234375,103.34314252140405,103.20593165953198,103.26595977595751,2390900
2020-12-01,102.69109344482422,102.98285729299275,102.57095731526309,102.94853174927127,13902200
2020-12-02,102.51942443847656,102.6138180029354,102.373545855922,102.59665196562017,5578500
2020-12-03,102.79402923583984,102.88842280683924,102.6309846046726,102.67389315400887,4484900
2020-12-04,102.3907470703125,102.4937236953917,102.2877704452333,102.46798117585381,4709100
2020-12-07,102.70820617675781,102.76827421035848,102.62238908853571,102.63955512495,4441600
2020-12-08,102.81118774414062,103.00855790350415,102.80261127189576,102.89700484199238,4735700
2020-12-09,102.66532135009766,102.77687442486256,102.51944274149906,102.622412796074,3444100
2020-12-10,102.8969955444336,102.93131452416286,102.66529987624999,102.7511104194227,3557600
2020-12-11,103.10298156738281,103.20595163977931,103.01717099140997,103.04291350950909,4336600
2020-12-14,103.04292297363281,103.11157405948735,102.7854846751422,102.83696971606916,2870600
2020-12-15,102.93991088867188,102.99997893137305,102.83693429535887,102.91416837707503,2889200
2020-12-16,102.85414123535156,102.97427736852725,102.66535401266741,102.70826258034225,5058400
2020-12-17,102.77941131591797,103.09711111080951,102.71072495697952,103.02841820095462,3233200
2020-12-18,102.69353485107422,102.9081952527491,102.67636490134309,102.85667885264012,3189500
2020-12-21,102.76224517822266,102.89104275125214,102.67638231317522,102.85669629504984,2850500
2020-12-22,102.93397521972656,102.95115172400551,102.7880076879404,102.89104706086314,3688500
2020-12-23,102.71929168701172,102.74505643763963,102.53897773810927,102.73646818743032,3047100
2020-12-24,102.865234375,102.865234375,102.78795324850898,102.81371144036815,1529300
2020-12-28,102.87381744384766,102.87381744384766,102.64198716310935,102.70209179522028,3677500
2020-12-29,102.85668182373047,102.89102827510044,102.72788426882202,102.72788426882202,2157300
2020-12-30,102.9254150390625,102.9254150390625,102.80520568764334,102.81378739066018,2549100
2020-12-31,102.99405670166016,103.03699140177709,102.90819385234177,102.90819385234177,2626200
2021-01-04,103.01982879638672,103.08851515018867,102.73647547761234,102.76223367915257,5499000
2021-01-05,102.77941131591797,102.94255533909423,102.67637850205207,102.92538538708872,5004400
2021-01-06,102.1783447265625,102.28138407117085,101.9808542871253,102.28138407117085,10039300
2021-01-07,101.8177490234375,101.88644194155152,101.73188615125359,101.8177490234375,7751700
2021-01-08,101.52581024169922,101.68895428906207,101.43135911437518,101.62026136902324,8378700
2021-01-11,101.32829284667969,101.45709039151967,101.31111634687956,101.4485021416196,6061000
2021-01-12,101.31111907958984,101.35405377933301,100.95049118504275,101.12221688218457,6516600
2021-01-13,101.66316223144531,101.7919597759036,101.43991359111195,101.46567178982056,7562900
2021-01-14,101.43135070800781,101.72329231851874,101.34548784053409,101.65459940417301,8113000
2021-01-15,101.70612335205078,101.77481627148744,101.50005114465817,101.64601868527305,5978400
2021-01-19,101.76618957519531,101.76618957519531,101.51718930040623,101.5601174456494,4035700
2021-01-20,101.80915832519531,101.80915832519531,101.62884433266558,101.65460253861023,4277700
2021-01-21,101.66316223144531,101.73185512861176,101.57729938544486,101.6374040327367,4254500
2021-01-22,101.8177490234375,101.8349189775074,101.69753969219657,101.74905610532348,4706200
2021-01-25,102.22985076904297,102.22985076904297,101.92932756635112,101.96367401107511,5689200
2021-01-26,102.19548797607422,102.2298344153038,102.10962515345697,102.1268016485285,4257100
2021-01-27,102.31575012207031,102.4702993422202,102.28140366728708,102.36726652878694,5764700
2021-01-28,102.04955291748047,102.18693871801102,101.93793186773605,102.17835046774898,5394200
2021-01-29,101.86925506591797,101.99805263654042,101.7232875429736,101.75763399853402,7952100
2021-02-01,101.99641418457031,102.04796448263775,101.84175673514186,101.87612578559552,3640700
2021-02-02,101.7386474609375,101.78160385392093,101.6441342190582,101.67849671135473,3609800
2021-02-03,101.48945617675781,101.65270092531107,101.47226837887376,101.60115064210733,3844200
2021-02-04,101.45511627197266,101.49807266857054,101.29186492131288,101.3691969235508,2146000
2021-02-05,101.24030303955078,101.5410240022323,101.24030303955078,101.42932951758641,5498000
2021-02-08,101.28330993652344,101.4207861910025,101.16302149146856,101.223165713996,2861300
2021-02-09,101.36058807373047,101.49805769988653,101.31762512824257,101.39495711907577,4458500
2021-02-10,101.61837005615234,101.61837005615234,101.46371259322221,101.4723064953924,6726800
2021-02-11,101.5410385131836,101.65273301379143,101.49807556013565,101.61836396239835,5949900
2021-02-12,101.20594024658203,101.40355408202959,101.17157119797686,101.29185959048209,8802400
2021-02-16,100.4755859375,100.85363224862856,100.4068478608498,100.75911903204046,8909000
2021-02-17,100.54434204101562,100.67322432743926,100.42405365508036,100.54434204101562,4789700
2021-02-18,100.5357666015625,100.6130920494386,100.30377714748188,100.38110915058414,4469900
2021-02-19,100.13192749023438,100.32954131666379,99.98586395674734,100.23503463134459,5851800
2021-02-22,99.96866607666016,100.24361187000824,99.89134064504263,100.05458540797679,3828000
2021-02-23,100.04601287841797,100.16630127111863,99.81402343876258,99.89994278280223,7344900
2021-02-24,99.90853881835938,99.9600891148394,99.487529434912,99.54767363254734,7133700
2021-02-25,98.57678985595703,99.42740267317315,98.03548542708828,99.33288940956835,35760600
2021-02-26,99.46175384521484,99.50471024034891,98.55958432946314,98.92904341479063,28188400
2021-03-01,99.34998321533203,99.4617518480614,99.0834701234858,99.2726109857736,9616500
2021-03-02,99.53052520751953,99.53912430833219,99.22102972937641,99.26401211505558,6271000
2021-03-03,98.99750518798828,99.07487742254465,98.80836431348271,99.05768577904072,8377300
2021-03-04,98.50743865966797,99.10064533215478,98.36128676638795,98.98888327715083,12327900
2021-03-05,98.36991882324219,98.49887912878496,98.026026861526,98.11200477135026,8634600
2021-03-08,97.9830093383789,98.16355107773617,97.94861949861686,98.13776033771245,7416400
2021-03-09,98.44729614257812,98.53326749190963,98.25815523853271,98.41290629100682,7035000
2021-03-10,98.65361785888672,98.7481883005239,98.39569728002297,98.44728533131139,5683100
2021-03-11,98.61920928955078,98.75676865461571,98.47305738356295,98.64500003070258,7576500
2021-03-12,97.90564727783203,98.00021771352901,97.8024843001207,97.99162517151464,7332600
2021-03-15,98.02600860595703,98.12057904179679,97.94003727133699,97.96582801580377,4465500
2021-03-16,98.00880432128906,98.21513680960236,97.8970422566176,98.1377645861817,5479400
2021-03-17,97.84546661376953,98.0518056874209,97.45859232925984,97.63913409931052,8975900
2021-03-18,97.23505401611328,97.3468226454075,96.96854093245817,97.0631113606955,8281400
2021-03-19,97.17488098144531,97.32103290582585,97.0029383126673,97.02872905706477,8748100
2021-03-22,97.49298858642578,97.54457007863466,97.34683665237209,97.42420889068542,4679800
2021-03-23,97.97441101074219,97.99160921035437,97.63911826940905,97.70789794947515,7544000
2021-03-24,98.10337829589844,98.12056993755033,97.7508873297125,97.77668463097802,14634800
2021-03-25,97.97441101074219,98.21513333178225,97.82825910999519,98.15495275152223,10573800
2021-03-26,97.64769744873047,97.91421045562788,97.63909835067862,97.70787801671342,6409700
2021-03-29,97.31241607666016,97.74227920051261,97.22643820453708,97.73368010146216,6298000
2021-03-30,97.2264404296875,97.2866275652274,96.95992738574051,97.04589870064042,5784900
2021-03-31,97.08889770507812,97.31242839434906,96.96853653989953,97.20065977011781,8620000
2021-04-01,97.51901245117188,97.57062591828586,97.32114988847029,97.38997222012812,8535300
2021-04-05,97.24376678466797,97.32118701487346,97.037306274192,97.18354886230992,9944500
2021-04-06,97.7168960571289,97.73410492653453,97.41580647513695,97.45021765068755,8765200
2021-04-07,97.65666198730469,97.89754017631516,97.6222573807056,97.69967759044287,6316800
2021-04-08,97.99215698242188,98.00075485136529,97.81149672247071,97.82870558687497,6334700
2021-04-09,97.73410034179688,97.91475408251753,97.58785777501258,97.67388242822332,5887400
2021-04-12,97.67388916015625,97.69969590157211,97.57065563123204,97.65668029037182,5466000
2021-04-13,98.07820129394531,98.07820129394531,97.67387822168153,97.6996849602073,7663800
2021-04-14,97.9577865600586,97.9921977399209,97.82874627639029,97.91477094441534,4876900
2021-04-15,98.58576965332031,98.73201224100161,98.26747773463292,98.26747773463292,9958500
2021-04-16,98.31905364990234,98.47390061393953,98.2674401829762,98.29324691643927,7334900
2021-04-19,98.2158432006836,98.37929463531783,98.1040118083477,98.15562528738576,5738600
2021-04-20,98.50833892822266,98.57715471533666,98.19004048018566,98.19004048018566,6468300
2021-04-21,98.5599594116211,98.61157289643864,98.36209678105206,98.49974149158027,7976500
2021-04-22,98.6373519897461,98.66315872320381,98.31905362949718,98.55132079387536,7681300
2021-04-23,98.50833892822266,98.62877475974788,98.35349192151014,98.62017032513592,5509900
2021-04-26,98.40509796142578,98.54274265176646,98.40509796142578,98.4653158726348,7145300
2021-04-27,98.0179672241211,98.35346789616686,98.0179672241211,98.26744326084264,7720500
2021-04-28,98.1469955444336,98.16420440851559,97.77709028903281,98.02655974889413,8692900
2021-04-29,97.97496032714844,97.98356476042281,97.58784615217571,97.6824752284152,5547800
2021-04-30,98.06101989746094,98.09543107955545,97.87176167757205,98.01801084228921,5160000
2021-05-03,98.22801208496094,98.43460671239608,98.06445444749886,98.09888797999218,8593300
2021-05-04,98.35713195800781,98.6153735893094,98.30547837772788,98.42599245250686,11171000
2021-05-05,98.47763061523438,98.50345411756918,98.25381598246022,98.25381598246022,6810000
2021-05-06,98.52067565917969,98.63258626848685,98.39155813693915,98.40877161739655,6546200
2021-05-07,98.55514526367188,98.95112113437897,98.4690646948271,98.75313648278863,10657600
2021-05-10,98.35713195800781,98.67563062669889,98.31408840236196,98.59816010756576,5906800
2021-05-11,98.19356536865234,98.27964590456577,98.15052181693368,98.21077884882547,6591300
2021-05-12,97.72010803222656,97.90088568703146,97.67707105003022,97.83201863448899,14509800
2021-05-13,98.04719543457031,98.08162895107365,97.7803373235499,97.84060090307204,8242700
2021-05-14,98.26241302490234,98.29684654597445,98.09024541954182,98.19354598275814,7943100
2021-05-17,98.16773223876953,98.23659928775707,98.12468869127152,98.19355574025904,6711100
2021-05-18,98.16773223876953,98.21076921874429,98.06443166528824,98.15912221576528,4319600
2021-05-19,97.87505340576172,98.34850617189181,97.78897287578992,98.15051504218556,13156500
2021-05-20,98.2796401977539,98.28825022110246,98.02139860500895,98.0472221075311,8412700
2021-05-21,98.31407165527344,98.40015218437745,98.20216762419058,98.37432868239858,6648700
2021-05-24,98.40877532958984,98.50346589448752,98.32269478900767,98.36573177553662,4826000
2021-05-25,98.77032470703125,98.78754475691169,98.51208306654748,98.51208306654748,5748200
2021-05-26,98.65840148925781,98.83056254947267,98.61535794044237,98.70144503807326,4501600
2021-05-27,98.4862289428711,98.4862289428711,98.30545131294856,98.44318539907569,5998100
2021-05-28,98.47763061523438,98.68422520143632,98.44319708961346,98.44319708961346,5575700
2021-06-01,98.45953369140625,98.47675906410217,98.24418038636998,98.36477771142539,9498100
2021-06-02,98.57154846191406,98.6404631201839,98.51986575424344,98.56293248661444,4269900
2021-06-03,98.32170867919922,98.48537930117381,98.27863538750225,98.48537930117381,3591200
2021-06-04,98.8643798828125,98.87299585410162,98.55427720906957,98.57150257958732,6326000
2021-06-07,98.78688049316406,98.82133781485312,98.71796584978594,98.7438071980372,3068500
2021-06-08,99.07113647460938,99.12281916485524,99.02806318469692,99.09697781973232,4760500
2021-06-09,99.38125610351562,99.53631076245223,99.25204279239146,99.42432282584902,5679300
2021-06-10,99.73441314697266,99.74302911862303,99.12281060101175,99.16588388720282,6494800
2021-06-11,99.58799743652344,99.6827534303291,99.50185741635346,99.66552148305774,3914200
2021-06-14,99.27790069580078,99.49325405956608,99.23482739422248,99.4846380848378,3730900
2021-06-15,99.29512786865234,99.31235981842049,99.17453050852818,99.22621978576942,4212700
2021-06-16,98.61459350585938,99.38986018700055,98.46814825598764,99.33817749414092,13529000
2021-06-17,98.96778106689453,99.28650637816979,98.70074502656757,98.7696596731237,8838100
2021-06-18,99.52767181396484,99.56212912711455,98.89883735008857,99.09696525768426,13435000
2021-06-21,99.208984375,99.36403905718801,99.13146031993749,99.2865150021255,6460000
2021-06-22,99.38984680175781,99.41569471676824,99.07112814263101,99.09696948558067,5459700
2021-06-23,99.19173431396484,99.38124627526368,99.14866102382916,99.27787432217485,5429800
2021-06-24,99.17451477050781,99.30372808501116,99.13144804704814,99.19174671754142,3631700
2021-06-25,98.96778106689453,99.27789040433467,98.79550102256664,99.24343308105661,6716800
2021-06-28,99.27790069580078,99.37265670162256,99.14868736312899,99.15730333785727,4968900
2021-06-29,99.32957458496094,99.33819055892458,99.14006259013577,99.14867856409943,3373200
2021-06-30,99.48461151123047,99.63105675424144,99.45877016601129,99.47600211086497,6572800
2021-07-01,99.41307830810547,99.51651265989736,99.2751570704542,99.45617376253657,11966200
2021-07-02,99.77513122558594,99.77513122558594,99.50791699588139,99.53377558889177,5071900
2021-07-06,100.30094909667969,100.36990973214004,99.8958135839103,99.8958135839103,9095300
2021-07-07,100.59397888183594,100.77500211655949,100.39572536029354,100.49054454936002,7456400
2021-07-08,100.85258483886719,101.01636464520492,100.69742675298032,100.78362422815174,7368000
2021-07-09,100.34403228759766,100.45608836683407,100.33541056567273,100.4388449229842,5531200
2021-07-12,100.29228210449219,100.47329875853453,100.21470635695056,100.4302033131598,3867700
2021-07-13,99.98198699951172,100.44746131204158,99.8957895141795,100.34402696022156,6926500
2021-07-14,100.41297912597656,100.4388377134483,100.17162354097847,100.25782102469972,6029200
2021-07-15,100.83536529541016,100.88708247410757,100.44746672583882,100.67158546093913,5704500
2021-07-16,100.81809997558594,100.83534341570814,100.55950756176252,100.5681227053781,3577900
2021-07-19,101.68011474609375,101.80941427544127,101.43875913208358,101.49047631324369,20557500
2021-07-20,101.5508041381836,102.1628148287849,101.4646066535046,102.11971937466866,8729000
2021-07-21,100.96464538574219,101.20600753397221,100.86982618590619,101.1370469201922,7438300
2021-07-22,101.1973876953125,101.40426296405411,100.95603211903958,100.96464726358775,6363500
2021-07-23,101.04222869873047,101.06808728503682,100.8267317109159,100.8353534318334,6804600
2021-07-26,100.97327423095703,101.21462981977031,100.95603736451889,101.19739295333218,6179600
2021-07-27,101.4042739868164,101.46461288744355,101.29221790749371,101.3870371194002,8621200
2021-07-28,101.49044799804688,101.4990697179839,101.07669751130528,101.21461214807069,11533500
2021-07-29,101.18016052246094,101.30946005238233,101.09396302799577,101.1198216186906,6203800
2021-07-30,101.46459197998047,101.52493086817437,101.34391420359266,101.35253592374767,5656400
2021-08-02,101.90970611572266,102.1080878059357,101.53018416130195,101.62506464990712,19495800
2021-08-03,101.93556213378906,102.09944777959652,101.88381154277438,101.93556213378906,6627300
2021-08-04,101.90970611572266,102.32372408354802,101.59056205580552,102.23747088864248,7545000
2021-08-05,101.53876495361328,101.74577384272276,101.46975979701214,101.69402326561887,5164600
2021-08-06,100.94364166259766,101.133402618076,100.917766365159,101.03852214033684,7807600
2021-08-09,100.72797393798828,101.18512159842862,100.72797393798828,101.09024115033412,10842500
2021-08-10,100.5382308959961,100.8142449992798,100.52961018514324,100.80562428842694,7192400
2021-08-11,100.6503677368164,100.90912726161278,100.43473150913837,100.60723785900262,7254300
2021-08-12,100.54686737060547,100.6589958481913,100.42611160068356,100.54686737060547,6932200
2021-08-13,101.1247787475586,101.1247787475586,100.6848855148226,100.70213352013333,6896500
2021-08-16,101.34901428222656,101.6250283557674,101.34901428222656,101.3921441546245,6928100
2021-08-17,101.29729461669922,101.52155159566874,101.28004003019596,101.33179720900914,7785500
2021-08-18,101.24552154541016,101.34040201419491,101.029885312844,101.25414883730755,7025800
2021-08-19,101.46977233886719,101.5387775039975,101.3748918819867,101.46114504805222,6242600
2021-08-20,101.37491607666016,101.53017444491076,101.27141488495731,101.46979655618532,6510200
2021-08-23,101.40078735351562,101.4180419385794,101.26278357648562,101.34903675971637,3958500
2021-08-24,101.1247787475586,101.35766959378016,101.09890344924429,101.27141640583368,3649700
2021-08-25,100.72797393798828,101.12474372970432,100.67622335928006,101.09024115033412,5874700
2021-08-26,100.72797393798828,100.77110380737457,100.5640883311534,100.67622335928006,6850600
2021-08-27,101.0557632446289,101.0557632446289,100.59860892164576,100.72799197227512,6360700
2021-08-30,101.25413513183594,101.26276242256557,101.0039963462338,101.03849892845768,6546200
2021-08-31,101.06437683105469,101.34039091528217,101.02125353768172,101.20238716351587,7418400
2021-09-01,101.1075439453125,101.23701539783673,101.02123183869355,101.20248923815083,11908600
2021-09-02,101.22838592529297,101.22838592529297,101.10754765455503,101.21975273875687,2976200
2021-09-03,100.98668670654297,101.02984604433988,100.88310824694464,100.99531989114043,4988900
2021-09-07,100.58968353271484,100.7105218216189,100.50337140995379,100.63283630149894,7098600
2021-09-08,100.86587524414062,100.93492756887379,100.66735145683077,100.72777059467427,6046200
2021-09-09,101.15071105957031,101.2629161482731,100.82271580996007,100.9090345083999,7009500
2021-09-10,100.8313217163086,101.0125790806461,100.73637644186651,100.92626699075068,8147100
2021-09-13,100.9521484375,101.0384605175446,100.90899569007249,100.92625547200558,4269300
2021-09-14,101.33198547363281,101.43555739282968,101.07304250525418,101.12483505004585,6991000
2021-09-15,101.15933990478516,101.28881137012421,100.98671567446128,101.27155158116872,5108900
2021-09-16,100.8399887084961,100.99535315647154,100.71051723765113,100.8054625439246,5682700
2021-09-17,100.54649353027344,100.61554584151098,100.45154824861953,100.58965287109461,7611700
2021-09-20,101.05573272705078,101.16793777907678,100.83131603780882,100.90900152397295,8781600
2021-09-21,100.995361328125,101.11619962130612,100.93494218153445,101.0903066420806,4867900
2021-09-22,101.09027099609375,101.17658309147484,100.80543515466444,100.99532571561731,10966400
2021-09-23,100.17535400390625,100.65008045205434,100.17535400390625,100.62418747946289,10650100
2021-09-24,99.87326049804688,100.04589129435801,99.81284136563586,100.03725810824457,10528000
2021-09-27,99.60570526123047,99.77832949707408,99.57981228437318,99.60570526123047,6742100
2021-09-28,99.2259292602539,99.4503460468108,99.02741203710934,99.24319563586212,10295500
2021-09-29,99.3294906616211,99.57116719699572,99.14823326009012,99.4330625566721,8364000
2021-09-30,99.45033264160156,99.48485880297126,99.1913897239248,99.23454907193491,7307900
2021-10-01,99.85627746582031,99.89946679705555,99.55397191647393,99.64034398917764,19830100
2021-10-04,99.73535919189453,99.90810334413622,99.55397585511065,99.68353726417543,7691800
2021-10-05,99.42440795898438,99.60579128393368,99.32075752054196,99.57988032176472,6861900
2021-10-06,99.45030975341797,99.55396018230547,99.37257687407681,99.45894893660008,7473500
2021-10-07,99.0530014038086,99.25166309526828,99.04436221989299,99.22574554352147,8160200
2021-10-08,98.83707427978516,99.0011858358852,98.72479124073968,99.0011858358852,9455100
2021-10-11,98.59519958496094,98.74203272707388,98.57792122132123,98.66429985998994,2261300
2021-10-12,99.04438781738281,99.078937972208,98.70753204504756,98.76799316854958,7938400
2021-10-13,99.23440551757812,99.37260613011543,99.05302215594885,99.10484409076639,11662400
2021-10-14,99.46762084960938,99.5108036001973,99.24304814134044,99.34669201456599,9518200
2021-10-15,98.97528076171875,99.13075315295119,98.92345882789719,99.1048421860404,8689700
2021-10-18,98.83707427978516,98.91480717071657,98.52612953652559,98.68160190815537,8703300
2021-10-19,98.48295593261719,98.74207878997356,98.46568415068516,98.69888945049149,7445200
2021-10-20,98.43975067138672,98.6470449560063,98.41383970953008,98.48293341122562,6230000
2021-10-21,98.18063354492188,98.42247798924318,98.146083397195,98.37929524690973,7103900
2021-10-22,98.43111419677734,98.50885367425349,98.18063057565794,98.27564183159174,10204600
2021-10-25,98.55204010009766,98.65569054401907,98.44839624594317,98.44839624594317,4835000
2021-10-26,98.67296600341797,98.67296600341797,98.37929961933789,98.56932214539778,5603100
2021-10-27,99.22579193115234,99.38126436548325,98.74210284202049,99.01849754863434,16140300
2021-10-28,98.96664428710938,99.2516780914921,98.86299383376088,99.12211667224835,9940400
2021-10-29,99.00981140136719,99.20847309147725,98.62977297862734,98.6988666801832,11254300
2021-11-01,99.00203704833984,99.07982490155135,98.69951773958452,98.72544702398835,14479000
2021-11-02,99.24406433105469,99.36507206898803,99.10577259959963,99.11441129914692,12191100
2021-11-03,98.932861328125,99.29588440115218,98.76863377843074,99.26130983308893,17031100
2021-11-04,99.46880340576172,99.54659127418756,99.10578016425245,99.10578016425245,12665400
2021-11-05,100.01334381103516,100.09977697888567,99.589816672468,99.69353383611742,12955100
2021-11-08,99.58113861083984,99.84908332133944,99.53792533834763,99.84908332133944,7404300
2021-11-09,100.03923797607422,100.24668541938993,99.96145013065009,100.00466340218827,12345400
2021-11-10,99.1835708618164,99.89233337021088,99.00205923588429,99.86640407999597,19425100
2021-11-11,98.86373138427734,99.22676112220356,98.86373138427734,99.18354125512815,3746100
2021-11-12,99.07122039794922,99.34781051776713,98.98478062753286,99.22680275249859,10613400
2021-11-15,98.68219757080078,99.03658193655296,98.6476230038183,99.01065265992219,8021400
2021-11-16,98.59580993652344,98.88104529990049,98.57852594227063,98.69088839098245,6573700
2021-11-17,98.95018005371094,98.95881875236542,98.57851158434836,98.59579557608377,10006200
2021-11-18,99.01068115234375,99.03661043643622,98.78594969949856,98.80323369075144,10183400
2021-11-19,99.27863311767578,99.49471929343349,99.2181292522407,99.33049168964108,10731600
2021-11-22,98.55258178710938,98.91561158022124,98.49207792066187,98.82053313374276,10876200
2021-11-23,98.14633178710938,98.43156049282061,98.14633178710938,98.37970192713237,11543700
2021-11-24,98.44889068603516,98.46617468340968,98.1031513886871,98.16365527114087,8322900
2021-11-26,99.71945190429688,99.7367358970076,99.33049282682397,99.38235799380978,13878500
2021-11-29,99.49474334716797,99.5725312239218,99.10579077454206,99.13172006679335,13908200
2021-11-30,100.09115600585938,100.39367544413096,99.58983431133548,100.10844000471953,19416800
2021-12-01,100.27971649169922,100.27971649169922,99.61366762718617,99.734767420734,24991000
2021-12-02,100.06343078613281,100.29697842042302,99.82988315184262,100.25373228045004,11448900
2021-12-03,100.65165710449219,100.89385666598787,99.81260390970847,99.8991028103222,19790900
2021-12-06,100.1499252319336,100.5824262091656,100.0374773536521,100.50457920099561,9863200
2021-12-07,99.76933288574219,100.08073415046927,99.70013773759098,99.87313550713185,7678400
2021-12-08,99.44927978515625,99.6482265470469,99.31952816684762,99.62227754327346,11126500
2021-12-09,99.70010375976562,99.85580433906637,99.56170031174736,99.69145189440458,9198400
2021-12-10,99.76933288574219,100.0461398761146,99.7174348747683,99.85583836995451,5051500
2021-12-13,100.2450942993164,100.33159319068625,100.00289476370388,100.02019190220089,5706900
2021-12-14,100.07209014892578,100.17588617218803,99.84718776612095,100.03748927469104,4749500
2021-12-15,99.9250259399414,100.10668216345724,99.71742731234795,99.82988179351884,8428000
2021-12-16,100.21593475341797,100.35446535006817,100.05143132127145,100.06875094860393,9085400
2021-12-17,100.44105529785156,100.72676312688854,100.38044980617667,100.53629344269828,7933100
2021-12-20,100.35447692871094,100.73542290244674,100.32849748471477,100.60555210447862,13772100
2021-12-21,99.95618438720703,100.03410949233778,99.76571474183577,99.9908170333205,7672800
2021-12-22,100.05142974853516,100.12069504577146,99.86095348388649,100.11203523224134,5538200
2021-12-23,99.8436508178711,99.99083463563706,99.72243983788701,99.98218142671176,7209700
2021-12-27,99.87826538085938,99.9302110470151,99.783027255906,99.80900008898386,3471800
2021-12-28,99.8609848022461,100.06878075912388,99.80903911577884,100.04280791589025,8314500
2021-12-29,99.35015869140625,99.62721333595516,99.28089337889308,99.54063499806558,11879900
2021-12-30,99.67916107177734,99.68782088739589,99.38479339578569,99.54929686501862,10296000
2021-12-31,99.56660461425781,99.83499943467423,99.56660461425781,99.70513523479761,7584500
2022-01-03,98.64019775390625,99.05578298978479,98.64019775390625,99.0211503363363,27744600
2022-01-04,98.58824920654297,98.6055622300116,98.33716743047799,98.41508594434141,15911800
2022-01-05,98.17266845703125,98.61422653889065,98.10340314899382,98.60556672401013,13715700
2022-01-06,97.93024444580078,98.0168227762936,97.81769327671044,97.94755746969807,10957400
2022-01-07,97.60990142822266,97.83501038129582,97.37613926559153,97.80037772655353,13318200
2022-01-10,97.58390808105469,97.61854072851885,97.29819369360193,97.3587991752887,8430700
2022-01-11,97.81771087646484,97.8263640872188,97.45407125416239,97.54065620573712,8086500
2022-01-12,97.83502197265625,98.20731479836529,97.81770894598561,97.98220581862152,7996500
2022-01-13,98.1467056274414,98.18133828499215,97.81770528896537,97.89562381432653,8431100
2022-01-14,97.47136688232422,97.91291832019303,97.4453940454499,97.8956052974444,10595700
2022-01-18,96.73543548583984,97.14235424861431,96.7008028368905,97.05577592899213,11594100
2022-01-19,96.9692153930664,97.15969169446907,96.83068477186316,96.89129687276727,10349700
2022-01-20,97.17701721191406,97.17701721191406,96.99520070233916,97.12507152503679,8297300
2022-01-21,97.73977661132812,97.87830723650411,97.53198727906792,97.72246358593301,13250000
2022-01-24,97.65319061279297,98.0860888742529,97.63587098325274,98.0427964059056,22377400
2022-01-25,97.5232925415039,97.91289822566587,97.46268706606757,97.73974161170531,13534000
2022-01-26,96.83069610595703,97.62723406010377,96.83069610595703,97.5406557144695,12694700
2022-01-27,97.23761749267578,97.41943399248571,97.0471411770166,97.06446080871513,11609400
2022-01-28,97.46271514892578,97.54064027151233,97.073109352503,97.09908219153074,6713500
2022-01-31,97.46271514892578,97.53198045666863,97.22029317732908,97.28089867022827,8258600
2022-02-01,97.33100128173828,97.53032865699558,97.1750079568819,97.4956627390444,16338700
2022-02-02,97.53030395507812,97.76429057717601,97.40897657890201,97.40897657890201,5997100
2022-02-03,97.11431121826172,97.20097928958185,96.99298385262819,97.09698157110502,8032600
2022-02-04,96.36903381347656,96.58569081990241,96.27370420170143,96.55969303702685,8616400
2022-02-07,96.39500427246094,96.49899536735325,96.27367030867858,96.39500427246094,10294700
2022-02-08,96.08304595947266,96.18703708488097,96.03104378492178,96.13504152217682,8111500
2022-02-09,96.21302032470703,96.51634535956167,96.17836102937379,96.3083499164878,10113400
2022-02-10,95.3290786743164,95.91838597059514,95.29441276137685,95.85772227591264,16633900
2022-02-11,96.31703186035156,96.3950318156527,95.2597446812131,95.73639270847936,18315600
2022-02-14,95.64970397949219,96.04835193786609,95.51104037039963,95.79702910526943,11090000
2022-02-15,95.36373138427734,95.53705431313196,95.29439956799713,95.37239951427385,8490500
2022-02-16,95.56309509277344,95.6237588063546,95.27711279266155,95.60642915040951,9007700
2022-02-17,96.07438659667969,96.10905251226184,95.77972962015511,95.78839775201249,8749500
2022-02-18,96.38639068603516,96.3950588194628,96.16973363328354,96.23039734358005,8486800
2022-02-22,96.3777084350586,96.38637656721652,96.05705366369071,96.16971954620115,8392500
2022-02-23,95.87503051757812,96.10902372470775,95.7710394138275,96.02236226763378,7941800
2022-02-24,96.10037994384766,96.67235760677623,95.96172289976764,96.64635321240463,19162100
2022-02-25,96.07438659667969,96.09171624854709,95.7450703164203,95.95305919806584,8101900
2022-02-28,97.16634368896484,97.18367334152656,96.69836372762752,96.73302964459855,12291800
2022-03-01,98.11266326904297,98.44227640993748,97.62691619450209,97.67028268741035,28285600
2022-03-02,96.63807678222656,97.6355922190324,96.62072488962708,97.54885260945903,12303800
2022-03-03,97.05445098876953,97.23660619444311,96.70748585604437,96.88097173131169,12247400
2022-03-04,98.01726531982422,98.27749079523043,97.8177582396383,97.91317380609999,20102300
2022-03-07,97.60086822509766,98.0866218172489,97.53148052719564,97.55750174113467,13633200
2022-03-08,96.96768951416016,97.21056306700787,96.84625273773631,97.03708384863322,10819400
2022-03-09,96.36917114257812,96.65541779758308,96.26508626280011,96.56867819183218,7932300
2022-03-10,95.92681121826172,96.13499425828779,95.72731074383148,96.03957868606146,11100100
2022-03-11,95.90077209472656,96.0222088698401,95.71861693205626,95.82270843264268,5567600
2022-03-14,94.68639373779297,95.18948605642298,94.68639373779297,95.12876767566726,8622500
2022-03-15,94.6430435180664,95.2415581429796,94.57364917533266,95.18950907702491,9294400
2022-03-16,94.51290893554688,94.65169758893677,93.89704917619554,94.54760609889435,12847300
2022-03-17,94.33074951171875,94.75577816227987,94.15727032065905,94.57362302632511,7215900
2022-03-18,94.60834503173828,94.73845776810343,94.48690824254646,94.48690824254646,7509200
2022-03-21,93.37661743164062,94.07054093783883,93.30722309567837,93.92308293727513,11003600
2022-03-22,92.86483001708984,93.02096394315336,92.7867663629617,92.98626677982733,7710300
2022-03-23,93.4893569946289,93.4893569946289,92.89084256428558,93.09034958033556,11222700
2022-03-24,92.96893310546875,93.24650382889827,92.90821471652505,92.94291188417975,11112300
2022-03-25,92.01477813720703,92.55256765614969,91.91936258685122,92.54389832815926,9055600
2022-03-28,92.22295379638672,92.55256693827262,92.04947458861679,92.16223541188648,12858500
2022-03-29,92.68270111083984,92.79546857802497,92.2489963731964,92.44850346434839,7539900
2022-03-30,93.0469970703125,93.07302490949375,92.43113723251766,92.49185562165776,6430100
2022-03-31,93.220458984375,93.35057167565591,93.04697319006499,93.185761825513,9147200
2022-04-01,92.61346435546875,92.92608416998091,92.22268627469542,92.3182093638667,10237000
2022-04-04,92.55268859863281,92.72636334955538,92.37900722244316,92.70899852456995,7372100
2022-04-05,91.44983673095703,92.30085894219108,91.35431362688176,92.28348749130431,9675600
2022-04-06,91.12850189208984,91.45848645108987,90.87666895551166,90.87666895551166,9054400
2022-04-07,90.90276336669922,91.15459642481399,90.71171714155918,90.90276336669922,5518900
2022-04-08,90.44248962402344,90.67695115288848,90.31223027453586,90.38170281096467,8091800
2022-04-11,90.0083236694336,90.22542044305729,89.89542910697793,90.12121160662153,7356400
2022-04-12,90.44248962402344,90.8245753238504,90.33828081938023,90.47722589223784,12211000
2022-04-13,90.64224243164062,91.10249315640635,90.58145560010821,90.69435016243109,6346100
2022-04-14,89.82595825195312,90.54671446568118,89.72174942122824,90.51198481404026,6158700
2022-04-18,89.56542205810547,89.92146385817824,89.5393715118106,89.90409241047092,4591500
2022-04-19,88.9749526977539,89.38309574629591,88.91416585809458,89.2181000563912,7004900
2022-04-20,89.66966247558594,89.80860097988739,89.23546888358268,89.33967110549166,7479300
2022-04-21,89.17464447021484,89.42647744249415,88.80991697141324,89.41779171923882,9137500
2022-04-22,89.21809387207031,89.46124121385338,88.90547396827262,88.9488959758488,5451600
2022-04-25,89.79122161865234,90.29488769392238,89.73911389086304,89.92148100022457,8617400
2022-04-26,90.39039611816406,90.54670603706745,90.1038334545635,90.39908184289946,9575400
2022-04-27,89.88674926757812,90.42514502156922,89.8433272631031,90.33830763788689,7908900
2022-04-28,89.7564926147461,89.78254316811791,89.4091364441634,89.58281784208869,6943500
2022-04-29,89.27886199951172,89.62621811152975,89.05308615817675,89.09650153138728,10012500
2022-05-02,88.61373901367188,88.87457489092243,88.52679593236566,88.81371407067489,11327000
2022-05-03,88.71809387207031,89.20498053931544,88.70070127204966,89.13542340589947,8129100
2022-05-04,89.29190063476562,89.36145775026131,88.51809596653821,88.68329245750755,11934700
2022-05-05,88.3963623046875,88.70936264850245,87.94425438213852,88.58764102961116,11675700
2022-05-06,87.89212799072266,88.34424277681973,87.80518488057602,87.94429916347792,12538400
2022-05-09,88.54420471191406,88.587679580436,87.89212148408673,87.93559635260867,7301200
2022-05-10,88.83980560302734,89.18758459787823,88.78764107546613,88.95283095718753,8054600
2022-05-11,89.38754272460938,89.42232128341331,88.50071269177046,88.62243433091831,7167900
2022-05-12,89.68315124511719,90.04831613848604,89.56142961399424,89.65706898606676,8132400
2022-05-13,89.21363830566406,89.50055638207766,89.16147379479995,89.43969557495936,6016900
2022-05-16,89.58751678466797,89.839656358198,89.43971288639125,89.53535226370718,3315600
2022-05-17,88.90936279296875,89.24844548902713,88.88328052916928,88.98760958436718,4286800
2022-05-18,89.54402923583984,89.63966859959932,88.848478066071,88.90933887634242,4465500
2022-05-19,89.86575317382812,90.36133610321814,89.79619604572673,90.33525383851331,5137600
2022-05-20,90.2830581665039,90.41347608795608,89.78747537165044,89.81356426260571,5908800
2022-05-23,89.7353286743164,90.22221526886133,89.72663237560457,90.04832909461882,5720600
2022-05-24,90.50911712646484,90.83081378754436,90.17003450442508,90.19611676253103,6786600
2022-05-25,90.69169616699219,90.8308103827842,90.48303147663509,90.8308103827842,4274500
2022-05-26,90.64825439453125,90.77867235155058,90.31786135230455,90.74389378745657,3478900
2022-05-27,90.77864837646484,90.93514192355794,90.6134518989807,90.81342029804259,2508200
2022-05-31,89.83097076416016,90.10049633234878,89.68316684827172,90.09180666670774,6773200
2022-06-01,89.32516479492188,89.98677005424813,89.15976181968459,89.89971166204566,5555900
2022-06-02,89.45577239990234,89.59505391401181,89.2468401663009,89.58635338549703,3014300
2022-06-03,89.2816390991211,89.35999032685051,89.08142072910064,89.10753559113608,2687800
2022-06-06,88.61136627197266,89.15109797423094,88.55913652845996,89.064039546209,4800600
2022-06-07,88.96825408935547,89.16847911589275,88.82897260093162,88.84638029637576,3230000
2022-06-08,88.6374740600586,88.94215860890903,88.62876688962714,88.80287709013099,2917900
2022-06-09,88.55915069580078,88.74196146896612,88.36763275011519,88.52432864734642,4178600
2022-06-10,87.68859100341797,88.1934939383808,87.57541772219612,88.10644216625786,4443400
2022-06-13,86.13034057617188,86.87899777889595,85.67766072997267,86.75712396837106,9200800
2022-06-14,85.442626953125,86.44373902488883,85.30333879214479,86.32186520484368,7829800
2022-06-15,86.6352310180664,86.67005305056783,85.66024067452116,86.13902867776252,10256200
2022-06-16,87.20109558105469,87.24462479115134,85.6863733807658,85.79083950002278,9168800
2022-06-17,87.2271957397461,87.4535356391519,86.66135595366737,87.2794321113775,7029700
2022-06-21,86.7745132446289,87.0095536459937,86.66134662791595,86.75710555037428,10342000
2022-06-22,87.87141418457031,88.02811005327342,87.67118910281756,87.78435575847102,9501900
2022-06-23,88.36759948730469,88.94214646646724,88.27184055050691,88.41112205027014,9247200
2022-06-24,88.05419921875,88.58522358313138,87.98455515485198,88.25441760042749,5127000
2022-06-27,87.55802154541016,87.9410507214754,87.44484824929683,87.54931437456482,5439400
2022-06-28,87.67117309570312,87.69728796211466,87.34037371845008,87.46224752278668,3763300
2022-06-29,88.37630462646484,88.37630462646484,87.74082071269133,87.81916531509171,3559600
2022-06-30,89.05529022216797,89.26421572337135,88.80283553080383,88.88118010314687,5409500
2022-07-01,90.00997924804688,90.64643399783583,89.78330256605207,89.90536128764973,63222900
2022-07-05,90.34130859375,90.69004407995035,90.18437496427863,90.45464696159482,6651400
2022-07-06,89.57408905029297,90.68134501837767,89.55665493384387,90.67262463430107,4754700
2022-07-07,89.0248031616211,89.60022198983265,88.95505340920074,89.60022198983265,4058100
2022-07-08,88.48424530029297,88.7893921274752,88.3796273319459,88.78067839791424,3664900
2022-07-11,89.18171691894531,89.32993012105624,88.91144500313115,88.9550335999103,2765700
2022-07-12,89.3909912109375,89.82691724368503,89.32124144928908,89.65254949126738,3669200
2022-07-13,89.77461242675781,89.84436219165265,88.73710629198405,88.85045132286409,6809400
2022-07-14,89.27764892578125,89.4868915498562,88.86787740867813,89.10327452929955,5370400
2022-07-15,89.582763671875,89.79200622089515,89.3124917689031,89.33864625606803,3834000
2022-07-18,89.32124328613281,89.45202242898715,88.95506700750347,89.29508878790266,3150700
2022-07-19,88.9114761352539,89.28637278766894,88.82428560776404,89.20790264326872,2996100
2022-07-20,88.82427215576172,89.35610236473073,88.75452905671676,89.34738863466407,53057500
2022-07-21,89.83563995361328,89.83563995361328,89.09456700908892,89.18175088755586,5344300
2022-07-22,90.86441040039062,91.0736530038578,90.51566829347705,90.67260190900303,7747100
2022-07-25,90.54186248779297,90.58545776466102,90.28031078170072,90.30646528713942,2994500
2022-07-26,90.57670593261719,91.2829039411061,90.54183105357164,91.1521314593141,4736300
2022-07-27,90.75978088378906,91.20442721244437,90.6900311358231,90.79465575777203,7475300
2022-07-28,91.65780639648438,91.82346041954398,91.32650500206864,91.63165189846517,5768100
2022-07-29,91.69267272949219,92.05013524030537,91.37880547911574,91.47470973071425,5961100
2022-08-01,92.22894287109375,92.29007921530041,91.81845313283682,91.95819715580164,9672400
2022-08-02,90.95381927490234,92.35996201932946,90.89268292355172,92.19401763850807,9269700
2022-08-03,91.32936096191406,91.33809662905425,90.33370813550675,90.81406987779171,7829500
2022-08-04,91.79222106933594,91.8184213987461,91.29439482046456,91.42540313087481,9873200
2022-08-05,90.46470642089844,90.63064409792386,90.26382607920124,90.59571475997392,10047200
2022-08-08,90.9974594116211,91.04112441124357,90.75291409098249,90.83151508831908,6681300
2022-08-09,90.72672271728516,90.90140273593367,90.6393860396416,90.7441940508307,3814700
2022-08-10,90.77913665771484,91.45163645418457,90.77040099030665,91.13721906110831,7260300
2022-08-11,90.1764907836914,91.08480684155177,90.08041844446072,90.98873450232108,8309300
2022-08-12,90.53458404541016,90.56951338552909,90.23763134750858,90.52584837869976,4128600
2022-08-15,90.82280731201172,91.1197600520869,90.7878713035698,90.98001601831922,3441100
2022-08-16,90.71800231933594,90.75293832637965,90.29877689817339,90.64813030524851,3241800
2022-08-17,90.10663604736328,90.27258042208226,89.92322700005603,90.22890874556812,6366700
2022-08-18,90.28126525878906,90.59568249524938,90.20265761799472,90.35113057316805,3709200
2022-08-19,89.50399017333984,89.68739918365756,89.39918216886075,89.62626284688498,6678000
2022-08-22,89.11092376708984,89.47774161735917,89.06725878302419,89.4340766332935,4125800
2022-08-23,88.89260864257812,89.51270759629766,88.83147231371451,88.96248063652514,7755000
2022-08-24,88.59564971923828,88.7703230152254,88.46464141556838,88.68298636723183,3504600
2022-08-25,89.16334533691406,89.1982813303796,88.55198210966572,88.66551909090914,6645300
2022-08-26,89.05856323242188,89.28564390725612,88.7528815528532,88.96249089550588,5535900
2022-08-29,88.55198669433594,88.71793100604894,88.42971404255576,88.71793100604894,4416900
2022-08-30,88.52577209472656,88.84018933815632,88.22881951443904,88.55197242111926,4474200
2022-08-31,88.15897369384766,88.59566366591805,88.01049403919,88.3947833468872,5797600
2022-09-01,87.45816040039062,87.76438511997777,87.25692987403261,87.5718991033235,10324200
2022-09-02,87.94810485839844,88.18434008382259,87.68562943316806,87.80811929998166,5741900
2022-09-06,86.96819305419922,87.44065686858659,86.92444380880872,87.41440999143134,6769400
2022-09-07,87.53691864013672,87.64190617127174,87.2656852759067,87.30943453067903,7169700
2022-09-08,87.21318054199219,87.72064246265424,87.21318054199219,87.52815644618255,5773600
2022-09-09,87.221923828125,87.57189108980081,87.11692964450367,87.40565864306409,5780600
2022-09-12,87.01194763183594,87.53691194817527,86.85445967197384,87.46691581597022,4034200
2022-09-13,86.52198028564453,86.5744740424842,86.31199858308788,86.40824158742593,5100500
2022-09-14,86.56574249267578,86.77572422666825,86.34700957283393,86.39075215168292,3866600
2022-09-15,86.26824951171875,86.43448864231439,86.18075769174135,86.32949445322272,4622600
2022-09-16,86.33824157714844,86.60946820888152,86.13700439298675,86.19824933161027,4718200
2022-09-19,86.09326934814453,86.27700418007554,85.95327709036953,86.01452203434653,3879000
2022-09-20,85.55955505371094,85.77828793604218,85.3408221713797,85.48080774496881,4869100
2022-09-21,85.90078735351562,85.98827918112258,85.13084992529635,85.70830132766116,5414900
2022-09-22,84.60588836669922,85.06085656540128,84.50964535063528,85.00836280216596,6662400
2022-09-23,84.71088409423828,84.84212517988938,84.2384201910137,84.57089849802298,7630600
2022-09-26,83.30223083496094,84.2559096813734,83.17974095379938,84.24715849694817,8015500
2022-09-27,82.73352813720703,83.42472488700285,82.68978556328976,83.32848187910734,8668400
2022-09-28,84.5971450805664,84.69338809802316,83.57346995627172,83.90594826210373,8471700
2022-09-29,84.20343017578125,84.50091044338589,83.89720539677613,83.97595272577719,6056500
2022-09-30,83.98468017578125,84.76336874500433,83.6959578286298,84.57088940530275,8847200
2022-10-03,84.98146057128906,85.60387399900931,84.58696866590203,84.78859875375282,10579900
2022-10-04,85.15674591064453,85.6476618063351,84.99895056014007,85.32330952735131,7361400
2022-10-05,84.35025787353516,84.67461022388619,84.13986625597921,84.64831210772032,8603700
2022-10-06,83.88560485839844,84.32392444622458,83.77163748509892,84.20995707292505,11298400
2022-10-07,83.47360229492188,83.74535836073491,83.3421050511251,83.44730418380804,5085300
2022-10-10,82.98267364501953,83.4034567346923,82.68461282562691,83.35086052053985,3829100
2022-10-11,83.19307708740234,83.6576948807988,82.96514897976779,83.26320984178646,5498500
2022-10-12,83.46485137939453,83.57881211398748,83.02653160110452,83.07912783426603,5847400
2022-10-13,83.11419677734375,83.49115206580487,82.37782273750115,82.38659100604096,6220100
2022-10-14,82.6495590209961,83.57003303798919,82.6057310652802,83.56126477155495,5886200
2022-10-17,82.73721313476562,83.37716275427593,82.69338518354492,83.2456655241599,3215200
2022-10-18,82.9476089477539,83.10540428162412,82.46545468086528,82.95637052480515,4006600
2022-10-19,82.07975769042969,82.46548122811252,82.01839319018278,82.29891757534422,5762600
2022-10-20,81.46611785888672,82.0972994376204,81.4047533547448,81.88690780745229,5738400
2022-10-21,81.65018463134766,81.81674824013969,81.07160616580911,81.17679860232859,7528500
2022-10-24,81.54499816894531,81.90442355147097,81.25571223536916,81.62389919681385,6210800
2022-10-25,82.5618896484375,82.78981773943622,82.36902793207143,82.43916068133674,6301500
2022-10-26,82.98267364501953,83.12293244550158,82.75474556998125,82.7635138350822,6692700
2022-10-27,83.57005310058594,83.69278210721812,82.99146776512343,83.24569404692703,7238100
2022-10-28,83.14047241210938,83.44730153396779,82.91255099754204,83.03527997099442,5659800
2022-10-31,82.7635269165039,82.89501747266812,82.41286982753476,82.78105676124991,4586900
2022-11-01,82.74856567382812,83.45138414744872,82.60799795752142,83.42502937630063,6066400
2022-11-02,82.60802459716797,83.34599194048447,82.39717965735174,82.85401147739354,7581400
2022-11-03,82.24781799316406,82.3971661885111,81.8612634144883,81.87005057381421,8403900
2022-11-04,82.07209014892578,82.53770895052979,82.05452253680215,82.26536739547171,5287000
2022-11-07,81.78221130371094,82.22147553467548,81.76464368363406,82.17755313316317,4289300
2022-11-08,82.3268814086914,82.47622960238671,81.98425592779574,82.01061070284332,4679200
2022-11-09,82.60802459716797,82.66073415646208,82.17754755677322,82.23904427682962,3658100
2022-11-10,84.46171569824219,84.49685763683578,83.83796136914451,83.83796136914451,9608300
2022-11-11,84.2860107421875,84.39142985287027,84.03123672030533,84.07515911554339,2840200
2022-11-14,84.0839614868164,84.2069549399559,83.92582608954557,84.19816777826294,4130800
2022-11-15,84.70769500732422,84.76919171871583,84.28600518710711,84.49685009721566,6841600
2022-11-16,85.33146667480469,85.41932488267796,84.90098960731456,85.10305410172678,6140100
2022-11-17,84.75165557861328,84.89221667000967,84.56716537591977,84.80436515005675,5986800
2022-11-18,84.45293426513672,84.85705653240966,84.43536664596829,84.75163741211927,3102100
2022-11-21,84.40019989013672,84.87460589988109,84.37384511781279,84.81310919691263,4477700
2022-11-22,84.88343811035156,84.97128963227141,84.67258641457414,84.76044463913547,5532800
2022-11-23,85.34024047851562,85.37538241563641,84.90976347840451,84.9976149698869,5236500
2022-11-25,85.31389617919922,85.3226833402184,85.08547691118027,85.10305123321864,1345400
2022-11-28,85.34906005859375,85.52476310829994,85.22606658327108,85.41055679625508,4218400
2022-11-29,84.98883819580078,85.28754134651018,84.96248341539936,85.00641251782838,3356600
2022-11-30,85.75316619873047,85.75316619873047,84.69014753320153,84.83949576743872,7127100
2022-12-01,86.68977355957031,86.70737616314756,85.88871741905905,85.91512468241874,17629100
2022-12-02,86.86581420898438,86.87461886752513,85.92391722472388,86.1968011956072,5783700
2022-12-05,85.98554229736328,86.38166465102704,85.94152571762858,86.34645273043671,6295800
2022-12-06,86.51371765136719,86.62815808548031,86.13519785635253,86.20562170565478,5745500
2022-12-07,87.27075958251953,87.36759069891072,86.81301798175143,86.86583251215096,5386200
2022-12-08,86.77780151367188,87.04188086783405,86.6633610824793,86.81301343742437,5325800
2022-12-09,86.13519287109375,86.59294114907725,86.13519287109375,86.52251730385093,4343100
2022-12-12,86.01195526123047,86.61054451897714,85.89752154871552,86.531322729387,5192200
2022-12-13,86.78660583496094,87.37639720617038,86.70738403768715,87.27076142715043,7856600
2022-12-14,87.02429962158203,87.13873336487136,86.45211747315659,86.83944201350415,6533200
2022-12-15,87.19363403320312,87.3259340339229,86.92021896635778,87.149531789944,4344200
2022-12-16,86.97309875488281,87.13185734144669,86.49682299519118,86.58502071460342,4432800
2022-12-19,86.26752471923828,86.48802243642604,86.196970563821,86.47920737265908,3951100
2022-12-20,85.64129638671875,85.82651362788127,85.54427687053051,85.62365953334593,4199800
2022-12-21,85.74715423583984,86.02939104763769,85.63249111510372,85.99411060503091,4406600
2022-12-22,85.7206802368164,85.97645835312308,85.67657800919088,85.76477573538675,2143100
2022-12-23,85.3326187133789,85.50901419997518,85.27970141321131,85.31498185634187,3164900
2022-12-27,84.61821746826172,85.03275430890955,84.5829370212856,84.8651738680373,4780800
2022-12-28,84.41535949707031,84.81225949247208,84.39772263750149,84.74169859608189,3161200
2022-12-29,84.82987976074219,84.90925570686348,84.60056025685381,84.6446624907364,4021800
2022-12-30,84.47710418701172,84.90927793013792,84.3359891139545,84.54766508806927,5043800
2023-01-03,85.1385726928711,85.55310945450579,84.97099228394066,85.47373351073196,6808300
2023-01-04,85.791259765625,85.92355975859344,85.54430336758108,85.85299886513599,7800100
2023-01-05,85.66779327392578,85.74717597217811,85.17388041034002,85.28853683108441,3177900
2023-01-06,86.77027893066406,86.81438117572952,85.62369457859823,85.70307054484667,6807700
2023-01-09,86.99076843261719,87.14952707908773,86.61151203988516,86.6644360747468,4988000
2023-01-10,86.44393157958984,86.7261684036073,86.28517294551398,86.62914886450224,4026900
2023-01-11,86.99960327148438,87.01724686210284,86.64680547875543,86.6997295215526,7118700
2023-01-12,87.77572631835938,87.77572631835938,86.85846175710816,87.2818135962924,5768000
2023-01-13,87.30828094482422,87.75809820670302,87.19362454550708,87.54642226601875,5573500
2023-01-17,87.03483581542969,87.33470940029636,86.99955538267105,87.01719896357761,3709000
2023-01-18,88.21673583984375,88.25201628692295,87.80220572704191,88.0844425746183,7926400
2023-01-19,88.04916381835938,88.18146381518265,87.8727615795759,88.04034202415586,4234100
2023-01-20,87.46704864501953,87.7140050562477,87.37002909360025,87.59934864505105,8822700
2023-01-23,87.184814453125,87.44059266659768,87.14953400343315,87.17599265843761,4334900
2023-01-24,87.68754577636719,87.70518936507618,87.0084156503356,87.29947430251663,3540300
2023-01-25,87.78456115722656,87.96096339064975,87.5023243128066,87.74928071054192,2924700
2023-01-26,87.46704864501953,87.78456595347218,87.34357043940545,87.61698550482842,2875400
2023-01-27,87.33476257324219,87.33476257324219,87.11426478104357,87.14073016851663,5524100
2023-01-30,87.06132507324219,87.2730010151763,87.01722956357838,87.08778372485185,2584600
2023-01-31,87.50230407714844,87.53758451567417,87.08776733579056,87.45820857578296,4856400
2023-02-01,88.13165283203125,88.18468346138944,87.35384104641815,87.6808722520838,20159100
2023-02-02,88.09628295898438,88.57357877845224,88.06976764848059,88.40563948730617,5823000
2023-02-03,87.15055847167969,87.50411178719034,87.03565651011289,87.33617244504235,5267000
2023-02-06,86.39923858642578,86.65556450244551,86.35504190510738,86.53182188691416,5500400
2023-02-07,86.1871109008789,86.73511199566289,86.14291421876612,86.31085351863445,5678900
2023-02-08,86.50530242919922,86.51413637026604,86.08987792119862,86.27549183559893,6137600
2023-02-09,86.11640167236328,86.7439554664097,86.01917436336637,86.72628083907713,7358300
2023-02-10,85.70099639892578,86.07222434760779,85.63912507414545,86.04570902891173,5290000
2023-02-13,85.90424346923828,85.94843339440709,85.6921075519545,85.70978891679391,17262300
2023-02-14,85.51536560058594,85.84240353492376,85.28555497798457,85.6391082258019,7133600
2023-02-15,85.25902557373047,85.55954814492134,85.1441236531533,85.36509355358598,4964700
2023-02-16,84.97620391845703,85.23252987113895,84.89665797286666,85.05575660751516,27126400
2023-02-17,85.21484375,85.24135906162091,84.764063222044,84.79057853366491,4540500
2023-02-21,84.28675079345703,84.70217524300054,84.2690694268785,84.63146326361749,11382100
2023-02-22,84.43702697753906,84.68451221550906,84.39283703845412,84.5342542843797,30136400
2023-02-23,84.76404571533203,84.85243231696913,84.41933324852158,84.4635231776074,7059800
2023-02-24,84.25141143798828,84.36631336957232,84.06579751306013,84.22489612635096,10757200
2023-02-27,84.50775909423828,84.64034242999625,84.36633507117148,84.5519557873138,3693200
2023-02-28,84.64033508300781,84.6668503991641,84.14535778870784,84.25142579680097,4690000
2023-03-01,83.96365356445312,84.40649982427135,83.91936623555225,84.26478577762664,8328600
2023-03-02,83.61822509765625,83.68907535611896,83.4410825582571,83.51193957401675,12952800
2023-03-03,84.29137420654297,84.29137420654297,83.8130993287628,84.06109896551112,5696900
2023-03-06,84.14077758789062,84.51276677231745,84.07877939048615,84.48619708161506,3766400
2023-03-07,84.14965057373047,84.39764340510752,83.94593831521483,84.29135786710398,5053300
2023-03-08,84.12306213378906,84.63675855976348,84.01677661946866,84.47733366693105,5163500
2023-03-09,84.64563751220703,84.7784927473893,84.21165005075643,84.26478944191015,12498800
2023-03-10,86.2044677734375,86.2841768689216,85.61990737735925,85.74390380853366,11041300
2023-03-13,87.24958801269531,88.05556483967537,86.9218792876645,87.63928819788724,23930600
2023-03-14,86.42588806152344,86.9573022856311,86.24874548195524,86.87758643550079,47886700
2023-03-15,87.67469024658203,88.37438806513029,87.25841373047005,87.91383098265766,25157400
2023-03-16,86.88639831542969,88.35665052373278,86.78011958240188,88.15293835660478,13961000
2023-03-17,87.91385650634766,88.24155847028503,87.47986223185404,87.5595780861218,12293700
2023-03-20,87.55956268310547,88.06440714699562,87.35585043118947,88.0555483297912,7982400
2023-03-21,86.79785919189453,87.20527690375634,86.67386279077559,86.95728410151847,9851600
2023-03-22,87.9404067993164,88.01126381918516,86.57643957468105,86.6472965945498,10705200
2023-03-23,88.44525146484375,88.51610848489214,87.66584451620353,87.79869298217257,7118800
2023-03-24,88.47183227539062,89.0829623248321,88.35669467131684,88.95896590281473,9135800
2023-03-27,87.38243103027344,87.80755967409708,87.35585457739874,87.63042386538689,8284400
2023-03-28,87.32928466796875,87.46213990282503,87.11672034657745,87.19642943311247,13324800
2023-03-29,87.17869567871094,87.3469793825229,86.96613141309847,87.00155991691658,13404700
2023-03-30,87.31156921386719,87.39127829622447,87.07242845220019,87.09899814631927,4157500
2023-03-31,87.78984069824219,87.85183890130172,87.3115659500841,87.45327323252131,6330100
2023-04-03,88.2033920288086,88.35425645412043,87.62654989420253,87.6886709381948,7226600
2023-04-04,88.7713394165039,88.86895914695182,87.81289484702496,87.83064758202528,6763200
2023-04-05,89.14408111572266,89.42806398898361,89.01096943347984,89.0997128118703,6257100
2023-04-06,89.17069244384766,89.38367786365653,89.15293970929767,89.17956204043823,4264700
2023-04-10,88.29210662841797,88.53172112762513,88.18561731382259,88.46960010388324,6025100
2023-04-11,88.25662994384766,88.37200242434403,88.05252085951409,88.36312605568612,5459000
2023-04-12,88.51400756835938,88.70037072206377,88.1146589205195,88.66487878194684,5857200
2023-04-13,88.22113037109375,88.80684200877207,88.15013296934944,88.65597760807907,39858200
2023-04-14,87.7862777709961,87.94601854213964,87.67091206932548,87.92827257676147,4968500
2023-04-17,87.2271957397461,87.5023022355283,87.2005734041137,87.44905756426351,5681000
2023-04-18,87.36917877197266,87.56441824965155,87.23606710145084,87.25381306729203,5061300
2023-04-19,87.18279266357422,87.24491368365848,86.95206131508031,87.16504670241446,4648100
2023-04-20,87.68863677978516,87.75963416545873,87.57327110607812,87.6620144528284,4608000
2023-04-21,87.4756851196289,87.94603113236198,87.40468770658234,87.87503371931541,5948100
2023-04-24,87.90166473388672,87.9194107021903,87.65317378283375,87.71529482792546,5143700
2023-04-25,88.7713394165039,88.80683811581993,88.38086049471221,88.39861322971251,13076800
2023-04-26,88.4252700805664,88.86011746824336,88.2921515988363,88.75362809940906,5903000
2023-04-27,87.84840393066406,88.10576445311371,87.75078418867677,88.06139615173745,5065800
2023-04-28,88.50514221191406,88.51401181202515,88.1856605700504,88.38089333280077,8525900
2023-05-01,87.46342468261719,88.21956562802387,87.34778183255045,88.16619304906239,17442000
2023-05-02,88.6020736694336,88.62875995551768,87.71249460289923,87.76587396201705,8540700
2023-05-03,89.18032836914062,89.20701466328894,88.68216611316748,88.84229066500909,9534800
2023-05-04,89.16251373291016,89.66957353451998,88.92232358180829,88.94011896401199,12014100
2023-05-05,88.68213653564453,88.71772051162479,88.45974177598002,88.64655255966427,11254400
2023-05-08,88.1395034790039,88.32631428536648,88.09502180689127,88.13060578719133,7022400
2023-05-09,88.0327377319336,88.21954850899866,88.0149491380485,88.1305919656747,7317200
2023-05-10,88.69104766845703,88.76221563664984,88.42417796816052,88.43307566092237,9930800
2023-05-11,89.02017974853516,89.32264016999257,88.92232550514746,89.21588823531056,5979600
2023-05-12,88.48644256591797,89.02018871921453,88.45975627629572,88.94902075558817,5107300
2023-05-15,88.29072570800781,88.29072570800781,88.17508286826654,88.23735313381182,4459100
2023-05-16,88.00607299804688,88.06834327231695,87.75699190096661,87.95270041637278,7194000
2023-05-17,87.72138214111328,88.08610598696573,87.61463022218265,88.05941970397029,5542600
2023-05-18,87.17874145507812,87.41003389397817,87.14315748086665,87.40113620368801,9448900
2023-05-19,86.849609375,87.2677126585419,86.6983825494062,86.86740475857,12923500
2023-05-22,86.68948364257812,87.08979832388944,86.64500875817697,86.86740354103321,7034700
2023-05-23,86.8318099975586,86.93856192487384,86.49377240815114,86.56493357274522,8264200
2023-05-24,86.60942840576172,86.9741523357068,86.56494673254748,86.93857514147594,7415400
2023-05-25,86.06680297851562,86.5204903519272,85.99563500093109,86.44932237434266,11647700
2023-05-26,86.22691345214844,86.22691345214844,85.74653986233456,85.93335068277038,7408900
2023-05-30,86.90298461914062,86.90298461914062,86.42261108977623,86.48488135541884,7883000
2023-05-31,87.23211669921875,87.36555490986842,86.8407065447822,86.9563493743056,10817900
2023-06-01,87.47463989257812,87.72431158238776,87.3587228374646,87.4924774721607,18161600
2023-06-02,86.77915954589844,87.34983987181025,86.70782280439794,87.32309029450909,7585400
2023-06-05,86.75241088867188,86.9931638899818,86.33331603171924,86.4224835580175,6243100
2023-06-06,86.80589294433594,86.83264251665152,86.54730240687724,86.78806216380715,3986200
2023-06-07,86.17278289794922,86.77913139793408,86.0836154015193,86.68996390150417,8226600
2023-06-08,86.75241088867188,86.77024167271306,86.28872886704701,86.32439723817555,5841900
2023-06-09,86.4403305053711,86.56516641631586,86.28873821089795,86.4581612913431,6421900
2023-06-12,86.5829849243164,86.60082251080586,86.19955845134474,86.57406613107169,5261700
2023-06-13,85.96770477294922,86.77913789517127,85.83395011676807,86.71671996269265,9173500
2023-06-14,86.08363342285156,86.34222397876414,85.76262492606666,86.22630008639746,7704400
2023-06-15,86.75241088867188,86.81482883738528,86.4759895162334,86.59190662011652,5959100
2023-06-16,86.3779067993164,86.53841107456657,86.12822819100222,86.3244008388687,6538100
2023-06-20,86.63646697998047,86.84155154670991,86.53838069048584,86.53838069048584,5477300
2023-06-21,86.71673583984375,86.78807257660748,86.27089143963889,86.40464612030948,5119600
2023-06-22,86.22631072998047,86.60973721496701,86.16389278140342,86.45815174028647,4102100
2023-06-23,86.5829849243164,86.93966182059985,86.47598661756355,86.91291224391163,4112100
2023-06-26,86.79701232910156,86.87726788439252,86.6365148246153,86.80593112481118,2976600
2023-06-27,86.49380493164062,86.93964928695836,86.3778878483542,86.77914504692218,4752500
2023-06-28,86.84156799316406,86.87723636001206,86.44922276088141,86.61864580264808,5257300
2023-06-29,85.94987487792969,86.11929791111545,85.79828942878717,86.05687997305412,8268700
2023-06-30,86.13713073730469,86.19063668765983,85.87854018689791,85.97662649232963,7450600
2023-07-03,85.76349639892578,86.36237124729263,85.76349639892578,86.09421792298376,4687100
2023-07-05,85.35234069824219,85.80819866307822,85.24508481434403,85.76350416517202,10181200
2023-07-06,84.65516662597656,84.78924332632691,84.34232553810862,84.6998611325681,9285100
2023-07-07,84.54788970947266,84.86967100852905,84.50320202980673,84.53895626519333,6577600
2023-07-10,84.98584747314453,85.1109838482588,84.67300653535888,84.68193997685205,6622700
2023-07-11,85.16461181640625,85.2897481915815,85.0305351803125,85.14673811399021,6327100
2023-07-12,85.99590301513672,86.11209916214375,85.60261325692383,85.72775648679213,8255100
2023-07-13,86.71098327636719,86.76461122384976,86.32663374075364,86.41601592636579,9742600
2023-07-14,86.28194427490234,86.63053959273539,86.24619003468561,86.52328369150923,7491100
2023-07-17,86.4249496459961,86.50539156112826,86.2372450245979,86.34450091144079,3182400
2023-07-18,86.52327728271484,86.80930436383855,86.46964251665047,86.70204165113334,3626500
2023-07-19,86.8182601928711,86.87189497276403,86.5143593243207,86.68419029170197,5059300
2023-07-20,86.12996673583984,86.40705348595141,85.97801637735427,86.371299256998,9486600
2023-07-21,86.20150756835938,86.39815249174592,86.17469359142929,86.31770374153122,4560100
2023-07-24,85.99590301513672,86.44282071513395,85.9601487808062,86.3534385390191,7451100
2023-07-25,85.83502197265625,85.8886499204399,85.6473173359898,85.65625760042829,4079300
2023-07-26,86.12996673583984,86.17466122688708,85.78137152782145,86.03164431107344,4880100
2023-07-27,85.19145202636719,85.89758282921984,85.0752558763116,85.79926038708699,8522800
2023-07-28,85.46855163574219,85.57580752964293,85.3076609754675,85.38810289589306,5794100
2023-07-31,85.57581329345703,85.72777051909053,85.42386288724755,85.43280315214929,6347000
2023-08-01,85.07579803466797,85.29086027673405,84.9324186488203,85.16540673247006,7714000
2023-08-02,84.90554809570312,84.94139294696623,84.55606934177078,84.8249023078909,8009200
2023-08-03,84.27825164794922,84.45746900665044,84.19759905084088,84.33201548821879,11057900
2023-08-04,85.17434692382812,85.24602976091742,84.59188028849219,84.59188028849219,10189900
2023-08-07,84.96822357177734,85.11160289025624,84.86965199949866,85.06679514405603,4007400
2023-08-08,85.39836883544922,85.61343101208713,85.29979724684365,85.40732491681094,5401400
2023-08-09,85.45213317871094,85.5955056850879,85.36252450763742,85.39836934340751,5317200
2023-08-10,84.7979736328125,85.6134282326754,84.78901755174154,85.45212989625763,8462100
2023-08-11,84.34992980957031,84.7352532624333,84.31408497247799,84.4485014023983,5915000
2023-08-14,84.21553039550781,84.46643744877768,84.03630618838329,84.21553039550781,6218400
2023-08-15,84.0542221069336,84.39473780522408,84.0094143512648,84.12590494461858,9602600
2023-08-16,83.73163604736328,84.23345015843404,83.66890928347944,84.03630694716924,7199600
2023-08-17,83.62410736083984,83.7585238176059,83.39111929155902,83.70475996958147,9858300
2023-08-18,83.87500762939453,84.06318791891857,83.73163510072574,83.77643602487655,7510500
2023-08-21,83.3552474975586,83.51654582618718,83.25668275361598,83.48070783022774,10864000
2023-08-22,83.39112854003906,83.48074407895855,83.20294821437848,83.28360083206486,6330500
2023-08-23,84.29615783691406,84.29615783691406,83.87498958760543,83.90187150365442,8550500
2023-08-24,83.98252868652344,84.27824345265847,83.95564676900267,84.03629252156496,5735800
2023-08-25,83.95565795898438,84.17072016451823,83.64201731489652,83.8660424396997,7895700
2023-08-28,84.18864440917969,84.21553316866213,83.97358219025288,84.15280640327911,3301700
2023-08-29,84.78902435302734,84.8248691902958,83.97356968775338,83.99149552473943,7064200
2023-08-30,84.78005981445312,84.94135816072702,84.72629597792967,84.8965504058218,6346700
2023-08-31,84.95033264160156,85.07578616836742,84.79799035621065,84.87864295867695,6167300
2023-09-01,84.4310531616211,84.9700880760274,84.3232434370595,84.96110221876373,7746600
2023-09-05,83.91898345947266,84.19748339494218,83.88304687841175,84.18849753612646,4993400
2023-09-06,83.70336151123047,84.08068531996916,83.65844592687688,84.0627204570681,7344100
2023-09-07,83.9908447265625,84.02678130546663,83.81116868624348,83.901006706403,7137500
2023-09-08,84.0088119506836,84.32324843152796,83.97287537370121,84.19747383919021,4648500
2023-09-11,83.86506652832031,83.94592554093481,83.76624265412553,83.82912995095846,4321700
2023-09-12,83.98186492919922,83.99982979138079,83.79319617818435,83.8920200556868,4998400
2023-09-13,84.0806655883789,84.19746115953322,83.83810229802796,83.85606715671314,6675400
2023-09-14,83.89204406738281,84.21546651283371,83.83814261120882,84.14360018933621,6421000
2023-09-15,83.63147735595703,83.81116023235333,83.56859006276855,83.75725879653488,9367700
2023-09-18,83.71233367919922,83.77522097037088,83.52367180568423,83.52367180568423,4622200
2023-09-19,83.40687561035156,83.6763964872118,83.37094589069078,83.5236711889513,7536800
2023-09-20,83.34396362304688,83.7662096730471,83.32599876853985,83.64043512890217,10751800
2023-09-21,82.72411346435547,82.84988806431113,82.67020516851616,82.76902904765298,8702500
2023-09-22,83.0475082397461,83.11937451999327,82.742050845448,82.80493812453888,8637800
2023-09-25,82.43661499023438,82.67019243749499,82.40067841660952,82.51746714023984,11712000
2023-09-26,82.40966033935547,82.64323777546518,82.3108364801551,82.58933634470144,8281800
2023-09-27,82.04131317138672,82.66120702348492,81.82570060056128,82.62527045264734,10586100
2023-09-28,82.26593017578125,82.28389503815684,81.61908546303427,81.85266979912659,11654600
2023-09-29,82.28392028808594,82.68820178471282,82.15814565025633,82.60734274370597,13488300
2023-10-02,81.61643981933594,81.95872017201434,81.51735739869392,81.86864711837617,21010000
2023-10-03,80.94087982177734,81.5984192837384,80.89583985988594,81.44529440872098,21364700
2023-10-04,81.45429229736328,81.49933225290786,81.00392023044701,81.19307567389596,14054000
2023-10-05,81.60743713378906,81.66148646810393,81.4363003795051,81.64346773262096,11315900
2023-10-06,81.13003540039062,81.39125206101676,80.78775505481156,80.8598093729475,12257100
2023-10-09,82.16590881347656,82.16590881347656,81.61645415599365,81.74255782766501,5816700
2023-10-10,82.00376892089844,82.22895501518732,81.6524791635785,81.75156159483636,11508300
2023-10-11,82.4541244506836,82.50816690331139,82.1478678508161,82.32802081313017,14815800
2023-10-12,81.66146850585938,82.31900789154062,81.56238609889932,82.27396793487422,12855900
2023-10-13,82.18391418457031,82.29200598266237,82.0217799234993,82.25597538329835,9872500
2023-10-16,81.69751739501953,81.76056923049876,81.58943246113208,81.70652676355503,7248000
2023-10-17,80.8958511352539,81.10302536784387,80.75173560695443,80.97692170353147,11191600
2023-10-18,80.51753234863281,80.78775838722248,80.38241932933798,80.67065723017126,13794200
2023-10-19,80.1212158203125,80.61662801506907,80.04015211869857,80.29235946434382,27116700
2023-10-20,80.58958435058594,80.70667862214886,80.3914195278388,80.40943138802815,12587100
2023-10-23,80.9678955078125,81.06697791948473,80.17524308656759,80.30134672467172,12365000
2023-10-24,81.11200714111328,81.12100963397697,80.71567754688841,80.9048329790052,10906000
2023-10-25,80.40045166015625,80.71571084373495,80.30136922072654,80.68868960973317,15170200
2023-10-26,81.01295471191406,81.0489853130936,80.46350007016169,80.4815119346842,15901300
2023-10-27,81.13905334472656,81.1480558403619,80.80577545859907,80.94989785437336,11628200
2023-10-30,80.86882019042969,81.00393320657497,80.59860103027258,80.74271654126301,11022500
2023-10-31,80.69770050048828,81.085020929784,80.6796886333251,80.9138841392595,11574700
2023-11-01,81.62712860107422,81.6722872006834,80.89548761802736,80.93161863248652,22448900
2023-11-02,82.13294982910156,82.39489451804319,81.95230164631458,82.25037045878445,14046200
2023-11-03,82.7652359008789,83.3162218872235,82.75620831449035,83.1355736814297,23133700
2023-11-06,82.28649139404297,82.48520850553896,82.19616731371359,82.45811197056871,11246700
2023-11-07,82.75617980957031,82.93682795314083,82.54842824230776,82.54842824230776,13189400
2023-11-08,83.09040069580078,83.17169720498225,82.76522844164829,82.77426291850995,11117600
2023-11-09,82.2684326171875,82.95490116811091,82.2232671295778,82.94587358361767,17067900
2023-11-10,82.35875701904297,82.62973616317542,82.2684329347608,82.61166721154744,10674700
2023-11-13,82.3135986328125,82.3407020625928,81.91617124942591,82.04262635658799,8930200
2023-11-14,83.5510482788086,83.61427582347626,83.35233116948574,83.48782073414091,14313600
2023-11-15,82.90070343017578,83.15361360746962,82.82844141058168,83.14458602348448,12969400
2023-11-16,83.52395629882812,83.65041139505928,83.379432250972,83.38846672678449,10375600
2023-11-17,83.57817840576172,83.66850252140698,83.41559224108494,83.6233439092285,8462000
2023-11-20,83.69561004638672,83.7498031401633,83.37946528925374,83.40656183614202,7481200
2023-11-21,83.803955078125,83.92138257869085,83.58717591818956,83.79492060316949,9153300
2023-11-22,83.77686309814453,83.99364226986278,83.56911151058723,83.93041472430805,7255100
2023-11-24,83.3432846069336,83.4787741519388,83.33425702420857,83.41554661644096,4125800
2023-11-27,83.9756088256836,83.98464330420875,83.54204344322027,83.59624342308317,9539800
2023-11-28,84.34593200683594,84.37303543992329,83.8310770387737,83.87624253596528,13563300
2023-11-29,84.78853607177734,84.87886017939486,84.53561892264554,84.65304646470722,19075400
2023-11-30,84.37303161621094,84.4994867330717,84.20141100420544,84.47238330121267,18446700
2023-12-01,85.16911315917969,85.21439246312741,84.32684071704374,84.35400968135359,21393200
2023-12-04,84.81588745117188,85.03324603601261,84.63474953905057,84.84305641056386,16402000
2023-12-05,85.41363525390625,85.5042076753883,85.12382147039835,85.1781663052287,25452100
2023-12-06,85.76686096191406,85.84837477391963,85.50422300359148,85.60384024760981,14023400
2023-12-07,85.64004516601562,85.91174858781999,85.54947966198252,85.58570724553677,13730100
2023-12-08,85.08757781982422,85.26871571888515,84.8883364954137,85.16003297944859,13825300
2023-12-11,85.09664154052734,85.13286912251,84.7343726304055,84.90645191739695,10484600
2023-12-12,85.27778625488281,85.33212417734013,85.00608282318562,85.08758970687161,7248000
2023-12-13,86.54573059082031,86.65441336228521,85.46798914004546,85.5313856959734,16155200
2023-12-14,87.26512145996094,87.4467885572381,86.94720057464814,86.99261388388966,32373200
2023-12-15,87.19246673583984,87.33780598260057,87.05621292454084,87.10163317169275,9407100
2023-12-18,87.00172424316406,87.03805905906026,86.86547041609269,87.02897362254683,8634100
2023-12-19,87.16522216796875,87.32872536451566,87.10163797654258,87.14705822620003,9047100
2023-12-20,87.59212493896484,87.64662368034973,87.18337051826754,87.36503760965405,12659100
2023-12-21,87.45588684082031,87.83739195924925,87.33780390325609,87.78289320808985,8939700
2023-12-22,87.37413024902344,87.63755240436706,87.24696188853423,87.61938153563666,4956400
2023-12-26,87.4286117553711,87.51035985807079,87.31960735495034,87.33777822009772,3342500
2023-12-27,88.10990142822266,88.14623623981186,87.73747480705083,87.80106592494947,7362400
2023-12-28,87.7738037109375,88.07356068875548,87.68297015315648,87.9282283823371,4858500
2023-12-29,87.55581665039062,87.78290404847343,87.46498307718899,87.5194818350785,7820500
2024-01-02,87.22880554199219,87.33780998205437,87.12888653780779,87.14705740956333,9444000
2024-01-03,87.4377212524414,87.51038394256553,86.77462309515514,86.84729271543569,11040500
2024-01-04,86.91087341308594,87.04712721310527,86.82003985645844,86.91995884779554,7354800
2024-01-05,86.59295654296875,87.21971296407207,86.52937235734504,86.59295654296875,10001000
2024-01-08,86.8836441040039,87.16523027362548,86.62022187784015,86.64747125810577,7044700
2024-01-09,86.84729766845703,86.97446604612237,86.7655426084397,86.7655426084397,7360800
2024-01-10,86.71102905273438,87.07437018267647,86.6928651148073,87.01078600469828,9212700
2024-01-11,87.17428588867188,87.23787006425914,86.7291966595611,86.83819414333618,10305400
2024-01-12,87.41046905517578,87.63755641360326,87.21970957555924,87.41046905517578,8469600
2024-01-16,86.70195007324219,87.16521022165978,86.58386714253645,87.0562057955156,9847100
2024-01-17,86.42035675048828,86.5021117958072,86.24776815604712,86.4476061222094,9170700
2024-01-18,86.22960662841797,86.44760853843566,86.13877307675692,86.38402435925734,8910100
2024-01-19,86.23870086669922,86.25686480682347,85.8753596928059,86.0933616250793,17711100
2024-01-22,86.50212097167969,86.64745327966055,86.42945135261111,86.54753428598032,9831500
2024-01-23,86.28412628173828,86.31137566082408,86.17512876539506,86.2932117181527,6428600
2024-01-24,86.03888702392578,86.62931573095425,85.98438825809984,86.60205941788286,9718000
2024-01-25,86.41128540039062,86.43854170670973,86.2023688963745,86.33862270734315,11588100
2024-01-26,86.25685119628906,86.3386062393392,86.14784678227402,86.3386062393392,9134600
2024-01-29,86.77462005615234,86.85637510864386,86.45669914125463,86.52028332423417,6947500
2024-01-30,86.89270782470703,86.9653705105363,86.42944768549586,86.9199571981625,7265800
2024-01-31,87.61939239501953,87.63756326600199,87.1924670189695,87.28330058341153,15778300
2024-02-01,88.16209411621094,88.42616236749265,87.72501395443173,87.96176599819353,33372900
2024-02-02,87.01475524902344,87.32435511039716,86.85085107468504,87.17865942336182,13809200
2024-02-05,86.16793060302734,86.49573899899241,86.07687425907122,86.41379037357801,12147700
2024-02-06,86.63232421875,86.7142797886979,86.24077569981861,86.26809190741675,9327000
2024-02-07,86.47750091552734,86.82351768301146,86.45018471640377,86.47750091552734,8619800
2024-02-08,86.19524383544922,86.3591410674094,86.1132882723162,86.28630016892252,7808000
2024-02-09,86.04045104980469,86.11329890443878,85.95850242370668,85.98581863240602,8492500
2024-02-12,86.12240600585938,86.22257006847498,85.95850180768419,86.11329828730695,7023600
2024-02-13,85.17539978027344,85.56694828936595,85.15718434423006,85.48499272147744,11978400
2024-02-14,85.49410247802734,85.64889895232032,85.26645815213055,85.26645815213055,8979600
2024-02-15,85.7308578491211,85.95850218385209,85.62158606747487,85.86744583939044,6788300
2024-02-16,85.3575210571289,85.40305270467108,85.18451608020749,85.23004078059563,7147400
2024-02-20,85.50318908691406,85.70351715579004,85.49408137092375,85.53050528773319,8286300
2024-02-21,85.23002624511719,85.61246700949398,85.17539383510703,85.5669423168698,6433900
2024-02-22,85.2391357421875,85.40303992279293,85.0843392791582,85.20271181903595,8688500
2024-02-23,85.63070678710938,85.69444693262537,85.26647440680878,85.26647440680878,6426700
2024-02-26,85.50318908691406,85.648877807,85.30286101803807,85.63977703816148,6417200
2024-02-27,85.3119888305664,85.52141771761508,85.25734946890523,85.37572896320992,7540600
2024-02-28,85.62159729003906,85.62159729003906,85.3575289934808,85.41216836504248,5293600
2024-02-29,85.79460144042969,85.89476550751783,85.66712116361823,85.68532965438241,11919200
2024-03-01,86.18629455566406,86.24107175030387,85.47416316309084,85.68414705291939,11857200
2024-03-04,85.99453735351562,86.08583496786116,85.88497603696409,85.89410788806708,6641600
2024-03-05,86.52406311035156,86.67927671112949,86.33233603763189,86.43276549937475,7673100
2024-03-06,86.7340316772461,86.9075019695796,86.63360224121716,86.67925451779738,9499200
2024-03-07,86.88011932373047,86.93489648692044,86.66099673985076,86.90750790532546,8420900
2024-03-08,86.94403839111328,87.0901131650335,86.87099752137281,87.02620414540077,8103600
2024-03-11,86.83448028564453,86.99881876583476,86.75230756276893,86.97143018006321,5568200
2024-03-12,86.47843170166016,86.61538162294066,86.37800222375861,86.58798606623468,6556500
2024-03-13,86.28668212890625,86.4145001646674,86.25016169503728,86.35059114678683,9708400
2024-03-14,85.64757537841797,85.97625228081425,85.62931864631139,85.96712739754084,10055900
2024-03-15,85.50151062011719,85.65671724062601,85.48324692031582,85.58367637254166,6591400
2024-03-18,85.40109252929688,85.5471673193382,85.31891980037992,85.47413340709828,5319700
2024-03-19,85.64757537841797,85.76626851656981,85.51975735699271,85.57454148443193,5470300
2024-03-20,85.84846496582031,86.1406215429428,85.54717653659837,85.73891060287579,10190800
2024-03-21,85.85760498046875,86.07672069275155,85.78456408785352,86.01281165310395,8271200
2024-03-22,86.2775650024414,86.33234217981241,86.19539923638489,86.33234217981241,6119800
2024-03-25,86.04931640625,86.19539816483895,85.99453922955996,86.19539816483895,4488900
2024-03-26,86.1771469116211,86.19541061686395,85.92151076272216,86.02194024486998,5477600
2024-03-27,86.50579833984375,86.54231877395476,86.26841900090253,86.27755085082042,4838500
2024-03-28,86.42362976074219,86.52405224431236,86.25929129539772,86.31406846199242,7561400
2024-04-01,85.64168548583984,86.06288828098948,85.57758956018516,86.06288828098948,10854000
2024-04-02,85.45854949951172,85.49517673783329,85.17469014900234,85.25710318170874,7214900
2024-04-03,85.55926513671875,85.55926513671875,85.02818070664172,85.11058674617223,12908000
2024-04-04,85.85225677490234,85.87056689538079,85.50430161244903,85.74237509424405,6960500
2024-04-05,85.28455352783203,85.65081884636955,85.27539497373787,85.3852766650781,6334600
2024-04-08,85.09227752685547,85.21131080275394,84.98239582038167,85.07396740207527,7115100
2024-04-09,85.43106842041016,85.50431590049303,85.3394968449284,85.3394968449284,5151100
2024-04-10,84.29563903808594,84.76262749262042,84.16744722483018,84.70769014006221,14993700
2024-04-11,84.1766128540039,84.4879338592404,84.06673115372196,84.45131361174354,9371400
2024-04-12,84.5245590209961,84.75347398485833,84.5245590209961,84.61613059528523,11675600
2024-04-15,83.98432159423828,84.00263171721848,83.6455249386983,83.94769436234773,12315300
2024-04-16,83.65471649169922,83.8103770491885,83.48989737614207,83.61808924536064,12027200
2024-04-17,84.1857681274414,84.24986403695826,83.81950279337504,83.95685316689121,10515400
2024-04-18,83.89274597167969,84.10334379493423,83.78286429046258,84.10334379493423,6964500
2024-04-19,84.00263214111328,84.11251383733943,83.91106755388994,84.09419672833664,6125800
2024-04-22,84.01180267333984,84.07589859212749,83.82867347278406,83.84698359846716,4002900
2024-04-23,84.12165832519531,84.33225614200026,83.8194889505492,83.9018949694914,8319800
2024-04-24,83.86527252197266,83.95684408503132,83.72792914924352,83.9293754104855,7567400
2024-04-25,83.5447998046875,83.627212820958,83.34335352705965,83.40744943485669,5784300
2024-04-26,83.77371215820312,83.90190396981728,83.70961625239605,83.73708492832338,5432600
2024-04-29,84.11251068115234,84.13082080353787,83.89275428287628,83.96600175834834,4846500
2024-04-30,83.7187728881836,83.92021915494168,83.64551843010254,83.79202734626465,7516700
2024-05-01,84.05032348632812,84.36257703183912,83.74726273003984,83.96767246371289,12392500
2024-05-02,84.44522094726562,84.50032863107018,83.98602995351932,84.05031641237586,8661500
2024-05-03,84.9135971069336,85.13400682045774,84.69318739340946,85.0513558053981,8501100
2024-05-06,84.98706817626953,85.07890497174796,84.86768104281742,84.95033205673849,4043400
2024-05-07,85.20748138427734,85.42789110381241,85.13400914219943,85.29013940828965,7776200
2024-05-08,84.96868896484375,85.09726887497767,84.95951019081097,85.02379664252906,9024000
2024-05-09,85.2258529663086,85.2901394264658,84.92278522269663,84.95033556180705,9625200
2024-05-10,84.95033264160156,85.07890555749621,84.90441074019701,85.04216943771226,3205000
2024-05-13,85.0513687133789,85.1983062091291,85.04218293030092,85.17075586659466,3228700
2024-05-14,85.29930877685547,85.33604489384322,85.124820979536,85.21665776865643,4688800
2024-05-15,85.94219207763672,86.00647853949017,85.68504623022287,85.79524758957233,11384500
2024-05-16,85.77688598632812,85.96974537853116,85.74933564554183,85.96974537853116,4278400
2024-05-17,85.51052856445312,85.71257367823071,85.49215700500227,85.63910145382123,3883900
2024-05-20,85.38197326660156,85.46462428106834,85.35442292844597,85.39115904821956,4575900
2024-05-21,85.60237121582031,85.6758434452716,85.55645632743635,85.63910733054595,2669700
2024-05-22,85.4921875,85.59321009292347,85.38198613077401,85.39117191377599,3616300
2024-05-23,85.18911743164062,85.5381000739392,85.0605445104412,85.52891429193961,6005500
2024-05-24,85.29930877685547,85.30849455777688,85.07889908162683,85.10644941769317,3926400
2024-05-28,84.8217544555664,85.39115376679231,84.80338289346668,85.37278220469258,8761400
2024-05-29,84.40850067138672,84.61972462687439,84.23400583334967,84.61053884416211,10126800
2024-05-30,84.83094787597656,84.84931243303211,84.64726727192802,84.6931891746148,5069500
2024-05-31,85.2258529663086,85.24421752348266,85.05135814301104,85.08809426405783,4807400
2024-06-03,85.78404998779297,85.83010887771071,85.34191556602237,85.34191556602237,7675900
2024-06-04,86.25383758544922,86.33674219487746,86.01434396972444,86.06961605187695,8752000
2024-06-05,86.56700134277344,86.57620749786795,86.11564674956709,86.36435348910517,6466800
2024-06-06,86.5301513671875,86.61304892454093,86.39198174399948,86.41961426311728,5849400
2024-06-07,85.61822509765625,85.81166676188688,85.60901894419617,85.7932403997706,7125100
2024-06-10,85.43402099609375,85.51691855966162,85.3511234325259,85.46165351728304,3938900
2024-06-11,85.88538360595703,85.90380997504143,85.49851418639344,85.58141879207176,3954700
2024-06-12,86.36434173583984,86.88016745490665,86.34591537295984,86.65910029353493,9243200
2024-06-13,86.93547058105469,87.06442706732653,86.65913826515848,86.75124903712388,6529900
2024-06-14,87.13807678222656,87.22098135662932,87.00912035768721,87.05517923542186,5424600
2024-06-17,86.73280334472656,86.78806838559623,86.61305305270986,86.71437697937047,4957200
2024-06-18,87.11046600341797,87.21178993763925,86.8433399066164,86.88018561247866,5232600
2024-06-20,86.88941192626953,86.91704445294201,86.63149897385857,86.67755084244574,3573100
2024-06-21,86.9078140258789,87.1380944059303,86.75122505406783,87.05519684235955,6908700
2024-06-24,86.98152160644531,86.98152160644531,86.79730007919198,86.92625655378947,5276000
2024-06-25,87.0551986694336,87.09204437432706,86.88939651121282,86.92624221610629,3790100
2024-06-26,86.5301513671875,86.66831396277655,86.51172500270965,86.60383574230201,4196400
2024-06-27,86.72360229492188,86.80649986782399,86.68675658665417,86.69596977062116,4946600
2024-06-28,86.26302337646484,86.93543808531052,86.26302337646484,86.917018748843,6032400
2024-07-01,85.62089538574219,86.02742828473323,85.53774477406758,85.77796235160636,13662800
2024-07-02,85.94427490234375,86.04590813215084,85.81492480059869,85.98123308127832,8195700
2024-07-03,86.51710510253906,86.5540632767748,86.11057223499692,86.15677171505433,3861000
2024-07-05,86.99757385253906,87.05300760181399,86.71114970016264,86.82202424776504,5111500
2024-07-08,87.0252914428711,87.08996650057459,86.84050052868069,86.96985064408767,5294600
2024-07-09,86.9051513671875,87.00678457940538,86.69265068640514,86.88667580544364,3006900
2024-07-10,86.9883041381836,87.0344965644775,86.8589540660803,86.97906283330472,4076600
2024-07-11,87.54267883300781,87.75518659033288,87.50572065568817,87.60735388105431,9658400
2024-07-12,87.72745513916016,87.72745513916016,87.50571314333035,87.56114688002506,4304500
2024-07-15,87.45030212402344,87.61661042636123,87.37638575652825,87.50573587511845,3754500
2024-07-16,87.83834838867188,87.84758969644155,87.52421441502744,87.60736503779717,4705800
2024-07-17,87.91227722167969,87.96771097805524,87.62585303261467,87.70901071623145,5113500
2024-07-18,87.66279602050781,87.9122619790511,87.60736227374362,87.71823681632422,8640600
2024-07-19,87.38561248779297,87.496479971489,87.33941300355188,87.43180492298244,5274400
2024-07-22,87.30245208740234,87.55191801599618,87.16386068807815,87.4872429695184,3869800
2024-07-23,87.36711120605469,87.5426607497978,87.35787695042092,87.42255198510784,5095600
2024-07-24,87.173095703125,87.66277916955195,87.1638543974233,87.52419482928083,4733500
2024-07-25,87.36711120605469,87.66276951448778,87.30243617136777,87.34863564573705,4335600
2024-07-26,87.78289794921875,87.81061481820527,87.65354786124759,87.73669846820714,5217500
2024-07-29,87.93074798583984,88.01390566491249,87.84759735582027,88.00466435633706,6165600
2024-07-30,88.11550903320312,88.20790094046916,87.87528443507088,88.03235138232822,4419200
2024-07-31,88.76227569580078,88.77151700293575,88.1894344873165,88.37422538475593,10982900
2024-08-01,89.14131164550781,89.36372274671938,88.94670104815751,88.96523236062455,10492600
2024-08-02,90.52212524414062,90.58699544399866,90.012425766455,90.0680338451344,18286500
2024-08-05,90.61479187011719,91.35617160969069,90.26264038249643,91.18009233071972,19098200
2024-08-06,89.80855560302734,90.42945711510909,89.7436783310004,90.39238741837443,9507000
2024-08-07,89.48419952392578,89.64174750614933,89.31738942005286,89.54906972708069,8419700
2024-08-08,89.2154312133789,89.28030140322323,89.03008983391527,89.11349840389819,4856100
2024-08-09,89.57685852050781,89.697329709586,89.50271914092721,89.68806051955832,5174900
2024-08-12,89.82709503173828,89.87343392442357,89.41007327886014,89.46567429382459,4166400
2024-08-13,90.2255630493164,90.2255630493164,90.06802216585001,90.1977625487424,6458700
2024-08-14,90.34602355957031,90.47576392712246,90.16995138664656,90.18848269473125,4275700
2024-08-15,89.78073120117188,89.78073120117188,89.53978882303618,89.61392113229003,5507000
2024-08-16,89.95681762695312,89.97534893816288,89.71586815930056,89.96608681771848,4437000
2024-08-19,90.07728576660156,90.17922565059574,89.91047569009478,89.92901407099593,4437600
2024-08-20,90.43870544433594,90.47577513541735,90.22556355851864,90.29970294068146,4886000
2024-08-21,90.62405395507812,90.82793372099003,90.31823430621026,90.53138326247834,5386000
2024-08-22,90.2070083618164,90.42015727822003,90.07726800237744,90.40162597129418,4819500
2024-08-23,90.62405395507812,90.68892414693003,90.29043380546238,90.39237368841835,5475400
2024-08-26,90.51284790039062,90.79086705778262,90.51284790039062,90.78159786711731,3062400
2024-08-27,90.47576141357422,90.5406315955481,90.2255498746234,90.27188874902741,4433700
2024-08-28,90.42943572998047,90.56844529228147,90.3923660420122,90.49430591634493,8147000
2024-08-29,90.27188873291016,90.30895134804328,90.1328791800425,90.22554985851441,6199800
2024-08-30,89.95681762695312,90.40164686951778,89.93828631574337,90.29043779129638,4802600
2024-09-03,90.54981231689453,90.68923553872654,90.39180264145276,90.4475690936417,8232700
2024-09-04,91.07964324951172,91.12612003504876,90.62420053496858,90.65208376974606,9914900
2024-09-05,91.29338836669922,91.36774835592495,91.00525227264811,91.32127158981915,33635000
2024-09-06,91.42353820800781,91.87898084873774,91.10751171857022,91.33059174335936,17777600
2024-09-09,91.55365753173828,91.6187207610506,91.25622461325912,91.36776461694886,8532500
2024-09-10,91.94403839111328,91.9905151662406,91.54436223564319,91.56295578223822,7921400
2024-09-11,91.87899017333984,92.15783668694544,91.70239399999362,91.75816046617017,7286200
2024-09-12,91.73025512695312,91.90685125774134,91.56294867738133,91.80460803348304,5929800
2024-09-13,91.9068603515625,92.01840035943337,91.79532743505203,91.98122035680974,5305500
2024-09-16,92.1485366821289,92.18571668873052,91.89758050176954,92.00911343021319,6666900
2024-09-17,91.9812240600586,92.14853053292062,91.91616082568784,92.09276407242018,7807000
2024-09-18,91.58154296875,92.06487590503663,91.53507328461188,91.76744297938345,8584500
2024-09-19,91.5071792602539,91.52577280624473,91.29340312087957,91.3305831215012,16770800
2024-09-20,91.47928619384766,91.60012295571173,91.25621330546986,91.37704297597465,6580600
2024-09-23,91.42353820800781,91.50718789878322,91.07962848831176,91.29341173922784,7491700
2024-09-24,91.5257797241211,91.55366295385484,91.0982203216958,91.17257323719892,6580800
2024-09-25,91.15396881103516,91.33986170018679,91.15396881103516,91.33986170018679,10455100
2024-09-26,91.08894348144531,91.27483644792382,90.94022343517281,91.22836675198525,8026500
2024-09-27,91.45142364501953,91.49790042414561,91.22835070620827,91.30271071626565,6207700
2024-09-30,91.20045471191406,91.4142308467103,91.05173471261244,91.38634761968122,8902400
2024-10-01,91.53231811523438,91.79333183049293,91.42977599679847,91.51367021437858,11665600
2024-10-02,91.27131652832031,91.3085981108053,91.01961961795324,91.1221617500152,7742100
2024-10-03,90.8051986694336,91.09417709913151,90.77722682054598,91.02892367590651,11556100
2024-10-04,89.92892456054688,90.21790296531492,89.88231192851178,90.02214271252794,8878300
2024-10-07,89.60267639160156,89.7425000930515,89.55606374972452,89.59335244080803,10152600
2024-10-08,89.67724609375,89.67724609375,89.42555632064347,89.46284501149083,5975200
2024-10-09,89.34163665771484,89.56536875689525,89.29503113778576,89.51875612487706,6769200
2024-10-10,89.33233642578125,89.37894195437322,89.05267480586771,89.27639983454428,5959000
2024-10-11,89.36029052734375,89.44418473607627,89.19249499778915,89.23910763292248,5394100
2024-10-14,89.20182037353516,89.20182037353516,88.94080668162995,88.98741220541892,3850900
2024-10-15,89.65861511230469,89.69590380723115,89.50014349293578,89.54674902752534,7736900
2024-10-16,89.79843139648438,89.91961430130003,89.74249480710851,89.8263961351272,5041100
2024-10-17,89.33233642578125,89.44419538407432,89.25775904552559,89.40691380603691,5460200
2024-10-18,89.43488311767578,89.53742524274685,89.41623521561334,89.48148864865031,5174700
2024-10-21,88.74505615234375,89.11793597390977,88.73573931307061,89.08997123190825,6633600
2024-10-22,88.66116333007812,88.91285312416775,88.58658594216595,88.8569236392792,5433900
2024-10-23,88.45606994628906,88.55861206606964,88.31623913639824,88.40014046716891,6914300
2024-10-24,88.65182495117188,88.80097970272244,88.43742388593044,88.53996599959896,5486300
2024-10-25,88.45606994628906,88.85691447486121,88.39081651661874,88.84759052431104,6455300
2024-10-28,88.25096893310547,88.48401786793173,88.08317341554701,88.47470103124282,5447300
2024-10-29,88.28827667236328,88.30692457394424,87.83150265289818,87.87810818266937,8475400
2024-10-30,88.15777587890625,88.71709205930112,88.12048718526778,88.4933670095614,6341100
2024-10-31,88.11116790771484,88.27896348194318,87.83151335872861,88.01794972471944,8662900
2024-11-01,87.58938598632812,88.3281037878901,87.5613345855561,88.243949585574,15659500
2024-11-04,88.05691528320312,88.3093921209274,87.88859976943007,88.19717940036891,8179300
2024-11-05,88.10368347167969,88.21588907225139,87.65483966700216,87.94472078144962,8118500
2024-11-06,87.19664764404297,87.43977166184015,86.9722293152233,87.0002807145595,15261400
2024-11-07,87.89796447753906,88.05692716919015,87.50523060376686,87.5519805597129,15674000
2024-11-08,88.08496856689453,88.34679825380697,87.9821086877113,88.08496856689453,12335300
2024-11-11,87.84184265136719,87.86054120286967,87.69222570283218,87.82313696573593,3980000
2024-11-12,87.29016876220703,87.67355697263719,87.18730885863462,87.49588856935188,8037600
2024-11-13,87.23403930664062,87.6922287426869,87.12182659134952,87.68287589954704,6661800
2024-11-14,87.22470092773438,87.58003768468292,87.12184103852613,87.37431790626643,7510000
2024-11-15,87.2621078491211,87.55198183625605,86.86937396962267,87.05638806439418,16761500
2024-11-18,87.45846557617188,87.51456837186748,87.12183453373886,87.22469441526727,4788200
2024-11-19,87.64550018310547,87.78575719378458,87.60809593554745,87.72965438951293,4951500
2024-11-20,87.51456451416016,87.67353431850633,87.37430753110377,87.40235892771504,5752900
2024-11-21,87.46783447265625,87.73900992516849,87.35562172654156,87.58004721877093,5098200
2024-11-22,87.52391815185547,87.64548371711314,87.43041111759302,87.58937378925214,5373900
2024-11-25,88.46836853027344,88.4964199312371,88.19719309740717,88.32810439132462,7716000
2024-11-26,88.28136444091797,88.30941584506121,88.1036960358358,88.28136444091797,5093100
2024-11-27,88.63668060302734,88.75823904715847,88.45901222503325,88.63668060302734,5587600
2024-11-29,89.0107192993164,89.02006501020718,88.83305091456553,88.95460936331956,5136200
2024-12-02,89.0031967163086,89.11575471113669,88.63739217821828,88.74056855112383,5950600
2024-12-03,88.74996185302734,89.13452252949223,88.6936792701658,89.09700319294511,5364800
2024-12-04,89.08763122558594,89.11576893976536,88.49671060349037,88.5248483176698,5908800
2024-12-05,89.0782470703125,89.13452249707184,88.82499333773202,88.82499333773202,5210300
2024-12-06,89.3596420288086,89.50033776858629,89.17205247982673,89.44406233510824,6880200
2024-12-09,89.05010223388672,89.25645499027392,89.05010223388672,89.24707336787056,4303100
2024-12-10,88.89064025878906,88.95629730122076,88.77808941809528,88.86250254861562,3543400
2024-12-11,88.62801361083984,89.1063761602449,88.59987590018326,89.02196302827515,6452800
2024-12-12,88.29035949707031,88.5998886710707,88.26222178235793,88.52484999444962,4518000
2024-12-13,87.8776626586914,88.17781021445899,87.83076169594433,88.14967249924362,5230100
2024-12-16,87.90579986572266,88.04649559706833,87.81200509685293,88.03711397335671,4607600
2024-12-17,87.90579986572266,88.04649559706833,87.85889890324671,87.88703661829942,4881100
2024-12-18,87.22634887695312,88.00741869994319,87.16047534538345,87.894496748496,11553900
2024-12-19,86.83110809326172,86.9910928379153,86.68995564162192,86.93462467758229,9273800
2024-12-20,87.15106201171875,87.42396869140788,87.1322369001946,87.28280907368227,6070900
2024-12-23,86.7652359008789,87.12284126304851,86.69936236253353,87.0851982154687,5954500
2024-12-24,86.81226348876953,86.82167604254612,86.54876942042424,86.5864124558557,3076100
2024-12-26,86.87815856933594,86.91580161411053,86.51114785737944,86.53937834604122,3703300
2024-12-27,86.65231323242188,86.94403787419411,86.63348811894662,86.8217033553135,3752500
2024-12-30,87.16046142578125,87.20750983814507,87.06635024170295,87.07576279604584,4797700
