Date,Close,High,Low,Open,Volume
2014-01-02,148.19851684570312,149.1302337321919,147.8420347230395,149.0573079435391,119636900
2014-01-03,148.17416381835938,148.74939839369858,147.9635209796238,148.4496226911046,81390600
2014-01-06,147.74478149414062,148.71699736559427,147.51793153621463,148.66029105731053,108028200
2014-01-07,148.65219116210938,148.90334560626084,148.2227956874511,148.3362206739194,86144200
2014-01-08,148.6845703125,148.9357246974411,148.17415181252719,148.62785165143927,96582300
2014-01-09,148.78175354003906,149.1787469878691,148.10120394009377,149.16253989385405,90683400
2014-01-10,149.18690490722656,149.2517209472044,148.27139534083344,149.03296835757862,102026400
2014-01-13,147.201904296875,149.2192486705635,146.91833577763495,148.80606048421072,149892000
2014-01-14,148.8060760498047,148.88709916731733,147.41256249285306,147.68802131256876,105016100
2014-01-15,149.608154296875,149.83500418177283,148.83848416151508,149.15445452707934,98525800
2014-01-16,149.4137725830078,149.60822072599845,148.93576813918583,149.30034759019586,72290600
2014-01-17,148.78175354003906,149.43799868015705,148.5225018477511,149.15444252804178,107848700
2014-01-21,149.21925354003906,149.69727011913346,148.3037566624733,149.64055146847826,88621200
2014-01-22,149.3164825439453,149.53523505381034,149.0005121907585,149.4704190374655,61270900
2014-01-23,148.09312438964844,148.58733577749584,147.30725942444167,148.56303131271588,132496900
2014-01-24,144.93344116210938,147.17764851082234,144.88483222556744,147.12903957428043,208677100
2014-01-27,144.22048950195312,145.44387220107907,143.4994280357858,145.0711830516192,180843100
2014-01-28,145.0792694091797,145.26560777269015,144.3095867639093,144.32579386233442,110463200
2014-01-29,143.68577575683594,144.65799163774983,143.3049892460987,143.87211414643215,216597300
2014-01-30,145.20887756347656,145.67878448129093,144.423000244662,144.88480979510462,118938100
2014-01-31,144.35821533203125,145.2575177998419,143.3373905154876,143.4103039247274,194677900
2014-02-03,141.10939025878906,144.51215201274135,140.83393135981478,144.18808417422994,254837100
2014-02-04,142.09780883789062,142.4623882355272,141.0607769518868,141.7413268091277,165012400
2014-02-05,141.91957092285156,142.2355413893563,140.73671219691906,141.6036004563468,164230500
2014-02-06,143.7910919189453,143.7910919189453,141.96008512555076,142.25175112791763,132877600
2014-02-07,145.57351684570312,145.72745342591375,143.99366419006427,144.46357130140265,170787200
2014-02-10,145.8408660888672,145.88948739618692,145.19273034003433,145.58971163183492,92218800
2014-02-11,147.43687438964844,147.80956344164937,145.86511978483205,145.96235000322815,117814100
2014-02-12,147.50985717773438,148.12559110781325,147.21819113456073,147.65568401812249,94717700
2014-02-13,148.2713623046875,148.42529882003706,146.50517196779717,146.5132693350919,100542200
2014-02-14,149.08969116210938,149.3651500678559,147.9959405460508,148.13366999892406,96498400
2014-02-18,149.2679443359375,149.47048984707172,148.7899275342391,149.21932302885187,80460900
2014-02-19,148.27952575683594,149.8431712163398,148.15799102902545,148.8790525760708,126524300
2014-02-20,149.1544647216797,149.49473957228398,147.93919209992475,148.4820123874882,104998100
2014-02-21,148.98435974121094,149.7945416990972,148.91144633197612,149.43805965964395,118116400
2014-02-24,149.81069946289062,150.81531684788794,149.23546502277804,149.3002810415507,114063900
2014-02-25,149.7539825439453,150.36161881928177,149.259771212176,149.93222350703533,117085000
2014-02-26,149.7621612548828,150.36979781010294,149.3408631151256,149.97280414356274,98677200
2014-02-27,150.54795837402344,150.58845756613647,149.37318510536738,149.54332868932698,93880800
2014-02-28,150.92877197265625,151.62552886080928,149.92415438675698,150.5236810461113,150842000
2014-03-03,149.86746215820312,150.2482486853138,148.87094176459675,149.60010061603631,167748500
2014-03-04,151.97389221191406,152.29795996282755,151.3014398844959,151.33384171463032,167545900
2014-03-05,152.11163330078125,152.37089741132786,151.86857628774212,152.10353593322412,88376900
2014-03-06,152.45999145507812,152.80837602613695,152.13592370923035,152.48430828028918,82516500
2014-03-07,152.52484130859375,153.09197853321342,151.852388842529,153.09197853321342,114513500
2014-03-10,152.44386291503906,152.5005692321088,151.5688647864413,152.28992634208242,74939200
2014-03-11,151.6903533935547,152.88943150424993,151.34198111115174,152.67067893018606,99009100
2014-03-12,151.7308807373047,151.78759941004608,150.612825645166,150.95311295682245,104824400
2014-03-13,150.0294647216797,152.30608603892492,149.60817907275467,152.18455134749405,155014300
2014-03-14,149.608154296875,150.53176093178521,149.4299133355422,149.7620907964253,153919600
2014-03-17,150.96119689941406,151.3176789180939,150.29684179871168,150.361657835053,98359500
2014-03-18,152.03871154785156,152.2412569871845,151.10699510948453,151.2690413508649,101804600
2014-03-19,151.22857666015625,152.26560864195244,150.26445809214343,152.05495340782747,176267300
2014-03-20,152.11163330078125,152.22505825854708,150.628999119875,150.89636059797874,117241000
2014-03-21,151.52171325683594,153.8165164156202,151.383375908655,152.75049559019791,163128000
2014-03-24,150.8950653076172,152.22963968747018,150.23592364051524,152.0424664998827,121411000
2014-03-25,151.6112060546875,152.12387741615595,150.7649034490005,151.660029533502,103852000
2014-03-26,150.52076721191406,152.44936904449938,150.4800768423198,152.2052392438912,119843000
2014-03-27,150.20335388183594,150.8218050830826,149.6499923506544,150.34169116039294,142383000
2014-03-28,150.9439239501953,151.70071266964217,150.54517819729782,150.6346920431745,101642000
2014-03-31,152.1808319091797,152.416828609481,150.96834081210383,151.90415725506446,99745000
2014-04-01,153.18988037109375,153.27939421088394,152.17268329027638,152.6772090689357,89193000
2014-04-02,153.70254516601562,153.90598457356617,153.10036004956183,153.38518018691502,78774000
2014-04-03,153.4990997314453,153.97921373434386,153.02711883442527,153.93852337104022,77435000
2014-04-04,151.68441772460938,154.3698203951336,151.44030036843486,154.33727555329568,169381000
2014-04-07,150.00808715820312,151.57050040759265,149.69886768455598,151.31823751450284,140803000
2014-04-08,150.6265869140625,150.87070434183556,149.39780458179288,149.94302086541887,112660000
2014-04-09,152.2459259033203,152.29474937886064,150.59399875710085,151.03343487087818,100254000
2014-04-10,149.04783630371094,152.31099961930167,148.86066312641873,152.23776441964205,172959000
2014-04-11,147.70516967773438,149.25945001234336,147.5424206056769,148.2178410508257,167251000
2014-04-14,148.86878967285156,149.21869941570426,147.6481534996297,148.86064415151333,132382000
2014-04-15,149.8941650390625,149.99995751291175,147.70515485128857,149.17806671049902,157093000
2014-04-16,151.46475219726562,151.47288530563895,150.26038164220893,150.9276690376019,105197000
2014-04-17,151.67623901367188,152.0993963320698,151.00081889177113,151.26122721600134,105255000
2014-04-21,152.20521545410156,152.25405134015608,151.52980757562477,151.7169683461561,68329000
2014-04-22,152.8969268798828,153.31193881811336,152.2784755258018,152.35984384196806,85790000
2014-04-23,152.53892517089844,152.92139240057176,152.41686644524137,152.84002405578735,73869000
2014-04-24,152.8480682373047,153.30377043724212,152.11567905858783,153.28749181097186,88170000
2014-04-25,151.59490966796875,152.44122459149332,151.253132939338,152.35171075183123,100380000
2014-04-28,152.0750732421875,152.73421512377286,150.51265963699566,152.2134105887089,135121000
2014-04-29,152.782958984375,153.01894317793545,152.2377429909498,152.5632409993683,84098000
2014-04-30,153.2386474609375,153.39326334704472,152.31909766479583,152.53068252660654,101508000
2014-05-01,153.2549591064453,153.66997098203467,152.7666996153187,153.1654452803039,93019000
2014-05-02,153.0352783203125,153.91413816795452,152.8074271468821,153.2387177549438,98122000
2014-05-05,153.32823181152344,153.43402429110213,151.86346539679337,152.28662289815043,75883000
2014-05-06,151.9936065673828,153.09218402697354,151.9610617347587,152.98639159127816,85454000
2014-05-07,152.88877868652344,152.96201388893328,151.36704356259412,152.50631162910932,106500000
2014-05-08,152.7260284423828,153.84088485656233,152.23778130687074,152.75045259526684,93618000
2014-05-09,152.95388793945312,153.01897762222592,152.03433785409985,152.75044853415946,83679000
2014-05-12,154.4430694580078,154.51631708838772,152.98644862867468,153.63745727644346,86940000
2014-05-13,154.5814208984375,154.9557424935837,154.42680494598076,154.64651058867025,66454000
2014-05-14,153.84902954101562,154.5163168184762,153.62931148417408,154.44306918822426,72367000
2014-05-15,152.49813842773438,153.57230420260376,151.74948307719802,153.53974695169393,154956000
2014-05-16,153.02711486816406,153.09221696437143,151.9448158005078,152.58767882300322,97458000
2014-05-19,153.588623046875,153.7106817273666,152.59583772235572,152.73417503256496,63839000
2014-05-20,152.6202392578125,153.5316437897845,152.22963908938956,153.51536516115488,111644000
2014-05-21,153.90594482421875,153.97918001195302,153.03521842464636,153.0596301538911,89093000
2014-05-22,154.2803192138672,154.59768421988227,153.68627957018913,153.94667557711986,61549000
2014-05-23,154.8988037109375,155.00458378243965,154.28033983003843,154.41867716735567,61092800
2014-05-27,155.85086059570312,155.89968406548113,155.38701279890086,155.47652663247905,72010000
2014-05-28,155.73690795898438,156.09496323106453,155.47649960948846,155.85083350765046,66723000
2014-05-29,156.54254150390625,156.56695323792064,155.69623908517897,156.09498476900586,64377000
2014-05-30,156.79483032226562,156.89248969144475,156.265892775121,156.3960969893883,76316000
2014-06-02,156.97386169433594,157.04710932717757,156.2170729629523,157.0145520643685,64656000
2014-06-03,156.89247131347656,156.9738396251444,156.44490213995806,156.59137255113365,65047000
2014-06-04,157.20985412597656,157.29936797083704,156.46119852212394,156.62394758088195,55529000
2014-06-05,158.23513793945312,158.39788695045462,156.81106236352113,157.38883563207312,92103000
2014-06-06,158.991943359375,159.03262130056513,158.50368389555396,158.57691909004092,78696000
2014-06-09,159.15469360351562,159.53716062250513,158.8210500478943,158.9675328549529,65119000
2014-06-10,159.17103576660156,159.2035806161866,158.61767398798392,158.9594507849423,57129000
2014-06-11,158.6176300048828,158.7803790415973,158.2595746739376,158.6013513761247,68772000
2014-06-12,157.49464416503906,158.51998671213835,157.14473434890292,158.43047287734328,106350000
2014-06-13,157.9747772216797,158.12939316253255,157.2993568793498,157.8038826510117,82017000
2014-06-16,158.10499572753906,158.43863940187185,157.59233676281343,157.77949757796856,87424000
2014-06-17,158.54443359375,158.65835918902116,157.71439716136956,157.8852917627556,84834000
2014-06-18,159.7080841064453,159.7975979514545,158.19449426526288,158.54441653828323,105267000
2014-06-19,159.88706970214844,159.98472904541995,159.33372056374375,159.84637934386478,85929000
2014-06-20,160.21173095703125,160.3425590847571,160.01548876544248,160.28531710020567,100587000
2014-06-23,160.16268920898438,160.30168942963053,159.86833213101065,160.2526319960446,70611000
2014-06-24,159.1977996826172,160.66958463255747,159.01791416226592,159.87645642276894,96237000
2014-06-25,159.91732788085938,160.08085675522173,158.8298427754924,158.86254355978355,82782000
2014-06-26,159.80288696289062,159.95824378998552,158.73175828318043,159.94188715648718,84312000
2014-06-27,160.1136016845703,160.16265910893665,159.35317417752432,159.42676031407385,71445100
2014-06-30,160.03184509277344,160.39978828439496,159.87648825095488,160.01548845772493,70201200
2014-07-01,161.1029815673828,161.5935808306111,160.3670951489979,160.42432465971527,90470000
2014-07-02,161.26649475097656,161.47090901128735,161.04573633288945,161.1193224722518,52475000
2014-07-03,162.0595703125,162.13315642790272,161.60168451472447,161.72432804039568,52938800
2014-07-07,161.4954376220703,161.87973742932755,161.25832256990083,161.74892178491837,61696000
2014-07-08,160.4569854736328,161.25828569691188,160.0645012007809,161.20104372845094,108143000
2014-07-09,161.17654418945312,161.3237289375223,160.51424401428102,160.85765845783487,72992000
2014-07-10,160.5387725830078,160.9639577169381,159.49217261983762,159.62300073434784,99040000
2014-07-11,160.75953674316406,160.87400821945897,160.08087996353885,160.44065102516717,64243000
2014-07-14,161.5690460205078,161.7816323724437,161.43821789172094,161.5772180998856,58658000
2014-07-15,161.26649475097656,161.97786486084837,160.55513711756103,161.66715119270998,111307000
2014-07-16,161.86338806152344,162.10867518468064,161.4218462869287,161.98603162310204,79986400
2014-07-17,160.02365112304688,161.9778507827125,159.7946956930584,161.3646080550795,145398000
2014-07-18,161.65892028808594,161.8224491415371,160.4569638767195,160.54690661758542,124330000
2014-07-21,161.35646057128906,161.4872887109238,160.6123895631318,161.15204628178157,67592000
2014-07-22,162.0595703125,162.35392725056315,161.78974207957108,161.90421352901495,67678000
2014-07-23,162.4193878173828,162.59110127896483,161.97785852203103,162.30491633514671,65612000
2014-07-24,162.42755126953125,162.76279361986664,162.2640223716583,162.5747360111355,56888000
2014-07-25,161.66714477539062,162.1086740704948,161.34825904102212,161.9696738761758,76837000
2014-07-28,161.73252868652344,161.96964368523302,160.7676871082436,161.69981542545443,69259000
2014-07-29,161.0375518798828,162.26403744252693,161.01302316674642,162.03509446894986,80466000
2014-07-30,161.06207275390625,161.82250025349185,160.39160050005088,161.60990144804896,104222000
2014-07-31,157.8813934326172,160.0808928465753,157.78327858116978,159.94189264820605,183479000
2014-08-01,157.39894104003906,158.42918416259616,156.638526170725,157.44799845400084,189261000
2014-08-04,158.53555297851562,158.87079542268677,157.03106673464436,157.70153914652798,91340000
2014-08-05,156.998291015625,158.29837492018888,156.42593370228596,157.8895464854533,152690000
2014-08-06,157.0474090576172,157.71788140838956,156.23792401713519,156.26245273262336,94818000
2014-08-07,156.197021484375,157.91410623841466,155.80454960327822,157.75874940644033,135733000
2014-08-08,158.0040283203125,158.11031523633244,156.13158697949297,156.54859999522847,117014000
2014-08-11,158.46192932128906,159.16511484135017,158.38834318553347,158.6009295143126,74544000
2014-08-12,158.24114990234375,158.74809322325737,157.75873529202562,158.3065639560834,73632000
2014-08-13,159.31228637695312,159.4921719144952,158.59275670324052,158.86257253309796,69047000
2014-08-14,160.06459045410156,160.06459045410156,159.42681875065736,159.57400355416164,57371000
2014-08-15,160.03184509277344,160.7922601903608,158.87894561276332,160.64508790429497,139951000
2014-08-18,161.37271118164062,161.4462972831653,160.82488274287354,160.91482547022036,75424000
2014-08-19,162.2150115966797,162.33765518623815,161.43823975107244,161.7652976408675,59135000
2014-08-20,162.64837646484375,162.84461869370514,161.96154737851785,161.99424817843175,72763000
2014-08-21,163.12257385253906,163.3351601840809,162.65650336711872,162.78733148335488,67791000
2014-08-22,162.86912536621094,163.27795393032054,162.50118215380382,162.99176894486075,76107000
2014-08-25,163.69491577148438,164.013801476842,162.83637349507399,163.64585835165315,63855000
2014-08-26,163.80123901367188,164.20189546138394,163.76035366570835,163.80123901367188,47298000
2014-08-27,163.73580932617188,163.99746554700212,163.48233766002713,163.88298159304742,47874000
2014-08-28,163.64588928222656,163.75218869625556,163.03264646551844,163.19617538801586,58330000
2014-08-29,164.11190795898438,164.12825211255011,163.38419387881018,163.89930919809888,65907000
2014-09-02,164.0301513671875,164.34903705943867,163.41690869159257,164.32450835053123,72426000
2014-09-03,163.9402313232422,164.6843022004053,163.71128835741598,164.65977348809938,57462000
2014-09-04,163.70310974121094,164.8232958133007,163.2533959061348,164.2182251555205,85236000
2014-09-05,164.43898010253906,164.50439415189038,163.04896586407267,163.67038061822885,102177000
2014-09-08,164.01380920410156,164.52076501130287,163.53139458442675,164.2836375023405,64146000
2014-09-09,162.9753875732422,163.98110211790924,162.64014523286824,163.8666306451541,88591000
2014-09-10,163.588623046875,163.69490996058474,162.52566657459795,163.06531065003958,67251000
2014-09-11,163.7766571044922,163.8011858100119,162.81181560705713,162.93447161110825,66774400
2014-09-12,162.82005310058594,163.62952559884081,162.35398259126396,163.61318144081503,117409300
2014-09-15,162.69737243652344,162.97538527482644,162.20678576440062,162.8445571716785,76401000
2014-09-16,163.92384338378906,164.21820035170092,162.30488629850066,162.39482905193077,116201000
2014-09-17,164.1446075439453,164.90502240215133,163.32695071931792,164.1609641738447,151266000
2014-09-18,165.01954650878906,165.0440752213831,164.43083245361942,164.64341878825334,94990000
2014-09-19,164.87086486816406,165.8566373529881,164.53405540429287,165.54448379590644,121649000
2014-09-22,163.59754943847656,164.60797770517428,163.25252973818064,164.58333433620854,125553000
2014-09-23,162.66104125976562,163.68788994021284,162.611754528668,163.00606091222303,111393000
2014-09-24,163.93435668945312,164.0411529767406,162.25854494810054,162.6857050276994,107276000
2014-09-25,161.28916931152344,163.51538271613242,161.23167230478964,163.50715990461782,150300000
2014-09-26,162.5707244873047,162.97325379747792,161.35493881229354,161.58495197959894,103547000
2014-09-29,162.2749786376953,162.56250134145887,161.05098278029266,161.17419963346188,95112000
2014-09-30,161.8477783203125,162.8992703220862,161.51096895894517,162.39816768571174,131302000
2014-10-01,159.65447998046875,161.6424580462418,159.29302714400507,161.5849484882693,177798000
2014-10-02,159.6790771484375,160.23767679968202,158.01147593664618,159.51477133593158,157285000
2014-10-03,161.4370574951172,161.78207717287916,160.25412572291904,160.74700560481836,121569000
2014-10-06,161.2481231689453,162.3242712934313,160.6648800413629,162.11067871028055,104778000
2014-10-07,158.75897216796875,160.77981532496287,158.72611853462232,160.41836268429964,147913000
2014-10-08,161.5356903076172,161.76570351062472,158.01975987903992,158.84944946597568,186461000
2014-10-09,158.33184814453125,161.50275720885446,158.2004085118154,161.28095439549315,210705000
2014-10-10,156.52462768554688,159.07942827749446,156.48356375692845,158.29081533332499,221909000
2014-10-13,153.9534454345703,157.02577013027752,153.8630822061801,156.45895991740795,230939000
2014-10-14,154.19161987304688,155.93316403572277,153.64944067519184,154.78308580983855,215847000
2014-10-15,153.14837646484375,154.18344838200522,149.44350941703738,152.10510680216515,380715000
2014-10-16,153.01690673828125,154.09304229233166,150.24030352753704,150.3799534623979,270391000
2014-10-17,154.82412719726562,155.87561917229954,154.1258651277756,154.78305074586507,214625000
2014-10-20,156.3274688720703,156.450685718143,154.49557406339343,154.5448608018225,130011000
2014-10-21,159.42440795898438,159.53119168685907,157.29676819073444,157.46106145534924,154949000
2014-10-22,158.29080200195312,160.11448651707096,158.22508217301117,159.70374698726562,151822000
2014-10-23,160.13087463378906,161.17415633788306,159.58048527952127,159.87621818246237,154944000
2014-10-24,161.3631134033203,161.4124126723631,159.76945467796293,160.3937742033161,117927000
2014-10-27,161.1413116455078,161.3795350224625,160.21303643352377,160.7880691837367,82954000
2014-10-28,162.98960876464844,162.99781903998195,161.6095178875602,161.68346050464766,106736000
2014-10-29,162.7432403564453,163.5729298132031,161.6671046394812,163.1046932001109,142557000
2014-10-30,163.78651428222656,164.25475087204973,162.15997656656242,162.30784932924865,113330000
2014-10-31,165.65945434570312,165.79089399103194,164.92833855387656,165.7580278123125,146903000
2014-11-03,165.7498321533203,166.30843189307168,165.371946273366,165.87304899744913,93600000
2014-11-04,165.1747589111328,165.6101417002347,164.34505724774155,165.3061860011234,93343000
2014-11-05,166.21804809570312,166.4234178336492,165.486932330006,166.38234137910518,91709000
2014-11-06,166.88348388671875,166.9738470943814,165.64305488587422,166.25916424681674,107089000
2014-11-07,167.03955078125,167.25314336131757,166.43987457097933,166.89990084377743,89540000
2014-11-10,167.5653076171875,167.61459435889068,166.86705788509786,167.0724276653789,66319000
2014-11-11,167.72958374023438,167.8363800261612,167.29420085345245,167.63101026693292,54499400
2014-11-12,167.5488739013672,167.7788870344358,167.01490499370564,167.04777117544438,90120300
2014-11-13,167.73780822753906,168.26355431502145,166.93276227306376,167.71316485896764,85357900
2014-11-14,167.77883911132812,167.9842088168202,167.3516666141684,167.66383257764343,80417500
2014-11-17,167.88565063476562,168.05816673124568,167.2941847822257,167.45849060164446,80441000
2014-11-18,168.85499572753906,169.1589389189978,167.94315361838918,167.94315361838918,76068100
2014-11-19,168.5839385986328,168.85502820048956,167.8281793456274,168.65786870783663,82373000
2014-11-20,168.879638671875,168.9864349431047,167.72956065760297,167.79528047568485,72840300
2014-11-21,169.78329467773438,170.73621344380052,169.2082618136518,170.57192013045926,142327300
2014-11-24,170.25978088378906,170.3665771949351,169.97227067384108,170.18585076135489,65880800
2014-11-25,170.1365203857422,170.69512010282136,169.88186389502815,170.48975034775842,79108300
2014-11-26,170.5718994140625,170.67047288313998,170.07079672162726,170.28437674955342,62167800
2014-11-28,170.21044921875,170.76083865403754,169.97222581995615,170.44868515231886,57890100
2014-12-01,169.02749633789062,169.6682488861552,168.7153428751293,169.5532423399224,103968400
2014-12-02,170.12008666992188,170.3254564242295,169.04395116291388,169.0685945306488,74507200
2014-12-03,170.7772979736328,170.9908780375887,170.12833496810504,170.29262828920778,68952000
2014-12-04,170.58831787109375,171.08942052054536,169.7996925817962,170.48973187569797,91316600
2014-12-05,170.86769104003906,171.25378730622916,170.49802786926404,170.7608947220097,91025500
2014-12-08,169.72579956054688,170.96622850516556,169.16718724719559,170.4733485596189,108588200
2014-12-09,169.61074829101562,169.71754455839078,167.50776432739312,167.8856375992583,125180100
2014-12-10,166.8917236328125,169.20828854690436,166.7027743845804,169.1507915188003,159856400
2014-12-11,167.73780822753906,169.3807663177685,167.3435017956211,167.48315172911757,159012800
2014-12-12,165.0269317626953,167.4338719834707,164.99407811482007,166.46452015167512,202330200
2014-12-15,163.89329528808594,166.37416574884256,163.29361903813998,165.9223497243175,189965800
2014-12-16,162.5789031982422,166.2673356886068,162.53782674348534,163.12929259461615,259543800
2014-12-17,165.76622009277344,166.2180359903046,162.8910439709227,163.0142733255802,253910100
2014-12-18,169.86544799804688,174.95040565365042,167.51601726093492,168.18963614241468,257633900
2014-12-19,170.5882110595703,171.2572795838031,169.83653619241267,170.5138603093546,245084600
2014-12-22,171.37289428710938,171.37289428710938,170.53862581054813,170.77816400149624,148318900
2014-12-23,171.6042022705078,172.0006849849126,171.3150926763629,171.95112622110676,122167900
2014-12-24,171.62066650390625,172.0914872006354,171.57936334708168,171.8271696840752,42963400
2014-12-26,172.17422485351562,172.51289335228725,172.01728030023298,172.06683908464572,57326700
2014-12-29,172.4053955078125,172.6118987112663,171.92630656332508,171.99238910090492,79643900
2014-12-30,171.48033142089844,172.11635245834034,171.40598065993237,171.9841999360943,73540800
2014-12-31,169.7787322998047,171.96767464514608,169.6548353725416,171.80247454080862,130333800
2015-01-02,169.6878662109375,170.88559529706598,168.65534982907482,170.47258874432092,121465900
2015-01-05,166.62335205078125,168.81228157325947,166.31773125812248,168.64708148544278,169632600
2015-01-06,165.05393981933594,167.44937271154942,164.26096171619886,166.928980437492,209151400
2015-01-07,167.1106719970703,167.44934031956146,165.9294795701786,166.3755210016873,125346700
2015-01-08,170.07606506347656,170.2908365016817,168.49838987366132,168.51490105817123,147217800
2015-01-09,168.713134765625,170.5055812455194,168.10188068241575,170.48905745841736,158567300
2015-01-12,167.39154052734375,169.0022760675028,166.78855452639888,168.84533157044453,144396100
2015-01-13,166.92071533203125,169.72915460451395,165.62386881945937,168.60577637472915,214553300
2015-01-14,165.91299438476562,166.11124206931527,164.0214299016989,164.91351297227266,192991100
2015-01-15,164.39312744140625,166.86289849504993,164.2774861138506,166.54902209394717,176613900
2015-01-16,166.54898071289062,166.70592517642703,164.00485953482422,164.18658337639727,211879600
2015-01-20,166.90419006347656,167.44936168573867,165.3430259480595,167.18503146744484,130991100
2015-01-21,167.74673461914062,168.22582370893434,165.97906716560615,166.44163246500446,122942700
2015-01-22,170.2412567138672,170.37340919341256,167.12718468012818,168.49836906255456,174356000
2015-01-23,169.30787658691406,170.24127526039032,169.17571148901422,169.98520065672528,117516800
2015-01-26,169.704345703125,169.795207625169,168.3827326417059,169.09310423115286,92009700
2015-01-27,167.4658966064453,168.60578608771726,166.63988352531175,167.6558760859974,134044600
2015-01-28,165.3182373046875,168.74618612993115,165.1282578484053,168.64706860560267,168514300
2015-01-29,166.84640502929688,167.10246709579837,164.112290844623,165.5165233191782,173585400
2015-01-30,164.74827575683594,166.99503192642172,164.48395817427368,165.6734188056964,197729700
2015-02-02,166.78854370117188,166.87940563546837,163.4349329327051,165.24390342208943,163107000
2015-02-03,169.20050048828125,169.20876868484345,167.30893625739085,167.68063958790245,124212900
2015-02-04,168.55618286132812,169.6465258907375,168.1018732657409,168.4405415646292,134306700
2015-02-05,170.2577667236328,170.40645559253682,169.14265692465472,169.2169950571287,97953200
2015-02-06,169.78695678710938,171.18292062670562,169.26656461865574,170.62122529181084,125672000
2015-02-09,169.02706909179688,169.8613378071158,168.62231812482196,169.14271042465256,87219000
2015-02-10,170.82774353027344,171.08380553916865,169.0683318377307,170.05955750358785,96164200
2015-02-11,170.92684936523438,171.35637961746548,170.01824270561735,170.6625317819855,91087800
2015-02-12,172.5706787109375,172.6285056856697,170.95995546858762,171.7198861110306,97545900
2015-02-13,173.28099060058594,173.3305493595107,172.43845388699384,172.69452848136683,93670400
2015-02-17,173.5535888671875,173.72705713986363,172.7193202893553,172.9671141018099,76968200
2015-02-18,173.5701141357422,173.64445228011232,172.91755681349412,173.18188702097638,80652900
2015-02-19,173.44618225097656,173.80962993740306,172.83494078194687,172.97536146007414,91462500
2015-02-20,174.48696899414062,174.56130712996128,172.41366855501633,173.0331782281016,140896400
2015-02-23,174.46218872070312,174.46218872070312,173.85919023381086,174.2391617104285,74411100
2015-02-24,174.95782470703125,175.15607237940614,174.09050847083483,174.38787367741764,72472300
2015-02-25,174.8091278076172,175.3129962204007,174.47045946703403,174.83390718824936,73061700
2015-02-26,174.60267639160156,174.8752622634215,173.99967767335087,174.71831773686202,72697900
2015-02-27,174.00787353515625,174.76780386009438,173.95831477978405,174.50347369283446,108076000
2015-03-02,175.10650634765625,175.16432070555928,174.05746627296082,174.10702503800874,87491400
2015-03-03,174.3878631591797,175.15606181483415,173.52881517195365,174.67697275512717,110325800
2015-03-04,173.65272521972656,173.86749668575007,172.6862914344985,173.79314592999464,114497200
2015-03-05,173.84271240234375,174.12355381496485,173.3388439366605,173.9748649116038,76873000
2015-03-06,171.39764404296875,173.41311715099826,171.06724398760014,172.9835869958557,188128000
2015-03-09,172.10806274414062,172.46324227095045,171.43899425580943,171.5959387365701,89818900
2015-03-10,169.31613159179688,170.82773680839537,169.27482842335175,170.74514307546252,157121300
2015-03-11,168.9196014404297,169.74561416140978,168.83699512675014,169.57214594426426,110145700
2015-03-12,171.0672607421875,171.13333067656885,169.49782881558852,169.54738756835224,93993500
2015-03-13,170.0182647705078,171.75288458432593,168.98574847515465,170.7947190412468,162410900
2015-03-16,172.28981018066406,172.38067212385542,170.04305358898614,170.74516975037025,136099200
2015-03-17,171.77767944335938,172.1576383881858,170.96817757941653,171.55465239072544,94510400
2015-03-18,173.84271240234375,174.51178095757123,170.67081270488325,171.30684628378546,228808500
2015-03-19,173.0497589111328,173.85099269340574,172.6615317133733,173.4297305146279,117917300
2015-03-20,174.57723999023438,175.08335767044954,173.81391724732686,173.99645232282884,177715100
2015-03-23,174.23699951171875,175.15796701554652,174.23699951171875,174.5854719915161,71784500
2015-03-24,173.25796508789062,174.56887998481383,173.19158756674477,174.1125550997898,77805300
2015-03-25,170.71908569335938,173.69771863356073,170.67761081709924,173.46540362154204,159521700
2015-03-26,170.31251525878906,171.22517762361446,169.35835270347835,170.0553102954272,153067200
2015-03-27,170.70252990722656,170.87675986583287,170.00557209213895,170.19641226043072,118939000
2015-03-30,172.7850341796875,173.08372670196508,171.71472669332005,171.73131157884472,96180400
2015-03-31,171.2749786376953,172.66058888963727,171.21690621635824,171.96363121206426,126768700
2015-04-01,170.6693115234375,171.26669662045506,169.6819663586385,171.24180662976426,137303600
2015-04-02,171.28330993652344,171.73134247042432,170.4204146457377,170.60294970108774,86900900
2015-04-06,172.4365997314453,172.95100982101852,170.26278918753715,170.39553160211617,114368200
2015-04-07,171.98020935058594,173.20816176547933,171.94702692216907,172.46143685403993,81236300
2015-04-08,172.56105041503906,173.00079052443866,171.81432527158861,172.20428539278765,89351900
2015-04-09,173.32432556152344,173.5566405495446,171.90554564612407,172.39506560943883,85548900
2015-04-10,174.2702178955078,174.31170543599447,173.37415285413942,173.57327279212356,72722900
2015-04-13,173.4820098876953,174.75975527148466,173.43222990187343,174.12917502382024,74436600
2015-04-14,173.81385803222656,173.9963930455423,172.66057553548654,173.2828505371855,75099900
2015-04-15,174.59378051757812,175.09989806919253,174.19552802686758,174.27850309836572,99529300
2015-04-16,174.5440216064453,175.05013921914878,174.0627939861519,174.2619265856519,68934900
2015-04-17,172.5361785888672,173.59819398304518,171.75625826434415,173.35758646133294,191113200
2015-04-20,174.112548828125,174.44442376168223,173.37411633977555,173.45707874305626,92189500
2015-04-21,173.90518188476562,174.9505996686606,173.606489280764,174.79295459151788,72559800
2015-04-22,174.75970458984375,174.94223959173425,173.3243145604123,174.24528201169025,78264600
2015-04-23,175.19947814941406,175.8466432219657,174.24531542741792,174.36147293633184,102585900
2015-04-24,175.60601806640625,175.87152817072322,175.1579855906446,175.6143231698028,61327400
2015-04-27,174.87594604492188,176.29472655151122,174.68510584935564,176.17027656329202,79358100
2015-04-28,175.43179321289062,175.4815731938354,173.68112547509182,174.85100566816996,86863500
2015-04-29,174.70994567871094,175.30731806756097,173.9051356170558,174.54399554046685,125684900
2015-04-30,172.9592742919922,174.52740684652383,172.26231664314207,174.13744681855195,161304900
2015-05-01,174.83438110351562,174.87586863463142,173.63961110459596,173.73917105110024,103399700
2015-05-04,175.33221435546875,175.91300183759805,175.14967933819705,175.25753173188116,70927200
2015-05-05,173.32432556152344,175.44836820377265,173.1832780802404,175.09159061917188,113326200
2015-05-06,172.61083984375,174.1789728589376,171.5488245033172,173.871987808097,135060200
2015-05-07,173.29949951171875,173.72265477190496,172.17941169055874,172.51128675011236,88244900
2015-05-08,175.5811309814453,175.78026356297747,174.884185936411,174.96716101043745,155877300
2015-05-11,174.7431182861328,175.80513327805429,174.66844832425178,175.53963586018259,75708100
2015-05-12,174.2203826904297,174.7596952253769,173.09199031203326,173.9133977765256,119727600
2015-05-13,174.25363159179688,175.24926925428832,174.02131655922287,174.62699413270371,94667900
2015-05-14,176.0706787109375,176.16194623607984,174.99206595749692,175.26586853292397,95934000
2015-05-15,176.2615509033203,176.40259844881396,175.7803231632827,176.2615509033203,76510100
2015-05-18,176.80909729003906,177.05799719315343,176.02917716636372,176.09555469393385,74549700
2015-05-19,176.7510223388672,177.19906751059696,176.46892732568597,176.92526494125534,72114600
2015-05-20,176.6265411376953,177.3732660782015,176.31125108448646,176.85055102371675,76857500
2015-05-21,177.14097595214844,177.34840098253736,176.31956827412938,176.48551842661584,64764600
2015-05-22,176.7178497314453,177.1741747121736,176.65147219637822,176.7593246131695,57433500
2015-05-26,174.8178253173828,176.65146828487644,174.40297522756453,176.22831309072097,124308600
2015-05-27,176.4772186279297,176.70953365613138,174.86759831808982,175.27415594755252,93214000
2015-05-28,176.278076171875,176.38592856818985,175.58942361904656,176.17021111534228,74974600
2015-05-29,175.1829376220703,176.25324554113234,174.91744008394502,176.2117706503356,124919600
2015-06-01,175.53964233398438,176.17850224503937,174.7514171732241,175.84662729540608,93338800
2015-06-02,175.36538696289062,176.05403946034752,174.46101702993104,175.08329201026015,91531000
2015-06-03,175.83001708984375,176.45229207076486,175.34049714330453,175.8963946070347,87820900
2015-06-04,174.34490966796875,175.78028749043622,174.02961953601317,175.12482989319332,151882800
2015-06-05,174.04620361328125,174.71825870761285,173.39073340655372,174.19554356303513,121704700
2015-06-08,172.97593688964844,174.08774505411898,172.90126689165203,173.93839239790267,89063300
2015-06-09,172.95101928710938,173.49033206041878,172.32045163762882,172.95101928710938,105034700
2015-06-10,175.02523803710938,175.40690566336218,173.65623790120128,173.71431032637201,134551300
2015-06-11,175.5894317626953,175.971086709297,175.2326541454266,175.46496915471943,73876400
2015-06-12,174.2453155517578,175.46497572633368,173.97151299621842,174.7680306723529,135382400
2015-06-15,173.4986114501953,173.7807064831923,172.40340109589576,173.1086513386087,124384200
2015-06-16,174.4444580078125,174.5274330875997,173.17501778043052,173.3492477236761,85308200
2015-06-17,174.7265625,175.33225276281615,173.70603479640596,174.7265625,126708600
2015-06-18,176.5435791015625,177.00820911307417,174.75972902303343,175.32391899123522,165867900
2015-06-19,175.75982666015625,176.37679567828798,175.38464812718053,176.30176251605235,130478700
2015-06-22,176.66033935546875,177.24395207329624,176.4519053332587,176.67701763935042,70696000
2015-06-23,176.78538513183594,177.1188871824413,176.39354089530357,176.8687638249379,68476800
2015-06-24,175.50140380859375,176.89374121005542,175.47639274978548,176.51856260613104,92307300
2015-06-25,174.96788024902344,176.126773063504,174.89284704391002,176.0017177216483,97107400
2015-06-26,174.93450927734375,175.56814411418458,174.38424041488037,175.32635352834328,104174800
2015-06-29,171.2660369873047,174.94281557284336,171.19100380518373,173.45876660249095,202621300
2015-06-30,171.62460327148438,172.85019651331748,171.14936752710608,172.80016165458957,182925100
2015-07-01,173.00021362304688,173.44209266901464,172.21649977644702,173.19196933387408,135979900
2015-07-02,172.84182739257812,173.64221963939704,172.4249593461065,173.47547496516904,104373700
2015-07-06,172.3498992919922,173.1252676311306,171.35775146051736,171.55785267148914,117975400
2015-07-07,173.43374633789062,173.55880163478903,170.17383589953536,172.54998831500768,173820200
2015-07-08,170.52401733398438,172.3832449894244,170.29057227957045,172.0997778121791,164020100
2015-07-09,170.8324737548828,172.8751368028293,170.72409674318993,172.61666799820853,144113100
2015-07-10,172.98353576660156,173.4004037522597,170.87418477691543,172.82512389656327,129456900
2015-07-13,174.89280700683594,175.0011840376992,174.20080458943872,174.24249393444856,106069400
2015-07-14,175.65147399902344,175.95996493406554,174.79272703637704,174.85109465607158,81709600
2015-07-15,175.59315490722656,176.15175654972325,175.11791923897846,175.693199165046,97914100
2015-07-16,177.00213623046875,177.00213623046875,176.4018453575481,176.6436231738465,106683300
2015-07-17,177.1522216796875,177.21058930613975,176.5852873062746,176.99380980423336,89030000
2015-07-20,177.24388122558594,177.73578226814678,176.92707028928808,177.3772819997103,70446800
2015-07-21,176.54356384277344,177.36896690292505,176.24341843197277,177.1104981066195,77965000
2015-07-22,176.22671508789062,176.56021700901164,175.8265255043429,175.85986933555625,88667900
2015-07-23,175.23458862304688,176.46018129676366,174.87608832674283,176.3601370692926,90509100
2015-07-24,173.41714477539062,175.39309567132463,173.08365535492953,175.3347407475566,117755000
2015-07-27,172.40823364257812,173.04188104088917,171.9663546525979,172.53330165520254,132361100
2015-07-28,174.52593994140625,174.66767351979433,172.41658910232414,173.24197951304296,123544800
2015-07-29,175.7265167236328,175.95161625375798,174.5092567292299,174.65099030361242,105791300
2015-07-30,175.76821899414062,175.9349636396938,174.6009810316665,175.21795021419427,91304400
2015-07-31,175.50140380859375,176.2934503550564,175.21793666089977,176.2684392962481,103266900
2015-08-03,174.90948486328125,175.52645413611395,173.95902625052986,175.46809922643948,113965700
2015-08-04,174.56761169433594,175.29295779354038,174.08404338759993,174.83440054389425,81820800
2015-08-05,175.14291381835938,176.1767382349005,174.85943393213935,175.4597248225571,85786800
2015-08-06,173.7088623046875,175.43468882799883,173.1252370562084,175.32629910097288,116030800
2015-08-07,173.37542724609375,173.70058383084157,172.47499069099115,173.55051743255973,117858000
2015-08-10,175.55979919433594,175.64316516294912,174.4842726082692,174.4842726082692,80270700
2015-08-11,173.97569274902344,174.64268410548195,173.21698992202937,174.22581609792064,126081400
2015-08-12,174.18414306640625,174.36756602465627,171.21604461007414,172.6750827731882,172123700
2015-08-13,173.96739196777344,174.70941664884634,173.4254558251804,174.02574688422862,89383300
2015-08-14,174.6009979248047,174.67603111429312,173.63386107650172,173.7755946750251,72786500
2015-08-17,175.5764923095703,175.5764923095703,173.55051957690992,174.00907700255445,79072600
2015-08-18,175.06784057617188,175.65145309465998,174.83439556877664,175.30128558356714,71692700
2015-08-19,173.68389892578125,175.09290215490807,172.87517394473667,174.32586652045595,172946000
2015-08-20,170.05709838867188,173.6588305616013,169.99873077406508,172.17478180084714,194327900
2015-08-21,164.93800354003906,170.03213129099785,164.67954740121536,168.18956903137342,346588500
2015-08-24,157.99295043945312,164.64615924941685,152.07342055854252,156.31714588799085,507244300
2015-08-25,156.13369750976562,162.9536498402753,155.84188490846205,162.93697156316705,369833100
2015-08-26,162.12828063964844,162.40340227776665,157.05081959287378,160.14398522546526,339257000
2015-08-27,166.13858032226562,166.26363563658603,162.75361411543824,164.26267427664732,274143900
2015-08-28,166.1469268798828,166.6138170544639,165.01304528941307,165.49661374788724,160414400
2015-08-31,164.8046112060547,166.02187149373609,164.254342334015,165.1714571207478,163298800
2015-09-01,159.88558959960938,162.38679812081975,159.01849685471262,161.0111258010714,256000400
2015-09-02,162.92034912109375,162.96203846399754,160.4274739883416,162.2616905798971,160269300
2015-09-03,163.03701782226562,165.12135706130815,162.54511681508288,163.62896304194732,152087800
2015-09-04,160.56922912597656,161.62807751318965,159.75217132697426,160.78600864944872,207081000
2015-09-08,164.60447692871094,164.75455600996594,162.7202383253575,163.36221854722507,116025700
2015-09-09,162.4034423828125,166.30533377944414,162.0366092008,166.18027845850835,149347700
2015-09-10,163.2871551513672,164.42936908185118,161.9531728346661,162.21162888709986,158611100
2015-09-11,164.02919006347656,164.09589045579688,162.18662830079998,162.89530883762922,119691200
2015-09-14,163.42063903808594,164.2543752944909,162.9370704827544,164.2043531545955,79452000
2015-09-15,165.4632568359375,165.90513591068714,163.3789167770044,163.92084010360617,113806200
2015-09-16,166.89727783203125,167.08904628489455,165.42157417041264,165.76340900711406,99581600
2015-09-17,166.52206420898438,169.15667265027344,166.14688560631092,166.76385473905836,276046600
2015-09-18,163.8008575439453,166.5078213622885,163.3902112311698,164.01876403278732,223657500
2015-09-21,164.64727783203125,165.6697117155595,163.59969007749254,164.6305128473364,105726200
2015-09-22,162.5102081298828,162.97114933314833,161.3788081571345,162.48506704497171,153890900
2015-09-23,162.2504425048828,163.1471712270909,161.67217185447925,162.67785382616628,92790600
2015-09-24,161.66380310058594,162.12474445816738,159.70272109335767,161.03525019150445,159378800
2015-09-25,161.6219024658203,163.42374894153775,160.7503019768851,163.1220430473588,155054800
2015-09-28,157.5656280517578,160.8341106320066,157.2555460629324,160.72515737628274,178515900
2015-09-29,157.65777587890625,159.0154584188091,156.6604702066107,157.78349409278962,159045600
2015-09-30,160.59947204589844,160.7670836071366,158.7640953986758,159.54349491300738,163452000
2015-10-01,161.01849365234375,161.32019955209685,159.08255279057036,160.97658756861168,131079000
2015-10-02,163.42376708984375,163.4489081848222,158.495907866993,159.040661430058,211003300
2015-10-05,166.331787109375,166.55806963514397,164.5383174630612,164.64727067693806,126320800
2015-10-06,165.76197814941406,166.75928420829425,165.09990800289916,166.1977784415177,110274500
2015-10-07,167.11959838867188,167.47158637337225,165.50211609094887,166.69217435958467,124307300
2015-10-08,168.6281280517578,168.91306888019523,166.4323752043093,166.73408101910707,153055200
2015-10-09,168.72872924804688,169.20642276618494,168.10017639559013,168.77063532913212,107069200
2015-10-12,168.88796997070312,169.089098705504,168.37674645651603,168.8041578059088,56395600
2015-10-13,167.82362365722656,169.42434143886834,167.65601210879015,168.15884675409936,88038700
2015-10-14,167.0190887451172,168.34324186332964,166.72577169998368,167.76497108768604,99106200
2015-10-15,169.58355712890625,169.59193322957273,167.3123806301731,167.68113366653773,134142200
2015-10-16,170.35459899902344,170.37135120218616,169.22319867641423,169.98584592238217,114580100
2015-10-19,170.4383544921875,170.4383544921875,169.39915549426513,169.70923741616932,76523900
2015-10-20,170.2205047607422,170.8322926630684,169.7511873130431,170.00261102800798,78448500
2015-10-21,169.16452026367188,170.79036614497844,168.9968959484565,170.6395196068124,102038000
2015-10-22,172.02232360839844,172.23184120585051,169.16451329798593,170.11152414267062,174911700
2015-10-23,173.9080047607422,174.27675782662064,172.89394661751743,173.69011103451444,144442300
2015-10-26,173.48056030273438,173.79064223625593,173.11180730722845,173.7319839622101,69033000
2015-10-27,173.14535522460938,173.48057828002285,172.46650743729634,172.81011938125604,77905800
2015-10-28,175.1148223876953,175.13996347879436,172.81851748104603,173.480587526555,135906700
2015-10-29,175.0142822265625,175.38303533093182,174.49468255473792,174.6120119254061,90525500
2015-10-30,174.25999450683594,175.52548915759263,174.10077185226265,175.2070182725639,131076900
2015-11-02,176.32162475585938,176.514377360471,174.46110751012557,174.58682573847673,86270800
2015-11-03,176.8328857421875,177.3860153733307,175.74339147149564,175.96967410022543,95246100
2015-11-04,176.29649353027344,177.25189329467037,175.76012897461092,177.12618784722594,96224500
2015-11-05,176.12046813964844,176.8160680220549,175.23211566918215,176.35512680022677,78408700
2015-11-06,176.02828979492188,176.2629612566358,174.70414990202073,175.77687892154736,110471500
2015-11-09,174.3856658935547,175.56734806082483,173.4386423823178,175.41648876026767,131008700
2015-11-10,174.7880096435547,174.82153963021315,173.63985696539157,173.9080329189441,75874600
2015-11-11,174.10076904296875,175.10645107827153,174.03372186888976,175.05616889469752,67846000
2015-11-12,171.6703338623047,173.5308511321067,171.65358166199235,173.06153376457812,121315200
2015-11-13,169.74282836914062,171.52792299357807,169.65902897466287,171.2597470281282,153577100
2015-11-16,172.3240509033203,172.3827219761185,169.44108635756888,169.5584285031652,117645200
2015-11-17,172.1983184814453,173.51408230141928,171.70386003645876,172.63411865075938,121123700
2015-11-18,174.9303741455078,175.07284453264123,172.63407018026504,172.67596345629494,121342500
2015-11-19,174.7796173095703,175.1986525882852,174.48628749929313,174.81313450517308,88220500
2015-11-20,175.41651916503906,176.09535416536397,175.03939003018522,175.53384851339226,94011500
2015-11-23,175.21539306640625,175.97802744813458,174.75445176671988,175.4751928567913,64931200
2015-11-24,175.4500732421875,175.85234352208911,173.82421434316055,174.20971963158328,98874400
2015-11-25,175.42494201660156,175.77693012980754,175.16512939186023,175.57578858457168,51980100
2015-11-27,175.62606811523438,175.8272096574253,175.0394212687719,175.51711484805486,37317800
2015-11-30,174.8969268798828,175.90260887737918,174.78797362760773,175.78527952413694,112822700
2015-12-01,176.56468200683594,176.68202415007264,175.24891800729733,175.5254827993396,97858400
2015-12-02,174.76283264160156,176.8328677084274,174.51140894509155,176.51439684031868,108441300
2015-12-03,172.315673828125,175.28243773375337,171.59493269576072,175.0142618268885,166224200
2015-12-04,175.6763153076172,175.9696450663858,172.31565756611263,172.31565756611263,192913900
2015-12-07,174.6119842529297,175.76851278396063,173.6481955578069,175.34947755684817,102027100
2015-12-08,173.4386749267578,174.56168624677528,172.45813404692703,173.05316968576795,103372400
2015-12-09,172.08938598632812,174.88853826661926,171.11722117910855,172.8017509958119,162401500
2015-12-10,172.5335235595703,173.84091114354192,171.9217358389554,172.15639449310737,116128900
2015-12-11,169.18960571289062,171.08363964530918,168.87951106207322,170.42156985452317,211173300
2015-12-14,170.0444793701172,170.17019760312135,167.5721742429756,169.34889219017325,182385200
2015-12-15,171.82962036132812,172.7347381768895,170.0193847302054,171.55305551868912,154069600
2015-12-16,174.34381103515625,174.64551693695873,171.63684680850224,172.9526108886259,197017000
2015-12-17,171.68710327148438,174.72091403822824,171.6703382828012,174.65386687143496,173092500
2015-12-18,168.62847900390625,171.08176821443183,168.4682959121305,170.9468886997138,251393500
2015-12-21,170.0195770263672,170.19662494122107,168.687543280863,169.80038648497396,99094300
2015-12-22,171.56234741210938,171.85742293411286,169.9183864593483,170.90476303100496,111026200
2015-12-23,173.6868438720703,173.7289993524299,172.47283807637507,172.56557498754754,110987200
2015-12-24,173.4001922607422,173.94818777080295,173.1810017751457,173.4339217902471,48539600
2015-12-28,173.0039825439453,173.0461251635995,171.93329500535015,172.7089070220809,65899900
2015-12-29,174.85025024414062,175.17904239882662,174.06621236144557,174.09992902631632,92640700
2015-12-30,173.61097717285156,174.6901035548786,173.46765881575018,174.60579258526704,63317700
2015-12-31,171.87425231933594,173.57723329901134,171.87425231933594,172.9365137681449,114877900
2016-01-04,169.4715576171875,169.47998356786456,167.42291956654066,169.0247378144135,222353500
2016-01-05,169.75820922851562,170.2134550219774,168.6538049825555,169.79192589823398,110845800
2016-01-06,167.61685180664062,168.66223583088512,166.5883196857206,167.21217457398305,152112600
2016-01-07,163.5955047607422,166.45347256577347,163.2076921899361,164.6746186133524,213436100
2016-01-08,161.79971313476562,165.11293824156806,161.51307646082637,164.55651679400643,209817200
2016-01-11,161.95989990234375,163.0558780579135,160.02930242058451,162.71864708325168,187941300
2016-01-12,163.26663208007812,164.0169532623226,161.14212210067134,163.4015244612569,172330500
2016-01-13,159.19468688964844,164.27832698024162,158.81531325949402,163.93267001905855,221168900
2016-01-14,161.8081817626953,162.92945090371774,158.20833189652004,159.80171165185732,240795600
2016-01-15,158.33477783203125,159.13568064709096,156.4041799782958,157.45800285707142,324846400
2016-01-19,158.5455322265625,160.27380420958087,156.97744336907945,160.14735061786772,195244400
2016-01-20,156.51368713378906,158.07334932609,152.61033797531212,155.9909953751776,286547800
2016-01-21,157.3905029296875,159.22836322824276,155.6622314255676,156.98583868428858,195772900
2016-01-22,160.61947631835938,160.82180208417086,159.23686117443438,159.99560852432583,168319600
2016-01-25,158.19143676757812,160.3075081734972,157.997536987637,160.11360839355606,130371700
2016-01-26,160.34963989257812,160.62785059511515,158.51177950278483,158.84899758001725,141036800
2016-01-27,158.60452270507812,161.49620578116728,157.70244437337146,159.82695436366987,185681700
2016-01-28,159.4307098388672,160.34964003457762,157.78674919882445,160.147314333677,143798800
2016-01-29,163.31719970703125,163.4520920768119,160.0798600165619,160.1978876241089,210529300
2016-02-01,163.25820922851562,164.04226001473677,161.73227600136582,162.31398819603547,136061600
2016-02-02,160.31593322753906,161.84186634784507,159.79322845197512,161.8334403978046,182564900
2016-02-03,161.27700805664062,161.68167232000985,157.73616680805867,161.36974495700076,205054900
2016-02-04,161.5299530029297,162.49946476772794,160.14733809741855,160.77963173464707,139531800
2016-02-05,158.4527587890625,161.58893578129417,157.8204652481133,161.0156624789085,180788300
2016-02-08,156.31982421875,156.9099622889876,154.1110162141271,156.61489968589137,191526700
2016-02-09,156.3282928466797,157.60131910006854,154.44827645822463,154.58316887226096,184513100
2016-02-10,156.19337463378906,158.7815562592034,156.0669082029163,157.15446033381306,148214100
2016-02-11,154.16163635253906,155.2070332423687,152.66941960703548,153.72324244853974,219058900
2016-02-12,157.3399658203125,157.35681772325216,155.0890018292547,155.93206008196765,127632400
2016-02-16,159.99557495117188,160.02086566659136,158.18300507119434,159.14409084927416,120250700
2016-02-17,162.60906982421875,162.98001749067555,161.03254224177735,161.15900869027703,136009500
2016-02-18,161.94297790527344,162.9377928488899,161.63105061999013,162.87877262516508,102343000
2016-02-19,161.8671875,162.01893181353807,160.56044461143512,161.167447593684,114793000
2016-02-22,164.21084594726562,164.35416427207795,163.37621384672272,163.44366003440703,103640300
2016-02-23,162.136962890625,163.82307932901813,162.01892239045185,163.5532945241324,111455300
2016-02-24,162.8788604736328,163.15707125544148,159.60780302749964,160.71220733876964,150812200
2016-02-25,164.85159301757812,164.86003183247877,162.5669125237012,163.32565975002663,110728300
2016-02-26,164.47219848632812,165.81265775224122,164.31201539215382,165.71993371250397,129833700
2016-02-29,163.182373046875,165.4333373098158,162.98847322726425,164.4891160692248,125918100
2016-03-01,167.01821899414062,167.10252993879897,163.93262366187955,164.40473407826056,141799700
2016-03-02,167.76856994628906,167.81915137646766,166.29321820053025,166.70632132039938,102415000
2016-03-03,168.4261474609375,168.44301222499766,167.0182419669896,167.59151530457737,95172200
2016-03-04,168.97410583496094,169.74973050186918,167.7938298010466,168.62002302478663,129293600
2016-03-07,169.10902404785156,169.51370120479942,167.9793292621422,168.05520140505269,100219000
2016-03-08,167.2627410888672,168.54419314985492,167.10257083728501,168.0383659502354,123974900
2016-03-09,168.0889892578125,168.4346334279089,167.288073480143,168.07212448774303,94801200
2016-03-10,168.22377014160156,169.51366058219767,166.40277482790705,168.5778657850862,156838700
2016-03-11,170.9384307861328,170.98058625779174,168.20693117363018,169.67384382062787,137964500
2016-03-14,170.71926879882812,171.17451452211145,170.1038399749677,170.43263212624063,73612000
2016-03-15,170.44105529785156,170.74455672977479,169.49683433811077,169.75818029203575,93169100
2016-03-16,171.42750549316406,171.83218281920674,169.91843649829028,169.96059199442612,129303200
2016-03-17,172.5149688720703,173.02079597186835,170.94688042101157,171.34311872441126,134278500
2016-03-18,173.1929168701172,173.53187424367286,172.701419627185,173.01495584424373,138372400
2016-03-21,173.43869018554688,173.6674935655199,172.70145065389715,172.93025403387017,72926700
2016-03-22,173.34544372558594,173.91320443773537,172.5065197008016,172.66751604840624,97471900
2016-03-23,172.2014923095703,173.1505835166322,172.03200065368247,172.96415303947393,81052500
2016-03-24,172.12513732910156,172.1590408169637,170.95572560569772,171.17604655523365,84360900
2016-03-28,172.2268829345703,172.7522707695527,171.77775857297658,172.5404191676539,62408200
2016-03-29,173.82003784179688,173.9302048376433,171.51509085287833,171.82015774642338,92922900
2016-03-30,174.5826416015625,175.30292916554708,174.21825018534045,174.8199143203331,86365300
2016-03-31,174.15892028808594,174.91311126480826,173.99791104636003,174.48940817832624,94584100
2016-04-01,175.34536743164062,175.5317979130874,172.85399002539597,173.1675392516827,114423500
2016-04-04,174.77760314941406,175.4724827357991,174.47253627033734,175.26910050628197,63497000
2016-04-05,173.03187561035156,174.78599973639749,172.77765116197594,173.43862696951703,99662200
2016-04-06,174.921630859375,174.98095551509184,172.8539571352317,173.03191817198646,91839800
2016-04-07,172.82852172851562,174.1928464631695,172.09975175353787,173.83693734939823,113859000
2016-04-08,173.29461669921875,174.4386205635236,172.760746505157,174.00643500437033,95040600
2016-04-11,172.8878631591797,174.62504892364467,172.79464793483095,173.9301694457003,83757500
2016-04-12,174.4979248046875,174.7775704690855,172.6166815572068,173.0573365069002,115350600
2016-04-13,176.2605438232422,176.3452896414696,175.27754922554817,175.41313736255353,96336400
2016-04-14,176.26902770996094,176.7690073899321,175.92160085964557,176.31988296331204,65212900
2016-04-15,176.0740966796875,176.40458465081758,175.7520781174189,176.26899652666287,75761600
2016-04-18,177.311279296875,177.3451698557611,175.41308473943926,176.07406054605502,82531000
2016-04-19,177.8705596923828,178.12478414344164,177.05705696546582,177.73498452482514,88316100
2016-04-20,178.04014587402344,178.7350126170197,177.43848145119534,177.91302711575858,81100300
2016-04-21,177.08253479003906,178.16721405999155,176.8113585073525,178.05704707885053,85695000
2016-04-22,177.08253479003906,177.35369814232877,176.18428598183434,176.7266256168106,99251700
2016-04-25,176.7774200439453,176.81979294293484,175.87068914106388,176.48082268141187,66166500
2016-04-26,177.04014587402344,177.5485948928953,176.56560035262072,177.14183050563952,75864200
2016-04-27,177.404541015625,177.79434073179453,176.3029100722661,176.6588192206628,77329400
2016-04-28,175.79440307617188,177.75190921208048,175.37918233848924,176.6502915623667,97216200
2016-04-29,174.84539794921875,175.52332578668234,173.74376682964018,175.1758859920525,142424100
2016-05-02,176.2351531982422,176.413101344796,174.9132009593907,175.34537367427717,62188000
2016-05-03,174.70130920410156,175.24364879119557,173.9555874229489,175.00637602999169,106422100
2016-05-04,173.72674560546875,174.43857666186707,173.22677903580248,173.70980679084445,92243800
2016-05-05,173.69290161132812,174.54877747344975,173.26919838505867,174.19286831503095,67619200
2016-05-06,174.3284454345703,174.37081834059887,172.76922076372438,172.92174770895267,89315000
2016-05-09,174.47250366210938,174.90467627236418,174.02337930329685,174.20134033716386,74374900
2016-05-10,176.6418914794922,176.65884323088056,175.108087703987,175.1758817791427,77472200
2016-05-11,174.9894256591797,176.71812906590588,174.9894256591797,176.1842718141911,81727000
2016-05-12,175.04026794433594,175.82836263828253,174.03185223626025,175.65887101006464,89586300
2016-05-13,173.5149383544922,175.29449705429184,173.19293269930267,174.74368803932327,96474600
2016-05-16,175.22669982910156,175.70124535905617,173.62510220030677,173.68442685674904,77486800
2016-05-17,173.59121704101562,175.24365703801797,173.06581624757146,174.9555419473399,114924900
2016-05-18,173.64202880859375,174.81992305361686,172.557349774201,173.24374681139082,120062100
2016-05-19,173.04039001464844,173.32850509687862,171.8370744385142,172.92175363194215,115430500
2016-05-20,174.133544921875,174.65046334051098,173.59967475481287,173.65051706969587,104990400
2016-05-23,173.89625549316406,174.4301126786471,173.7098250695369,174.15046704320636,58682600
2016-05-24,176.15037536621094,176.46392454670195,174.68436582204296,174.7097869812184,93537800
2016-05-25,177.34523010253906,177.76046393971208,176.15038384221432,176.82831162377144,76621400
2016-05-26,177.39608764648438,177.7096368689698,177.08255135439703,177.4808334753503,55280700
2016-05-27,178.1587371826172,178.16720659219732,177.5062305938494,177.55707291212292,64211200
2016-05-31,177.8197784423828,178.5400791459648,177.26048704410013,178.42991216225533,109879400
2016-06-01,178.18409729003906,178.36204534302541,177.01467264884693,177.20957244558164,69936200
2016-06-02,178.72650146484375,178.7434402843368,177.31133421338203,177.7858797671181,63044700
2016-06-03,178.19265747070312,178.54009727738045,176.98934165941918,178.1672363073266,101757100
2016-06-06,179.09934997558594,179.45525911623767,178.3875187638868,178.54852805069498,64887000
2016-06-07,179.37899780273438,179.93828918383645,179.22647084265023,179.25189200266425,60974800
2016-06-08,179.96368408203125,180.0908027939479,179.38745396527267,179.51455974679448,66170900
2016-06-09,179.71792602539062,179.83656238777846,178.96373495084086,179.23489823755855,73786900
2016-06-10,178.01463317871094,178.68407841192564,177.47228077761466,178.3451210916334,113829200
2016-06-13,176.6418914794922,178.26891049203684,176.5571585833458,177.41303453769132,117751200
2016-06-14,176.29446411132812,176.88765907812584,175.34537285308957,176.26057353656188,125059300
2016-06-15,176.0486297607422,177.4129541957186,175.86219937108888,176.29437185779872,109124500
2016-06-16,176.5740509033203,176.74354251177266,174.21826236624872,176.04866312222205,149533100
2016-06-17,175.91650390625,176.49573076917162,175.26060396047285,176.47017740743334,117055700
2016-06-20,177.04937744140625,178.5485639825912,176.96419092301392,177.87563727878802,82789600
2016-06-21,177.55198669433594,177.96085348588815,176.98978673242604,177.43273333856484,72461700
2016-06-22,177.26234436035156,178.4548777236498,177.1175246684293,177.73083125459377,95560500
2016-06-23,179.57073974609375,179.62184645879435,178.2589531287725,178.71892654071584,102731400
2016-06-24,173.1224822998047,179.60477988078662,172.67953589151026,173.45468885661674,333444400
2016-06-27,170.0219268798828,171.7255533496306,169.21269390864185,171.71702689879322,230775800
2016-06-28,173.08843994140625,173.11399329763964,171.31666692260927,171.62332019504794,159382400
2016-06-29,176.03575134277344,176.26573159068695,174.3832313518315,174.48544479534866,137328600
2016-06-30,178.4378204345703,178.4889271454984,175.9505275208487,176.504213883724,165021900
2016-07-01,178.81260681152344,179.298146523958,178.27596039201924,178.43780696283076,106055300
2016-07-05,177.5263671875,178.0970803915935,176.930100630808,177.9863405319092,109803700
2016-07-06,178.5911102294922,178.71036352526653,176.37639131067235,177.0322909362484,96021500
2016-07-07,178.4803924560547,179.43441894022916,177.7137658880768,178.77000578194537,85593800
2016-07-08,181.1380615234375,181.38509461612574,179.5451750888838,179.77516827919834,133971000
2016-07-11,181.7769775390625,182.34770396496492,181.393664101889,181.5981040006141,73633900
2016-07-12,183.0972137451172,183.3953535137022,181.8024542609601,182.7394538213966,101275600
2016-07-13,183.07167053222656,183.52313043699377,182.5861438223003,183.51461698511312,87324100
2016-07-14,184.09388732910156,184.56238724640937,183.70206048745473,184.33239401470564,91230900
2016-07-15,183.8468475341797,184.85198088781613,183.4039010235686,184.65606748793815,107155400
2016-07-18,184.3408660888672,184.5027126487079,183.71051974991803,183.96606626558042,58725900
2016-07-19,184.1535186767578,184.18758548966142,183.6765053102707,183.9235254473303,54345700
2016-07-20,184.92013549804688,185.15864216846145,184.15350877137692,184.15350877137692,58159500
2016-07-21,184.2216339111328,185.03085380551673,183.7786874330219,184.80938706527985,67777300
2016-07-22,185.0479278564453,185.0990345753437,184.07686120445751,184.3409212505255,62787500
2016-07-25,184.54534912109375,184.89459569896835,183.96612230693654,184.84348897979444,55873100
2016-07-26,184.63050842285156,184.98826840194747,183.78720868792976,184.44310848175783,70080500
2016-07-27,184.4346160888672,185.0734760525525,183.66797633386125,185.0053294300427,84083900
2016-07-28,184.6475067138672,184.93712001296757,183.77865381893125,184.23862711764156,65035700
2016-07-29,184.94569396972656,185.30345398524094,184.10240714659952,184.38350708685488,79519400
2016-08-01,184.79237365722656,185.3971538028139,184.34091366202279,185.0053269756298,73311400
2016-08-02,183.60833740234375,184.69865725581784,182.77356410776096,184.5453241214279,92295500
2016-08-03,184.14498901367188,184.20462218226243,183.25059546592718,183.54872231596235,53993600
2016-08-04,184.3408660888672,184.6560327595239,182.50094677326078,184.2556795844345,46585500
2016-08-05,185.8485870361328,185.89118029320792,184.3408871172442,184.3408871172442,71892200
2016-08-08,185.7378387451172,186.13819191970643,185.4737787783957,186.03596551498777,39906500
2016-08-09,185.8485870361328,186.3426402234022,185.52490687716386,185.80600677669491,51251700
2016-08-10,185.38864135742188,186.0360147697383,185.0393947939079,185.95935469412962,57941100
2016-08-11,186.2489776611328,186.49601080319758,185.65271093524512,185.9167709854497,72504300
2016-08-12,186.0870819091797,186.30003516857525,185.6867287417052,185.9422622548715,61313500
2016-08-15,186.62376403808594,186.9730105941644,186.4448905321406,186.4534039855917,49813500
2016-08-16,185.66119384765625,186.27448733786065,185.66119384765625,186.20635372599986,53213600
2016-08-17,186.0104522705078,186.14674550776292,184.86051219996892,185.69528553228906,75134300
2016-08-18,186.42784118652344,186.46190799624154,185.87416779454654,185.984894674359,52989300
2016-08-19,186.15521240234375,186.3340988562052,185.47377238177782,185.95929904631282,75443000
2016-08-22,186.14674377441406,186.3767369854356,185.55047711402338,185.91675056339253,61368800
2016-08-23,186.52154541015625,187.0581919083206,186.4619122447431,186.76005207653185,53399200
2016-08-24,185.56752014160156,186.4704400993404,185.15012697348288,186.3767401227276,71728900
2016-08-25,185.43975830078125,185.85715150928922,185.03089154401502,185.1842117036874,69224800
2016-08-26,185.0905303955078,186.64935049767715,184.2046501668467,185.62717700379397,122506300
2016-08-29,186.00192260742188,186.26598260806702,185.1841762527955,185.2182560579585,70502200
2016-08-30,185.6953125,186.19787926302044,185.1416390149965,185.91677929447332,58114500
2016-08-31,185.16714477539062,185.4823114783603,184.3919916975407,185.36305815850932,85269500
2016-09-01,185.17572021484375,185.46533366033836,184.01725343522395,185.15868030697894,97844200
2016-09-02,186.0104522705078,186.43635888870114,185.43973896184536,186.02749217457432,79293900
2016-09-06,186.57264709472656,186.64930716450087,185.57602719474625,186.29154717458266,56702100
2016-09-07,186.5555877685547,186.73447424370875,185.9508077286711,186.41078109706655,76554900
2016-09-08,186.1296844482422,186.49597085702842,185.8230311980916,186.22338441350036,74102900
2016-09-09,181.67469787597656,184.86899701764105,181.64914452265418,184.81789031099626,221589100
2016-09-12,184.28123474121094,184.6815879202217,180.84842914064834,180.91657574533482,168110900
2016-09-13,181.6321258544922,183.26760564649985,181.010305854894,183.0035456328748,182828800
2016-09-14,181.5640106201172,182.88432391408446,181.0103371408601,181.68326396938673,134185500
2016-09-15,183.37835693359375,183.76167029972945,181.2232704331191,181.40215693605646,134427900
2016-09-16,182.66946411132812,182.94342749776695,181.9845817718176,182.76363739250482,155236400
2016-09-19,182.70375061035156,183.96224239525162,182.37842229326847,183.32015528309017,80250500
2016-09-20,182.7122802734375,183.7139344539165,182.67804138032696,183.55983983997842,69665300
2016-09-21,184.76699829101562,184.94677537147538,182.72943762383147,183.4143331732737,110284400
2016-09-22,185.93125915527344,186.23090496857742,185.52889666963492,185.77716455183224,76678700
2016-09-23,184.9125213623047,185.67446416968156,184.81834806866058,185.53748245832742,73630900
2016-09-26,183.414306640625,184.2618531667787,183.21739054421255,184.08207611232544,89827300
2016-09-27,184.5529327392578,184.6470929586741,182.88349608546716,183.25163275907568,78494800
2016-09-28,185.468994140625,185.623101833831,183.81669631342595,184.77554217943597,87411000
2016-09-29,183.7909698486328,185.66586590978932,183.24305615132027,185.26349035952774,128070600
2016-09-30,185.17787170410156,185.87987994889195,184.37312066831626,184.62138853136247,117202900
2016-10-03,184.73277282714844,184.9553583607444,184.09924206696272,184.76702479434655,83512100
2016-10-04,183.7909698486328,185.06658734449323,183.20026080352932,184.844001895467,119948100
2016-10-05,184.60427856445312,185.03233652110154,184.34744117780565,184.41593201846445,72816000
2016-10-06,184.73277282714844,184.9553583607444,183.84241762946658,184.38176201150642,62927400
2016-10-07,184.09921264648438,185.17792736477304,183.37152175103935,185.00670674603865,89788300
2016-10-10,185.0580291748047,185.52032604567063,184.91249102910072,185.0580291748047,51855000
2016-10-11,182.72085571289062,184.6984949069336,181.99316485487475,184.63000405030357,130367400
2016-10-12,182.96055603027344,183.48278731258375,182.36126437989276,182.85781322727746,73866100
2016-10-13,182.36126708984375,182.8578159446073,180.82026871823211,181.63357631731463,101357000
2016-10-14,182.4554901123047,183.7995988885025,182.37844278537924,183.3372888003553,93346200
2016-10-17,181.82191467285156,182.68658710349447,181.64212457052741,182.42974969872841,58275700
2016-10-18,182.96055603027344,183.47421779207957,182.5838629003062,183.41429646501757,76869700
2016-10-19,183.44854736328125,183.75674966585316,182.8663947158089,183.22596189159376,66519200
2016-10-20,183.1061248779297,183.66259514566121,182.44691178997869,183.09755535598893,73639800
2016-10-21,183.1916961669922,183.2773129914425,182.14723361250657,183.10609240583523,89089100
2016-10-24,183.9707794189453,184.33891611727435,183.61976869952085,184.06495270797885,60146600
2016-10-25,183.3543701171875,184.0478220171836,183.1917059799945,183.79098459336805,66542300
2016-10-26,182.9862823486328,183.56843509761592,182.29281724945483,182.53254180507346,75705500
2016-10-27,182.49830627441406,183.7396722707094,182.42125894422213,183.7054333672789,77220200
2016-10-28,181.95887756347656,183.14887820685595,181.24831282341424,182.4725523568128,140623200
2016-10-31,181.96743774414062,182.51535139937488,181.80477363248966,182.2927529041506,61272500
2016-11-01,180.64901733398438,182.34413627764692,179.44190380314225,182.2927583487816,122781800
2016-11-02,179.56182861328125,180.72614724641807,179.1252009612941,180.34088447977118,103330800
2016-11-03,178.73989868164062,179.989833798208,178.4659483526424,179.77580479671514,88939300
2016-11-04,178.54296875,179.6901608899193,178.39743061851397,178.85117098823267,109122100
2016-11-07,182.4811553955078,182.51540735756313,178.54302887338312,178.54302887338312,109794900
2016-11-08,183.3030242919922,183.8680640704405,181.82194705147958,182.08734096045808,106772100
2016-11-09,185.24644470214844,185.86284946833143,181.7877276181998,181.81341006151595,258429000
2016-11-10,185.70872497558594,186.8987259738683,184.25333004480336,186.03405331261018,172113300
2016-11-11,185.28060913085938,185.52032054765516,184.3388894401023,184.9895328480777,100552700
2016-11-14,185.4261932373047,186.00835901047284,184.68137636929268,185.80288643230247,94580000
2016-11-15,186.87301635742188,186.87301635742188,185.60596822040515,185.81142771850293,91652600
2016-11-16,186.5220184326172,186.75317344713747,186.1367687839471,186.25662452049548,65617700
2016-11-17,187.48080444335938,187.54072575667166,186.5647542635667,186.67605349823432,69797200
2016-11-18,187.0613555908203,187.720568602341,186.88156547375317,187.54934800622104,86265800
2016-11-21,188.47396850585938,188.49965094574657,187.48944014139417,187.63497832185362,72402600
2016-11-22,188.84210205078125,189.02187912694623,188.11439809751522,188.7821676498624,67429000
2016-11-23,188.94483947753906,188.99620435852816,188.13153171418705,188.32843477907736,56620200
2016-11-25,189.6468963623047,189.68113526824607,189.2102686659352,189.28732906507602,37872300
2016-11-28,188.75645446777344,189.61257047886514,188.6537247266964,189.33862014822847,76572500
2016-11-29,189.12460327148438,189.5783437413918,188.49107267987097,188.7907185282828,69886700
2016-11-30,188.6708526611328,189.9036618200159,188.61091826935393,189.7409976860947,113291800
2016-12-01,187.97743225097656,188.97051707232507,187.61785196668092,188.97051707232507,79040500
2016-12-02,188.07156372070312,188.55955612953525,187.71199655470292,188.06300726316525,74840300
2016-12-05,189.20164489746094,189.5440860882473,188.70509602651484,188.9019990580523,67837800
2016-12-06,189.80096435546875,189.83521631989439,188.9106092298559,189.3900322254395,59877400
2016-12-07,192.28366088867188,192.34358221640227,189.5269662940269,189.6468220127813,110738100
2016-12-08,192.7545166015625,193.2253830250353,191.99257386659514,192.2579808058571,99714400
2016-12-09,193.91885375976562,193.93597973954576,192.94288192501824,192.9771338845785,88005800
2016-12-12,193.69625854492188,194.304106695277,193.27675697280102,193.82467072858418,102016100
2016-12-13,194.9889678955078,195.48551672384679,194.33832446352554,194.35545044058355,110477500
2016-12-14,193.37948608398438,195.39135084417444,192.94285856387455,194.68934251772694,142501800
2016-12-15,194.1756591796875,195.0317751413727,193.38803406253228,193.6191890299093,124972600
2016-12-16,193.79592895507812,194.6915449704416,193.47730315707153,194.6312573112015,156420200
2016-12-19,194.2178955078125,194.63986968501598,193.830375174617,193.97677116092234,90341100
2016-12-20,194.96707153320312,195.11348063664968,194.51927675423596,194.7517810332149,89838800
2016-12-21,194.42454528808594,195.0101291313163,194.42454528808594,194.8378993621479,67909000
2016-12-22,194.0887451171875,194.39876404162973,193.69260471473083,194.27820185658513,56219100
2016-12-23,194.37289428710938,194.38150117720235,193.94231325723612,194.13175682131336,36697800
2016-12-27,194.8551788330078,195.2513060949005,194.62266135476222,194.63988827841183,42672500
2016-12-28,193.24481201171875,195.13075952333045,193.1328698497708,195.11354573859612,64095000
2016-12-29,193.20169067382812,193.66671234975908,192.7624896651442,193.3136327930532,48696100
2016-12-30,192.49560546875,193.61511907285654,191.8066730092772,193.5289975878123,108998300
2017-01-03,193.9681396484375,194.4762220905839,192.79695876636885,193.7958967308444,91366500
2017-01-04,195.1221160888672,195.26851207345445,194.28678777541126,194.29539466616654,78744400
2017-01-05,194.96707153320312,195.12208752614507,194.17480407008122,194.855129408606,78379000
2017-01-06,195.66464233398438,196.12966407630134,194.5365089692909,195.07904528556946,71559900
2017-01-09,195.01876831054688,195.54407769928036,194.9843144691566,195.40628861430002,46939700
2017-01-10,195.01876831054688,195.87131035074572,194.63123486650335,195.03598209095162,63771900
2017-01-11,195.56993103027344,195.56993103027344,194.2695677639523,194.93266630385088,74650000
2017-01-12,195.07901000976562,195.2684666846739,193.72699261914352,195.0531762032134,72113200
2017-01-13,195.52682495117188,195.8282237519275,195.2168061210621,195.25124681761267,62717900
2017-01-17,194.83795166015625,195.29436658409256,194.45043129043768,194.88961929074637,61240800
2017-01-18,195.2685089111328,195.31156964479436,194.53651585975967,195.08765908587074,54793300
2017-01-19,194.54513549804688,195.48379904463542,194.11455444288248,195.34600995331297,66608800
2017-01-20,195.25990295410156,195.75075852737518,194.59680444535826,195.2254491108912,129168600
2017-01-23,194.7517852783203,195.32015536434764,193.9939716372401,195.25988085598757,75061600
2017-01-24,196.0005340576172,196.41388825981454,194.85518668418274,194.96712884168406,95555300
2017-01-25,197.697021484375,197.697021484375,196.78417847332832,196.9478014011602,84437700
2017-01-26,197.49034118652344,197.81758704777135,197.21476295804246,197.55061571132043,59970700
2017-01-27,197.18026733398438,197.71418357760163,196.99941752937463,197.56778761210302,59711100
2017-01-30,195.95742797851562,196.5171780573932,194.97570376275382,196.4913442470013,79737300
2017-01-31,195.94024658203125,196.00053424714602,194.89824761335842,195.46660471431943,75880800
2017-02-01,196.01771545410156,196.8530437527953,195.43213152610113,195.94021401779992,79117700
2017-02-02,196.14691162109375,196.43109671472556,195.32881018564632,196.0177294111019,69657600
2017-02-03,197.49891662597656,197.67976645215273,196.74110289892536,197.05112178644802,80563200
2017-02-06,197.14584350585938,197.49031624796152,196.809990794992,197.09417587961693,57790100
2017-02-07,197.15444946289062,197.7744872141205,196.964992753332,197.53336288200782,57931200
2017-02-08,197.4127960205078,197.54196507382068,196.61190846909716,197.1544447735918,51566200
2017-02-09,198.583984375,198.8853832240936,197.4128034001183,197.4128034001183,65955200
2017-02-10,199.36766052246094,199.59157110911215,198.60122667342299,198.92847252142548,66015900
2017-02-13,200.4527130126953,200.71106428018317,199.83267522684102,199.85850903956066,55182100
2017-02-14,201.25360107421875,201.26222110590146,199.92741708401107,200.27187670372177,71109000
2017-02-15,202.30418395996094,202.49364065914128,200.98660709584573,201.03827471556946,86785800
2017-02-16,202.1320037841797,202.51091727552614,201.38279683374938,202.3300674218224,84722400
2017-02-17,202.45057678222656,202.45057678222656,201.45162568212956,201.4688526018663,77204100
2017-02-21,203.6562042236328,203.82843399397925,202.81225601044366,202.82087604014896,88946100
2017-02-22,203.47537231445312,203.69926972156108,203.08785201202807,203.25147490734517,62115200
2017-02-23,203.6131134033203,204.00924050254326,202.8552867574507,203.99202672625512,74615900
2017-02-24,203.87152099609375,203.91456858901134,202.72617382226116,202.76923455546964,82381600
2017-02-27,204.1901092529297,204.36233901382846,203.53563090539905,203.78536208765897,56515400
2017-02-28,203.63897705078125,204.0523311271555,203.25145678291233,203.81120682091307,96961900
2017-03-01,206.4894561767578,206.95449108934181,205.27521440981133,205.29244133183443,149158200
2017-03-02,205.1890869140625,206.308600215748,205.13741929311072,206.29998018539592,70246000
2017-03-03,205.31825256347656,205.48187545397204,204.72404865179934,205.1029620528857,81974300
2017-03-06,204.70680236816406,205.0598687628521,204.10397852199534,204.52595258625587,55391500
2017-03-07,204.0953826904297,204.7584810729663,203.88869909137853,204.40540151886213,65103700
2017-03-08,203.71646118164062,204.64651762974174,203.57867212111717,204.3881664263323,78168800
2017-03-09,203.97486877441406,204.30211459855315,203.01037136468838,203.8370796757985,90683900
2017-03-10,204.6896209716797,204.97380604057082,203.74233740870923,204.93074530765566,81991700
2017-03-13,204.79295349121094,204.83601422355267,204.30209793532902,204.62933059248675,57256800
2017-03-14,204.00930786132812,204.3021129786375,203.39789009404342,204.25043221184765,59880800
2017-03-15,205.77467346191406,206.19664760561835,204.34514127577168,204.57765871334672,96081800
2017-03-16,205.36993408203125,205.98997184571738,205.0427014191847,205.91247041032932,78344000
2017-03-17,205.00926208496094,205.82227819204954,205.00926208496094,205.63199726496683,89002100
2017-03-20,204.78431701660156,205.29460968424115,204.3951109683587,205.00918839620925,52537000
2017-03-21,202.1550750732422,205.51092452648842,202.02534406755785,205.38983785536394,131809300
2017-03-22,202.6308135986328,202.91623505955164,201.5669795697242,202.18971490309988,97569200
2017-03-23,202.41453552246094,203.54756354767736,202.04263120164606,202.63076264780625,100410300
2017-03-24,202.26751708984375,203.2881028594989,201.48910466205444,202.7172732379335,112504900
2017-03-27,202.05992126464844,202.31939645634566,200.321459915953,200.59822377562864,87454500
2017-03-28,203.53030395507812,203.95410073492422,201.64479629003603,201.75723863446456,93483900
2017-03-29,203.7205352783203,203.95406426057835,203.0199615290021,203.24484617764165,61950400
2017-03-30,204.3692169189453,204.5681553695538,203.48701978020478,203.65999883500942,56737900
2017-03-31,203.8935546875,204.55952479613492,203.84164908650794,204.03193003110582,73733100
2017-04-03,203.53890991210938,204.14434319591695,202.3107414799695,203.94541794497783,85546500
2017-04-04,203.66864013671875,203.75513626156143,202.872925938498,203.25348777187656,56466200
2017-04-05,203.06317138671875,205.3205825972771,202.8555886418277,204.34323198658012,108800600
2017-04-06,203.63401794433594,204.15295502034064,202.7604520905961,203.20156378227185,69135800
2017-04-07,203.42649841308594,204.11842792690598,202.94215171264923,203.38325034394884,74412300
2017-04-10,203.54750061035156,204.34321460189108,203.0199060597441,203.5648024703172,67615300
2017-04-11,203.3053741455078,203.40915893428013,201.81773058497976,203.16698562884116,88045300
2017-04-12,202.41453552246094,203.21890729142282,202.1896640631861,203.02862636532242,81864400
2017-04-13,201.09986877441406,202.81239709117327,201.09986877441406,202.07721959380586,92880400
2017-04-17,202.88160705566406,202.88160705566406,201.4199094790997,201.6188347524172,68405400
2017-04-18,202.276123046875,202.8123752285135,201.59285121855888,202.14639206600955,83225800
2017-04-19,201.90426635742188,203.21027359661804,201.67938167431168,202.83836923217876,68699900
2017-04-20,203.54750061035156,203.9886122560354,202.19824587698227,202.51825770035896,92572200
2017-04-21,202.8988800048828,203.52161517502364,202.50102948907167,203.46972277708795,110389800
2017-04-24,205.13034057617188,205.3379233603899,202.87292893794245,205.13898490980165,119209900
2017-04-25,206.32391357421875,206.66987167555047,205.68387656955395,205.7703726936147,76698300
2017-04-26,206.1941680908203,207.17151885724383,206.15093322651757,206.28930854770627,84702500
2017-04-27,206.3671417236328,206.6698517337253,205.83088956162,206.5141745623842,57410300
2017-04-28,205.9174041748047,206.65256843460105,205.7876599895779,206.6266222370468,63532800
2017-05-01,206.43634033203125,206.86015021914145,206.02118797570128,206.43634033203125,66882500
2017-05-02,206.51422119140625,206.69584459897976,206.10771311117955,206.57475792811164,57375700
2017-05-03,206.26339721679688,206.60936857189026,205.588769571187,206.5142280989218,73137700
2017-05-04,206.50555419921875,206.64394273028756,205.65794754197145,206.5661041306076,61462700
2017-05-05,207.31857299804688,207.33587486401794,206.43636259791836,206.87747439671105,62001300
2017-05-08,207.2839813232422,207.50885278980158,206.86017139275205,207.3618199234985,48385700
2017-05-09,207.0936737060547,207.74235501951878,206.74770242040077,207.54342977867722,51363200
2017-05-10,207.46556091308594,207.46556091308594,206.8428258476256,207.05040860193037,54293800
2017-05-11,207.04177856445312,207.20611327327558,205.96064305636312,207.01583236805536,62358300
2017-05-12,206.69583129882812,207.08503748747037,206.4277117732625,206.79097176249238,53912700
2017-05-15,207.83755493164062,207.95864161689624,207.10237728707935,207.11967915567553,61918900
2017-05-16,207.6471710205078,208.15746371269822,207.25796495353973,208.13151752139717,51241800
2017-05-17,203.96273803710938,207.64724366280345,203.90218810458956,207.64724366280345,172174100
2017-05-18,204.78431701660156,205.63192335237852,203.62533000528828,203.8848051032674,107047700
2017-05-19,206.11630249023438,206.78228560117083,205.21680363182136,205.2686960201495,115011400
2017-05-22,207.1629180908203,207.32725284158846,206.55748469124688,206.62666576766244,61010600
2017-05-23,207.6212921142578,207.78562684405628,207.15423412457204,207.53479598358814,48341700
2017-05-24,208.10562133789062,208.2094061280343,207.51747673301352,207.85480369589155,46927700
2017-05-25,209.1002655029297,209.377042546185,208.40834928970304,208.6159188746887,64071700
2017-05-26,209.0570068359375,209.22132833952406,208.8321222145324,208.90996080003987,46629900
2017-05-30,208.87538146972656,209.12619910229242,208.5813157770756,208.7369929564361,35201900
2017-05-31,208.8235321044922,209.2040939957279,208.13160259292346,209.1694902615477,91796000
2017-06-01,210.48414611816406,210.5014479845229,208.99650235027323,209.28192375663733,68962000
2017-06-02,211.18472290039062,211.34041330489234,210.24197573118028,210.53604147612447,88666100
2017-06-05,211.02902221679688,211.2971417307393,210.8300837666508,211.01172035211985,44698800
2017-06-06,210.3544158935547,211.02038598008141,210.27656409337987,210.466845031661,50375400
2017-06-07,210.74359130859375,210.9684627494031,210.02571572770137,210.69169891436508,54144300
2017-06-08,210.84735107421875,211.32305329395197,210.31975646641533,210.83870674202495,65950700
2017-06-09,210.5273895263672,211.91123526293748,209.2646172592581,211.11552099498175,132256400
2017-06-12,210.48414611816406,210.5360385197835,209.63653943097975,210.28522084613712,86108100
2017-06-13,211.5133514404297,211.56524383273413,210.6743892382955,211.02034731862815,60067000
2017-06-14,211.24522399902344,211.79010729516966,210.42355049360853,211.78146296259584,78602300
2017-06-15,210.83877563476562,210.95986231231313,209.61925132681426,209.8960152194408,66464900
2017-06-16,210.88490295410156,211.0500391497733,210.00708975720886,210.99789366941823,84553100
2017-06-19,212.64047241210938,212.70130436516789,211.61489634368257,211.71050078004595,65123800
2017-06-20,211.2063751220703,212.29278298541092,211.18900214476346,212.2840964967575,56906400
2017-06-21,211.1542205810547,211.7104608526788,210.68489823948386,211.59748345778655,55977600
2017-06-22,211.05865478515625,211.6583541315483,210.88483215505542,211.16295897267005,44148100
2017-06-23,211.3107147216797,211.64097374946985,210.73708809083058,211.11950584472999,66986800
2017-06-26,211.44973754882812,212.39709532104865,211.24115571861205,211.97990513698605,56700500
2017-06-27,209.7462158203125,211.52792708399247,209.72882958396772,211.23241411338174,82247700
2017-06-28,211.62353515625,211.82343046133272,210.52842769837758,210.76309547675208,70042600
2017-06-29,209.76370239257812,211.8235281139844,208.55561699410075,211.77138264182003,106949700
2017-06-30,210.15478515625,210.94569343453097,209.96357627003223,210.5719621526262,86820700
2017-07-03,210.51109313964844,211.52796934909023,210.51109313964844,211.0934061863297,39153800
2017-07-05,210.99778747558594,211.2063692920283,210.06781600456577,210.8761103287231,54427600
2017-07-06,209.068359375,210.3546627410907,208.88583699475083,210.2329855748634,65400800
2017-07-07,210.42417907714844,210.57192896378987,209.0770305954212,209.64197067450192,57972300
2017-07-10,210.650146484375,211.023877706191,210.1199788872515,210.42417841054788,36663300
2017-07-11,210.49375915527344,210.80664524060813,209.32913277279036,210.6501955670315,50354600
2017-07-12,212.07550048828125,212.24063660467954,211.45842825120994,211.45842825120994,59610400
2017-07-13,212.43185424804688,212.54484491380276,211.85822769210736,212.0842090236191,39471600
2017-07-14,213.42262268066406,213.7789675973689,212.3362149554515,212.43181936574274,60262700
2017-07-17,213.39657592773438,213.7268481601751,213.22275332290783,213.34443047246788,33531900
2017-07-18,213.5095977783203,213.56174324120425,212.64915785528538,212.98811662584762,42742500
2017-07-19,214.6654815673828,214.67416805499465,213.81372835614903,213.822428105574,51034300
2017-07-20,214.76107788085938,215.03919135389674,214.21352416025633,214.91751422285301,47135200
2017-07-21,214.56996154785156,214.59603428275477,213.96156236859434,214.18754375351332,82340800
2017-07-24,214.51780700683594,214.65685716650034,214.048471274788,214.49172101121746,46622300
2017-07-25,215.03921508789062,215.36948730652418,214.81324703724425,215.265183138537,54915600
2017-07-26,215.04794311523438,215.36082915600542,214.78721579943908,215.32606993450494,47575400
2017-07-27,214.84803771972656,215.54334147361757,213.52696191351524,215.50858225374023,70766600
2017-07-28,214.5959930419922,214.72635669145512,213.91807554115323,214.37001170050198,50088400
2017-07-31,214.4743194580078,215.09139175817583,214.26572435357318,214.9957873263703,65838700
2017-08-01,214.95228576660156,215.1087221079191,214.43080477191793,215.0739628971194,55050400
2017-08-02,215.05662536621094,215.1956887645296,214.1266538094975,215.08269809566875,47211200
2017-08-03,214.63943481445312,214.9696937872359,214.36130803546263,214.9436210594324,40856000
2017-08-04,215.03054809570312,215.36080708246598,214.6481303893106,215.12615252230128,60191800
2017-08-07,215.43035888671875,215.43035888671875,214.99579568195313,215.10009986913212,31995000
2017-08-08,214.90017700195312,216.33424343971365,214.52645903629823,215.11745858993362,61719400
2017-08-09,214.89151000976562,214.94365547372158,213.85724743524958,214.21359245470444,62632600
2017-08-10,211.8582000732422,214.18746521106263,211.80605462255747,214.05708832253737,120479500
2017-08-11,212.171142578125,212.76215545427516,211.84957003866828,212.0842378910968,74869900
2017-08-14,214.27438354492188,214.49166511117897,213.41395703010485,213.44871624550768,73291900
2017-08-15,214.2483367919922,214.67421348773985,213.94415051944327,214.65682724702344,55242700
2017-08-16,214.62203979492188,215.16959358002424,214.19616315519622,214.76978966703544,56715500
2017-08-17,211.27590942382812,214.3265512292941,211.27590942382812,214.01366523031848,128490400
2017-08-18,210.94564819335938,212.2319513923749,210.50238529682153,211.110771048936,136748000
2017-08-21,211.11077880859375,211.37151935817374,210.18082053799722,210.88481073859253,65469700
2017-08-22,213.31834411621094,213.47478047201594,211.6756960711894,211.69308230910568,63140100
2017-08-23,212.55357360839844,212.97945036542944,212.2059283149406,212.35367822775106,50203800
2017-08-24,212.05813598632812,213.0923851691312,211.84954089488582,212.93594879691088,50741700
2017-08-25,212.55357360839844,213.46615908099753,212.40582369558797,212.84907343401937,64445900
2017-08-28,212.5622100830078,213.10975059411498,212.14501994087084,213.08367786795816,40565600
2017-08-29,212.80555725097656,213.06628450382465,211.13682326186802,211.2498139126445,51135700
2017-08-30,213.81373596191406,214.08317622922343,212.60565105023682,212.78817339108335,62030800
2017-08-31,215.10006713867188,215.34342143536554,213.84852317749608,214.430836191857,103803900
2017-09-01,215.40428161621094,215.8301583221608,215.25653172112212,215.4738133189262,62007000
2017-09-05,213.85716247558594,215.12609239560916,212.89243199021143,214.90011112582042,91398800
2017-09-06,214.58726501464844,214.91753723218903,214.0049520207523,214.53511956173446,57916900
2017-09-07,214.56117248535156,214.90883090904782,214.15268212614149,214.8914446724098,58034700
2017-09-08,214.3091278076172,214.76976360649286,214.06577354639276,214.27435533497794,63832800
2017-09-11,216.59498596191406,216.67320415146062,215.56072347185696,215.57809645054567,71364800
2017-09-12,217.32505798339844,217.35981720404104,216.7775041101089,216.96002648847752,56896000
2017-09-13,217.42938232421875,217.46415481202195,216.92528734561955,217.03827803825234,59228000
2017-09-14,217.35980224609375,217.55971085193482,216.93393882890064,217.10776144378448,95446300
2017-09-15,217.65240478515625,217.73974074405513,217.1108765260414,217.21568500777204,95432400
2017-09-18,218.11537170410156,218.46474226707042,217.73105608825622,218.01929280014022,46235200
2017-09-19,218.3336944580078,218.42104374769173,218.01052607591205,218.35989657938688,47108100
2017-09-20,218.4123077392578,218.525859153917,217.41658711242658,218.42105066508134,59574100
2017-09-21,217.82713317871094,218.3424594194711,217.65244789868083,218.25512344327234,48211400
2017-09-22,217.87078857421875,218.03674424025084,217.50394552028905,217.53014764359605,51214000
2017-09-25,217.42529296875,217.96683453307224,216.6828773745145,217.61745072905316,57064400
2017-09-26,217.5563201904297,218.09784843533004,217.32048778509616,217.85328643262474,54082000
2017-09-27,218.40359497070312,218.78791056288938,217.37292921641892,218.2551118242006,81001400
2017-09-28,218.6655731201172,218.744179472519,218.03669564564598,218.12403159466072,44778800
2017-09-29,219.43418884277344,219.5128085221101,218.47341344631633,218.65682826696917,85578000
2017-10-02,220.38632202148438,220.38632202148438,219.4866668261174,219.66136543656245,59023000
2017-10-03,220.8579559326172,220.88415805655924,220.30768467457054,220.3863043740284,66810200
2017-10-04,221.1199188232422,221.36448078584735,220.59584985901552,220.7094012443777,55953600
2017-10-05,222.43011474609375,222.44757394086622,221.15488716333428,221.45185340602157,63522800
2017-10-06,222.17681884765625,222.46505550467177,221.7226398677804,221.98466107631256,80646000
2017-10-09,221.80995178222656,222.46503138780173,221.54791727447073,222.40389755498163,35803100
2017-10-10,222.3951873779297,222.7707733374642,221.83618656529862,222.3777281817695,43057400
2017-10-11,222.7445831298828,222.7445831298828,222.13317804080668,222.29912037898842,47674300
2017-10-12,222.41262817382812,222.77947115532052,222.17679578300132,222.43010069512647,47065100
2017-10-13,222.68344116210938,222.9629482537238,222.4126769968777,222.8493968318015,54800400
2017-10-16,222.98036193847656,223.17251969283203,222.5698576388578,222.91049850746452,38221700
2017-10-17,223.1375732421875,223.18124787940764,222.70958312163512,222.9279429801077,31561000
2017-10-18,223.35598754882812,223.55687493585796,223.1638297603191,223.51320028799114,40888300
2017-10-19,223.41708374023438,223.45202878369093,222.1593420560092,222.57858928408425,61903800
2017-10-20,224.57008361816406,224.59631239998672,223.39969086749306,224.21199677364615,89176400
2017-10-23,223.69659423828125,224.9194309537116,223.61798787604818,224.89322883296725,63915300
2017-10-24,224.0897216796875,224.32554083897202,223.73160814911358,224.1246667365228,66935900
2017-10-25,222.98036193847656,223.87127395161298,221.85363085850938,223.75772255286773,103715300
2017-10-26,223.26861572265625,223.86254822529017,223.1463347175475,223.59179742215292,69798000
2017-10-27,225.09408569335938,225.25132506108443,223.2773432648059,224.01102924490968,85562500
2017-10-30,224.25558471679688,224.99801359997798,223.95861849457592,224.01102273054096,54285700
2017-10-31,224.60494995117188,224.8582548559498,224.3079837358577,224.631152068545,60304800
2017-11-01,224.9019775390625,225.72301298114465,224.53514779573626,225.38238536234172,54202700
2017-11-02,224.98928833007812,225.1290418553702,223.7664783028467,224.8320756098468,56449500
2017-11-03,225.7404327392578,225.78409404892494,224.73595606435163,225.14647366519628,59589700
2017-11-06,226.08990478515625,226.2209154282889,225.53963342873104,225.6094968866457,49652600
2017-11-07,225.9326934814453,226.5266261710179,225.42608345101644,226.19471476941314,57502200
2017-11-08,226.31687927246094,226.41297147107142,225.47838487809508,225.75789189463578,50469600
2017-11-09,225.49588012695312,225.68803787692877,223.91493016041056,225.11156462700185,95085500
2017-11-10,225.426025390625,225.600723974454,224.7971478062067,225.1115999260466,59984700
2017-11-13,225.6356201171875,225.8627229227184,224.7097763557661,224.7447214001383,50228600
2017-11-14,225.1116180419922,225.2164265386195,224.05473683871833,224.83211094747693,61315200
2017-11-15,223.98484802246094,224.6661298286348,223.27736409509808,224.14206074959475,80811500
2017-11-16,225.88894653320312,226.2558028958665,224.8844963178253,224.9281576360003,67777000
2017-11-17,225.22512817382812,225.86274869389405,225.1465218064658,225.5395802985394,75756800
2017-11-20,225.60939025878906,225.80154799632177,225.22507478372367,225.46966340899763,48075500
2017-11-21,227.08560180664062,227.26904335379507,225.5745680337416,226.3781177112362,69176800
2017-11-22,226.88465881347656,227.22528636639564,226.71870317183996,227.09427576911906,45033400
2017-11-24,227.40872192382812,227.5135570664607,227.23404999662972,227.3738035315452,27856500
2017-11-27,227.29519653320312,227.74937552896802,227.09429582945995,227.45240926382237,52274900
2017-11-28,229.60101318359375,229.62721529965407,227.66197662936466,227.7580688250894,98971700
2017-11-29,229.4613037109375,230.26487984974452,229.01586765243735,229.73206784726955,77512100
2017-11-30,231.47021484375,232.37857274930585,230.2998090900364,230.37841544790612,127894400
2017-12-01,230.98988342285156,231.73231258833513,227.7581721367282,231.25193135757561,164390900
2017-12-04,230.71031188964844,233.03363739793878,230.65788099918234,232.6056605919785,94040600
2017-12-05,229.8805694580078,231.59250360309943,229.74955884962907,229.8805694580078,77994500
2017-12-06,229.92422485351562,230.3522283702102,229.46130294566018,229.97662909551735,75898600
2017-12-07,230.64915466308594,230.96358006061715,229.66216385096445,230.64915466308594,77218600
2017-12-08,231.90701293945312,231.9157292119883,230.6143124222112,231.6013036742976,76563900
2017-12-11,232.6056671142578,232.6668142754687,231.88072407003264,232.6056671142578,83077500
2017-12-12,233.01617431640625,233.48783908067503,232.64060175192208,233.3917468808904,85195800
2017-12-13,232.99000549316406,233.69748941303737,232.90265620503862,233.2607696276706,102905400
2017-12-14,232.03793334960938,233.40049679362306,231.98552911370558,233.28694539741238,100666700
2017-12-15,233.97027587890625,234.43556407095812,232.98702738185418,233.0396994948025,144610300
2017-12-18,235.45387268066406,235.80502893603057,235.26073272148673,235.3660769189462,83653600
2017-12-19,234.5496826171875,235.74361949835358,234.47943527623028,235.6997350038883,82382900
2017-12-20,234.42677307128906,235.56803789071338,234.12828883838594,235.51536577852528,76751500
2017-12-21,234.90953063964844,235.62065749788633,234.66371860165978,235.04999848871375,67032300
2017-12-22,234.84820556640625,234.96233742065027,234.312669971457,234.9272137443794,78720900
2017-12-26,234.5672149658203,234.78669100611233,234.3038544340734,234.44429552333253,45244400
2017-12-27,234.68136596679688,235.04130991726413,234.40921779792106,234.73403807744953,57751000
2017-12-28,235.1642608642578,235.20817216169257,234.79555599830482,235.18183609983876,45116100
2017-12-29,234.27752685546875,235.7611872545007,234.0844136307907,235.74363881357894,96007400
2018-01-02,235.9542999267578,235.98942359604385,234.751575470931,235.1378554585482,86655700
2018-01-03,237.4467315673828,237.59598705803205,236.12108775526218,236.12108775526218,90070400
2018-01-04,238.447509765625,238.9303730753286,237.50817277946746,238.08759267620826,80636400
2018-01-05,240.03659057617188,240.1594832389474,238.74607026371623,239.2376944978411,83524000
2018-01-08,240.4755096435547,240.63352595605033,239.65027762295614,239.93997419586478,57319200
2018-01-09,241.0198516845703,241.6431562298976,240.61599642060025,240.89693222383696,57254000
2018-01-10,240.65110778808594,240.91449513696924,239.5976387670871,240.26482777626626,69574300
2018-01-11,242.40682983398438,242.40682983398435,241.0373018410298,241.20410573171674,62361500
2018-01-12,243.9871368408203,244.15391398365108,242.37176960389846,242.6702805959339,90816100
2018-01-16,243.1530303955078,245.89208612074793,242.45947885241839,245.24244584505615,106555100
2018-01-17,245.4707489013672,245.8570288429602,243.15309604331574,244.0836722321971,113258800
2018-01-18,245.0582275390625,245.7780887281205,244.56657646606374,245.3567117962844,100728000
2018-01-19,246.1730499267578,246.1730499267578,245.05812155478074,245.63751458547583,140920100
2018-01-22,248.17471313476562,248.17471313476562,245.90970554473782,245.9624044391286,91322400
2018-01-23,248.70144653320312,248.9911430822644,247.8937630166444,248.21858322942705,97084700
2018-01-24,248.60488891601562,249.93932036064535,247.4285005787556,249.3423251815439,134816100
2018-01-25,248.710205078125,249.5617730729087,247.92009679641455,249.46521648794092,84587300
2018-01-26,251.5897979736328,251.63370926274965,249.28969303570867,249.544292779746,107743100
2018-01-29,249.92169189453125,251.45802381833292,249.7636756123294,251.01907184010386,90118300
2018-01-30,247.3582305908203,249.97436726883348,246.88415494649124,248.09566670894165,131796400
2018-01-31,247.48114013671875,248.71020041762685,246.4100961508907,248.2098154832068,108364800
2018-02-01,247.2001953125,248.49950287103297,246.41008707469774,246.75248249293085,90102500
2018-02-02,241.81866455078125,246.01504454765396,241.7835408895909,245.88333751606618,173174800
2018-02-05,231.7052001953125,242.1698278399502,231.16090399277928,240.06286356273918,294681800
2018-02-06,236.27035522460938,236.7707670349998,227.11382109691172,228.20241370210414,355026800
2018-02-07,234.98855590820312,239.10590067729856,234.90952097825843,235.7172043792899,167376100
2018-02-08,226.17445373535156,235.42757111233564,226.13933006721916,235.28710323131492,246449500
2018-02-09,229.57192993164062,231.42429478550562,222.039510890829,228.95738632420708,283565300
2018-02-12,232.94305419921875,234.4091657307602,229.7123737697383,231.61741052872057,143736000
2018-02-13,233.52252197265625,234.0668183011388,231.16095748307058,231.74037748189377,81223600
2018-02-14,236.6741485595703,237.03409243343134,232.03002865434567,232.03881626808786,120735700
2018-02-15,239.6941375732422,239.70292518687265,235.9542578113466,238.41240518393013,111200300
2018-02-16,239.764404296875,241.70459187762137,239.02696798048893,239.07087926559547,160420100
2018-02-20,238.26319885253906,240.2560585693291,237.4730904164795,238.81628279523392,86369700
2018-02-21,237.0780029296875,241.17782706280644,236.98144633395106,238.70213095136867,98883700
2018-02-22,237.38528442382812,239.71172513772538,236.71809546663133,237.9998280651637,110511300
2018-02-23,241.16900634765625,241.16900634765625,238.13146593359008,238.60554160702387,92766400
2018-02-26,243.96949768066406,244.0660810448981,241.65184522857155,242.24002586058097,86491400
2018-02-27,240.9232177734375,244.86502543404572,240.8617580559553,244.15389845883672,99099200
2018-02-28,238.482666015625,242.46835850910344,238.1666333695874,242.02061880237406,121907800
2018-03-01,235.01490783691406,239.81704371338597,233.5224603436801,238.27192412429704,176855100
2018-03-02,236.22642517089844,236.7882966589394,232.48657189571603,233.3469007734564,139083200
2018-03-05,238.95681762695312,239.57136146688794,234.93600018821667,235.04137122851938,97307400
2018-03-06,239.5624542236328,240.01019384890736,238.07000666705412,239.93115891026687,79213200
2018-03-07,239.4746856689453,239.82584195994448,237.20970481921924,237.40284479799493,87063500
2018-03-08,240.633544921875,240.75643757744385,239.15867230598982,240.15068154029282,66901200
2018-03-09,244.82107543945312,244.82107543945312,241.72207550192218,242.0381348622031,113625300
2018-03-12,244.5137939453125,245.7340932729573,244.12751407120209,245.11078898171166,71924800
2018-03-13,242.93365478515625,246.17312347300873,242.32789873513437,245.67271164185843,91968900
2018-03-14,241.68695068359375,244.0748505384305,241.1338936908821,243.8904982075266,105895100
2018-03-15,241.42361450195312,242.8370271669328,240.9232027619332,242.19617435500027,83433000
2018-03-16,241.6854248046875,242.73431697378314,241.63254174564145,241.9498400999178,100343700
2018-03-19,238.415283203125,241.86163857331567,236.7670321345128,240.93615834832266,109208400
2018-03-20,238.82073974609375,239.45536316886378,238.14202918773603,238.8119169392159,59757300
2018-03-21,238.3624725341797,240.86570282453886,238.150940281105,238.77674112899192,78709600
2018-03-22,232.40411376953125,236.98748341572107,232.1308487161802,236.14132741776228,148785900
2018-03-23,227.4504852294922,233.1709209551684,227.25657169813346,232.844799765795,183534800
2018-03-26,233.67335510253906,233.95541609321967,228.64927483777169,231.04673946092365,141956100
2018-03-27,229.69813537597656,235.13648355929,228.14682704159767,234.60765289876343,129941400
2018-03-28,229.01942443847656,231.49624022540982,227.91764906479978,229.83034294898033,146452300
2018-03-29,231.94570922851562,233.80551974952124,229.0282106570557,230.1564273834921,111601600
2018-04-02,226.93922424316406,231.9280650176336,224.47124538181424,231.41682631878385,186286300
2018-04-03,229.84796142578125,230.32393591836862,226.38398611035794,228.1732682393446,119956900
2018-04-04,232.30706787109375,233.01219315656473,226.17239181131873,226.30459943999386,123715300
2018-04-05,234.14047241210938,235.02189260297175,232.97699130445676,234.06112092397936,82652600
2018-04-06,228.92245483398438,233.67329571244264,227.40641101791257,232.18372032516052,179521200
2018-04-09,230.0507049560547,233.4353557781252,229.11640156292754,230.3768261726803,105442900
2018-04-10,233.7085723876953,234.49304931652253,231.79590552096968,232.93291826893037,103529000
2018-04-11,232.48342895507812,234.1405034372823,232.15730774505533,232.22780953419007,91140200
2018-04-12,234.39614868164062,235.33927507868376,233.62931714530765,233.80561200601784,68890500
2018-04-13,233.7085723876953,235.81517968292337,232.70376729661248,235.70059074735886,85079200
2018-04-16,235.63009643554688,236.39695475492138,234.51952505696408,235.33923954798865,63405300
2018-04-17,238.15093994140625,238.7502992568039,236.88169262714564,237.39290453761745,64682000
2018-04-18,238.3272247314453,239.12929345575915,237.86886900462565,238.5916400362949,57303900
2018-04-19,237.00511169433594,237.8777091627883,235.9738381325913,237.6749728150779,77655900
2018-04-20,234.9954071044922,237.154897174765,234.11398697765554,236.93454214305586,99953100
2018-04-23,234.96022033691406,236.12370161096285,233.88488647431987,235.5684025074935,65558000
2018-04-24,231.7958984375,236.2029995241592,230.2974733085117,235.98264446982625,112885500
2018-04-25,232.3688507080078,232.8095608821234,229.91850321587756,231.73422698132876,103840900
2018-04-26,234.73097229003906,235.5595092922136,232.9505134655818,233.3912234923212,67731900
2018-04-27,234.9513702392578,235.6388769306565,234.0170669637368,235.3391972855658,57053600
2018-04-30,233.14450073242188,236.12370575976553,233.0739720424936,235.5684066465393,82182300
2018-05-01,233.5587615966797,233.66452772924058,231.02906273180506,232.58037107286572,74203400
2018-05-02,231.9898223876953,234.17572740968185,231.60199532273418,233.36483583662604,86368900
2018-05-03,231.47853088378906,232.13077311783923,228.3318548270563,231.1612325749448,136311500
2018-05-04,234.47543334960938,235.15414423876828,230.18292052098005,230.50904174879244,91222100
2018-05-07,235.26866149902344,236.23820207584941,234.55468648152564,235.24221997236103,55304900
2018-05-08,235.26866149902344,235.6300200638076,233.70853072952212,234.89845322694333,67499200
2018-05-09,237.54270935058594,237.86883047334368,235.41848374968689,235.93851836419324,59666100
2018-05-10,239.76388549804688,240.09003352947272,238.1773400803513,238.28310618835678,72063900
2018-05-11,240.49549865722656,240.75991394858534,239.37607782658708,239.88731658829252,59871500
2018-05-14,240.61009216308594,241.57963284906248,240.06358905252702,240.9273905187562,54790600
2018-05-15,238.95306396484375,239.40257005534806,238.00993772791824,239.3849513317959,87036100
2018-05-16,239.9578094482422,240.4161651346409,238.96180038979318,238.98826881675424,53942600
2018-05-17,239.75509643554688,240.83043006232478,238.97944242294543,239.69339057117915,56536400
2018-05-18,239.15574645996094,239.7727513992917,238.80318373697688,239.4113658661193,64368000
2018-05-21,240.95379638671875,241.49147660821697,240.24867110149415,240.6364980780093,58025900
2018-05-22,240.28404235839844,241.72958496662446,239.95792105988465,241.47396547637564,52966400
2018-05-23,240.9449462890625,240.97141471059587,238.85598529690526,239.01466133209374,64694200
2018-05-24,240.45135498046875,240.82156320014568,238.6708963400099,240.548325163709,76043800
2018-05-25,239.87852478027344,240.50432564990533,239.3761087629519,239.87852478027344,56374800
2018-05-29,237.11962890625,239.01470366657188,236.0090578560398,238.2566683826817,115908600
2018-05-30,240.28404235839844,240.7247526318107,238.3537561077675,238.4242579160325,69678400
2018-05-31,238.81201171875,240.1782023869531,238.21265238681653,239.87852272098635,93519900
2018-06-01,241.1565704345703,241.45625007264385,240.03714957306167,240.10767825190814,71258400
2018-06-04,242.3024444580078,242.55806388655805,241.73834943158178,241.97632323820955,45385200
2018-06-05,242.478759765625,242.85776408557587,241.6678411543008,242.43467260590893,51135000
2018-06-06,244.50595092773438,244.6117170448222,242.4698724773669,243.08687735879116,62732200
2018-06-07,244.4795379638672,245.28163364391338,243.5716761543753,244.99077678793768,72969400
2018-06-08,245.20223999023438,245.25512304006372,243.85366842197706,244.0211403793715,72139700
2018-06-11,245.5283966064453,246.2423447812001,245.3080415673529,245.4226304914903,58892500
2018-06-12,245.84573364257812,246.2070922530715,245.20228721399303,245.94267695300078,72329000
2018-06-13,245.06126403808594,246.33933412363743,244.85852770279948,246.083714726765,79070600
2018-06-14,245.67823791503906,246.2070684640839,245.08767460352945,245.92503447086239,77097600
2018-06-15,245.36488342285156,245.701331487401,243.78891118859391,244.8956340221906,120041600
2018-06-18,244.86013793945312,244.98410382907056,243.43469232640646,243.91277699312204,52917600
2018-06-19,243.921630859375,244.14297535198787,242.177435176802,242.59356390369783,97531500
2018-06-20,244.3378143310547,245.00184795767245,244.0013663037661,244.60341697386283,53785500
2018-06-21,242.80601501464844,244.34659086014588,242.3102055759744,244.32886601045814,71061400
2018-06-22,243.2487335205078,244.17839659575208,243.02738902920078,244.06329313713783,54898500
2018-06-25,239.93743896484375,242.25712501103698,238.25522616199765,242.0977634550983,137854200
2018-06-26,240.4687042236328,241.31865965839233,239.7515501037426,240.50412691413,68547400
2018-06-27,238.47654724121094,242.4784456972088,238.32602110676876,241.0530002208794,105110700
2018-06-28,239.84005737304688,240.60146947724132,237.71512857523751,238.423447181038,76650500
2018-06-29,240.1853790283203,242.29258330965268,240.07027554780439,240.92909341827357,97592500
2018-07-02,240.69883728027344,240.85822584666744,238.3791513670578,238.6182207068534,63554800
2018-07-03,239.84890747070312,241.69050893899274,239.42394330078528,241.59310330365744,42187100
2018-07-05,241.8055877685547,241.86757071714234,239.9020303531457,240.97335725440993,56925900
2018-07-06,243.8509063720703,244.22275013181675,241.45151169447968,241.8322449032129,66493700
2018-07-09,246.0465087890625,246.09962930058492,244.80698515422466,244.85124324063042,50550400
2018-07-10,246.93197631835938,247.0293819712378,246.2059597045332,246.4981496435699,51966800
2018-07-11,245.1258087158203,246.17057558311728,244.8247833539211,245.38257597316954,77054700
2018-07-12,247.3480224609375,247.4011429739848,245.7809132868629,246.3829637811254,60124700
2018-07-13,247.5428009033203,247.84382614342442,246.7194059507189,247.17095732066952,48216000
2018-07-16,247.32154846191406,247.72881487718087,246.8788593523983,247.58717813938293,48201000
2018-07-17,248.32205200195312,248.71162061414097,246.49817487198345,246.5512954082271,52315500
2018-07-18,248.84437561035156,248.95061666305273,247.95899747838,248.4016865443658,44593500
2018-07-19,247.9058380126953,248.5610090811737,247.4277263310422,248.18030302892774,61412100
2018-07-20,247.62254333496094,248.33086203476083,247.4631817598543,247.70222412251422,82337700
2018-07-23,248.08294677734375,248.28656644152343,247.0736028050646,247.41891322282152,47047600
2018-07-24,249.33128356933594,250.17240347028664,248.4636304289784,249.49067214292117,68026900
2018-07-25,251.45623779296875,251.77496093318197,249.03914590130603,249.08340399758183,78882900
2018-07-26,250.8629913330078,251.54472264436467,250.64164684001761,250.73905246712084,57919500
2018-07-27,249.16305541992188,251.28795693262387,248.24225485723514,251.190551315426,76768700
2018-07-30,247.86158752441406,249.40213663305357,247.33919071533526,249.2427750741446,63742500
2018-07-31,249.0834197998047,249.6943328768987,248.24232678004086,248.62303289486857,68570500
2018-08-01,248.6673583984375,249.79180623159908,248.02104947472486,249.287134071185,53853300
2018-08-02,250.0219268798828,250.19012385564247,247.16214597845703,247.36579266220008,63426400
2018-08-03,251.09327697753906,251.14639751094435,249.9688293080611,250.14591576581194,53935400
2018-08-06,252.01402282714844,252.3238835310707,250.73907626495154,251.12864477115582,39400900
2018-08-07,252.84628295898438,253.22701610254995,252.54525762703747,252.67808596667044,43196600
2018-08-08,252.74005126953125,253.13848226400177,252.27966433647936,252.67809533094987,42114600
2018-08-09,252.39480590820312,253.19164099777953,252.26200456320743,252.80207237272398,35717000
2018-08-10,250.70367431640625,251.50050922879808,249.99535560126085,250.9604415393712,77076000
2018-08-13,249.7651824951172,251.589059329678,249.47299257350093,250.97814624222252,65732900
2018-08-14,251.35891723632812,251.59798669200555,250.1016950649141,250.4912637145476,43842000
2018-08-15,249.48196411132812,250.15486044851787,248.04765519856795,250.0131966396564,102925400
2018-08-16,251.50048828125,252.36816850268517,250.8807128345686,250.91613552227457,69967900
2018-08-17,252.38595581054688,252.828644995231,250.88966420474623,251.29693068916663,65618500
2018-08-20,252.926025390625,253.1916280670518,252.3859305890893,252.83748215861576,39807500
2018-08-21,253.5190887451172,254.37790633504312,252.96129637996282,253.43940798146477,67272000
2018-08-22,253.36875915527344,253.8911291906484,252.84636210029285,253.11199184310416,44993300
2018-08-23,253.0321807861328,254.05036006048783,252.7134306627465,253.1915423380301,49204900
2018-08-24,254.55506896972656,254.69673270963204,253.5545873826161,253.60770790763118,57487400
2018-08-27,256.5649108886719,256.6711519566475,255.5909893995617,255.75035100152513,57072400
2018-08-28,256.6888427734375,257.1315318443619,256.2284288471343,257.0252637708789,46943500
2018-08-29,258.0700378417969,258.3002177918885,256.6622897986318,256.9013321766645,61485500
2018-08-30,257.02532958984375,257.9638284989663,256.43214121387564,257.59198471514225,61229500
2018-08-31,257.03411865234375,257.4768077102713,256.13104270122597,256.617989857108,66140800
2018-09-04,256.5914001464844,256.94554594826343,255.59091866725385,256.617960406128,57594400
2018-09-05,255.9007568359375,256.4408513702568,254.8914401452827,256.23720473935157,72452400
2018-09-06,255.1304473876953,256.3079878682945,254.10340598873572,256.00696268543146,65909900
2018-09-07,254.63482666015625,255.60874827889572,253.8468269351204,254.08589638948595,73524800
2018-09-10,255.07745361328125,255.90971124627146,254.88266933705808,255.64408158618681,50210900
2018-09-11,255.9185791015625,256.3612682382333,254.08586661064174,254.43115008705269,50530500
2018-09-12,255.98052978515625,256.5825804504032,255.19255727144122,255.9274092570225,59810800
2018-09-13,257.4945373535156,257.6804862349242,256.75968531520266,257.0430128319784,51034200
2018-09-14,257.53875732421875,257.8840406945149,256.75962035999163,257.69811887974004,55079900
2018-09-17,256.17529296875,257.52105793665976,255.90082792279205,257.48566226721647,68244000
2018-09-18,257.5652770996094,258.1584651362326,256.3611491569968,256.38770941207565,61930400
2018-09-19,257.8398742675781,258.2560031568843,257.4945637549275,257.61852968857704,49080600
2018-09-20,259.9292907714844,260.2480409377501,257.85750925934076,259.0970602153132,100360600
2018-09-21,259.6917724609375,260.78572685618775,259.5316895177993,260.67010234995365,105479700
2018-09-24,258.8291931152344,259.25610831339253,258.2510974444625,259.11380324733983,53409600
2018-09-25,258.5889587402344,259.38940064759277,258.3488343105982,259.2826786788656,44370000
2018-09-26,257.8152770996094,259.91421551245395,257.3972644981479,258.7313438038446,79739700
2018-09-27,258.53564453125,259.62069664612955,258.0109099954677,258.2866175118633,59249500
2018-09-28,258.5623474121094,259.0604014939994,257.8775298349885,257.9130857394722,70091400
2018-10-01,259.46063232421875,260.52787942324136,258.79359270911283,259.7985762633335,62078900
2018-10-02,259.3093566894531,260.02085456876165,258.93582980248266,259.3093566894531,47258200
2018-10-03,259.4516906738281,260.77686715736866,259.09594169443756,260.35885464256023,64694600
2018-10-04,257.4239196777344,259.0248038303383,255.84081347636905,258.9714428347122,111545900
2018-10-05,255.9831085205078,258.16208813528516,254.5600853615641,257.64625615039654,105951700
2018-10-08,255.9831085205078,256.3388575247664,253.91972629713487,255.298263866853,87742200
2018-10-09,255.60952758789062,256.9080235309674,255.04921007260296,255.6006521845047,74339000
2018-10-10,247.51622009277344,255.17385098154608,247.1426930105417,255.10268487127055,214731000
2018-10-11,242.064208984375,248.04975962653202,240.45439529116155,246.43107052946968,274840500
2018-10-12,245.42604064941406,246.43992642315365,242.24202404876104,246.1553164318959,183186500
2018-10-15,244.04747009277344,246.3954617483494,243.95852608001945,245.07025838468942,102263700
2018-10-16,249.3838653564453,249.7574194733854,245.53283535702332,246.00420892011994,118255800
2018-10-17,249.42828369140625,250.05083752922465,246.857945441356,249.4193811470977,110626000
2018-10-18,245.8263702392578,249.09042993387257,244.5545543321718,248.49452916473874,134557500
2018-10-19,245.69296264648438,248.40557997459337,244.99924242586505,246.47562692449912,139901600
2018-10-22,244.590087890625,246.68012357912642,244.05645078512885,246.35995760097512,82415800
2018-10-23,243.34494018554688,244.46557546007915,238.89800927633917,240.9791968267312,146352700
2018-10-24,235.97189331054688,243.47831310802016,235.42047834896334,243.09585651106832,177806700
2018-10-25,240.20533752441406,241.7439849383375,236.7812234431827,237.8040118236247,138061500
2018-10-26,235.98072814941406,241.02355770132107,233.27701479338367,236.50548966913507,201574600
2018-10-29,234.67332458496094,240.35651288536744,231.10690597699337,239.06689261627125,160749100
2018-10-30,238.1508331298828,238.46212359771985,234.01519446262319,234.5043729526247,157116000
2018-10-31,240.69451904296875,243.0069278938109,240.24092353238416,240.7122969905174,128296300
2018-11-01,243.25604248046875,243.4517085415938,240.47225916888186,241.55731148204544,99495000
2018-11-02,241.815185546875,244.78573168928202,239.76958135193883,244.3588166152821,122634100
2018-11-05,243.1492462158203,243.70066118097728,241.33489121602472,242.3043186776565,65622500
2018-11-06,244.68788146972656,244.8479644418792,243.02473392791143,243.0869974643845,60085900
2018-11-07,249.9264373779297,250.0064788829452,246.4311288074337,246.85804397609732,102752100
2018-11-08,249.47286987304688,250.11322912738163,248.33445643666474,249.12599617023676,65584900
2018-11-09,247.03590393066406,248.35217805236317,245.630658624312,248.1654145619431,98812600
2018-11-12,242.41993713378906,246.7690203554735,241.90407807858057,246.52889591785222,99673600
2018-11-13,241.9663848876953,244.87466772001525,241.2459843040756,242.88245150278644,98176600
2018-11-14,240.31214904785156,244.23431809199508,238.75572328236524,243.83411060887397,125335900
2018-11-15,242.82017517089844,243.28267329833074,237.47498334426214,239.04918691779187,135101400
2018-11-16,243.45156860351562,244.35873228806014,241.21029916585445,241.72615809498868,126668000
2018-11-19,239.33375549316406,243.14032612906826,238.41768908509545,242.84681357723707,103061700
2018-11-20,234.90464782714844,237.46608408810766,234.0419422412269,236.00747788431894,136021300
2018-11-21,235.70504760742188,237.5994439666394,235.69617220468442,236.45212852591953,75563700
2018-11-23,234.13087463378906,235.527217228284,233.97079166091788,234.06861109703652,42807900
2018-11-26,237.91082763671875,238.13317420460353,235.98975003316443,236.38108216399485,79981400
2018-11-27,238.7112579345703,238.7112579345703,236.2743483576336,236.87912447802594,75502400
2018-11-28,244.20765686035156,244.20765686035156,238.6489929736247,239.77853084623226,127629600
2018-11-29,243.6739959716797,245.07031142067817,242.29543133041074,243.4338443710822,82346400
2018-11-30,245.1591796875,245.71949705985386,243.20254729767166,243.5227131436456,98204200
2018-12-03,248.40541076660156,249.38374044770455,246.8134299338809,249.2770185082928,103176300
2018-12-04,240.35659790039062,248.00532392800807,240.04530733134203,247.57840882114908,177986000
2018-12-06,239.991943359375,240.1075678957514,233.41049160957218,236.50556502661695,204185400
2018-12-07,234.41551208496094,241.21931064647666,233.57948693968595,239.65398235031736,161018900
2018-12-10,234.8601531982422,235.82958062203974,230.0129889373494,234.2375721794817,151445900
2018-12-11,234.91354370117188,238.2398388706836,233.44606213473483,238.05307539835013,121504400
2018-12-12,236.09646606445312,239.24490098571113,236.01642455907125,237.8841411103909,97976700
2018-12-13,236.0163116455078,237.90180524867168,234.90457936610449,237.03909991417862,96662700
2018-12-14,231.6584014892578,234.82461387404103,231.10698644297347,233.87296422091924,116961100
2018-12-17,227.1136474609375,231.8184942160514,225.48606918040167,230.7067615302446,165492300
2018-12-18,226.8645477294922,229.41709438642735,225.2636504607239,228.7500549886865,134515100
2018-12-19,223.46710205078125,230.70670291867975,221.76838525235763,226.9446042655469,214992800
2018-12-20,219.82955932617188,223.78732473209402,217.58830256839778,222.22201009148066,252053400
2018-12-21,215.32534790039062,223.38552036390047,214.68124937399995,220.72861735508985,255345600
2018-12-24,209.63577270507812,215.4505398975221,209.57315923341784,213.84029394495897,147311600
2018-12-26,220.22763061523438,220.22763061523438,209.1169520452067,211.093979247737,218485400
2018-12-27,221.91844177246094,222.11523679176364,213.76881835848198,216.998252335157,186267300
2018-12-28,221.63214111328125,224.89735185930846,220.46918466599615,223.26922375327266,153100200
2018-12-31,223.57334899902344,223.81488933145144,221.3816315423611,223.2512997725202,144299400
2019-01-02,223.8059539794922,224.72738367473102,220.02188548142522,220.0487217817502,126925200
2019-01-03,218.46531677246094,222.36568485027112,217.9822360854176,222.06151737501295,144140700
2019-01-04,225.7830047607422,226.42710333610125,221.11329691449131,221.4890188084166,142628800
2019-01-07,227.5631866455078,228.96766966524018,225.15676508760038,226.0513447804907,103139100
2019-01-08,229.7012176513672,230.1842983290865,227.22324173305432,229.7459630162037,102512600
2019-01-09,230.7747344970703,231.61564162896792,229.18238366653358,230.40795353099523,95006600
2019-01-10,231.58880615234375,231.83928738611394,228.56512228014213,229.2450116148356,96823900
2019-01-11,231.67825317382812,231.70508947195933,229.93381189408592,230.51528322053164,73858100
2019-01-14,230.26480102539062,231.06991726630778,229.37917589042223,229.78172036067835,70908200
2019-01-15,232.9038848876953,233.21699331608835,230.63164427355437,230.64059880878088,85208300
2019-01-16,233.4674530029297,234.3530782952415,233.1275083007143,233.3332441885954,77636700
2019-01-17,235.2386932373047,236.09750948945432,232.55495387525625,232.59969924486884,96118400
2019-01-18,238.3696746826172,238.83487355099425,235.27443688332207,237.0457143351515,127900300
2019-01-22,235.14926147460938,237.11734819205563,233.539028560635,236.9026577503023,115531200
2019-01-23,235.64126586914062,236.87579034797807,233.18117144550067,236.17801920347108,86030300
2019-01-24,235.7664337158203,236.3479322740829,234.4514006616912,235.462279939407,59204100
2019-01-25,237.76141357421875,238.58443898655247,235.86490880279874,237.60932299896712,96883400
2019-01-28,235.95440673828125,236.01700658391746,234.19208321653988,235.62341653832786,85613700
2019-01-29,235.64126586914062,236.6610726340007,234.80931321615319,236.09751029838282,66136300
2019-01-30,239.37158203125,240.21248898544735,236.3926441661389,237.15304223753876,92473700
2019-01-31,241.4739227294922,241.957003473344,239.09433714733026,239.30905486704737,104012100
2019-02-01,241.5902099609375,242.61004400064866,240.80297539703585,241.6707188640082,85782500
2019-02-04,243.28990173339844,243.35252886814231,240.96398891789138,241.63492373195646,60744800
2019-02-05,244.30970764160156,244.61386144626238,243.21831937762838,243.71928179711728,79552800
2019-02-06,243.98764038085938,244.52439362076777,243.25410583006848,244.03238574275397,58347800
2019-02-07,241.6617889404297,242.92312237490376,240.0068109279789,242.37744182669658,95482000
2019-02-08,241.9569549560547,242.05534561170498,239.59525161560148,240.4182768919302,75788900
2019-02-11,242.09117126464844,242.86945129093857,241.56337248015748,242.61004281578042,68021400
2019-02-12,245.20436096191406,245.5800692392094,243.62989157024313,243.70147325190771,72270200
2019-02-13,246.00042724609375,246.84133422602136,245.61576458304654,246.03621807301033,65277200
2019-02-14,245.45480346679688,246.58198272142158,244.10397926802654,244.91805014076567,83234400
2019-02-15,248.129638671875,248.16542951432376,247.0203682596874,247.22610417783676,97088700
2019-02-19,248.5589599609375,249.21198562989034,247.32443568208936,247.33339021467367,59120800
2019-02-20,249.05995178222656,249.51619619142238,248.02223599489156,248.52319847147984,76610800
2019-02-21,248.1742706298828,248.78257817143526,247.21706395983918,248.42475181172213,64214700
2019-02-22,249.71304321289062,249.90982457999132,248.15645564241626,248.79159971921942,78114600
2019-02-25,250.0529327392578,251.6542382053372,249.97242383431418,251.13539394000878,69030700
2019-02-26,249.8739776611328,250.7506481871813,249.49824222111025,249.70400535498007,56844100
2019-02-27,249.76670837402344,250.1155803239667,248.2280299194689,249.1583733195915,56921600
2019-02-28,249.30152893066406,249.99037295065955,248.97949325929966,249.5520102196407,69268300
2019-03-01,250.85812377929688,251.26962291577038,249.42679038672932,250.87600555030397,78880500
2019-03-04,249.94552612304688,252.15513875053298,247.65540461039754,251.91361209504328,106494600
2019-03-05,249.6056365966797,250.2676441881034,249.05995604336294,250.070835547476,59114600
2019-03-06,248.09384155273438,249.73093812327843,247.77180588008423,249.72198358778937,75039800
2019-03-07,246.01837158203125,247.78962191252373,245.17746448154068,247.64648588473747,94885100
2019-03-08,245.5263214111328,245.69629372749952,243.7013985939388,244.1665701806032,85795800
2019-03-11,249.0867919921875,249.24780979781647,246.21519859017263,246.24203489111082,65098900
2019-03-12,250.0260772705078,250.54494879646793,249.453560445773,249.64141454290714,79667500
2019-03-13,251.68106079101562,252.61143136478677,250.75069021724445,250.91173531876376,80639200
2019-03-14,251.52000427246094,252.1283118499615,251.08166900343892,251.7078583448414,67518400
2019-03-15,252.7626495361328,253.57131202170393,251.88209009768903,252.0707990334898,81309000
2019-03-18,253.67919921875,253.9757262440812,252.75372449783706,252.97835455068642,62199800
2019-03-19,253.7421112060547,255.50320320501433,252.85258493986163,254.7394829347921,90268100
2019-03-20,252.97833251953125,254.73045774743304,251.87317030498068,253.52644405949383,84609200
2019-03-21,255.8357391357422,256.24005688826855,252.11585128849077,252.1607937636614,79550400
2019-03-22,250.91171264648438,254.99996772134344,250.8488096648639,254.47883818093473,122659300
2019-03-25,250.7230682373047,251.7563609170328,249.46514552195487,250.57030774799213,85575200
2019-03-26,252.5919647216797,253.54439382873687,251.19027556711794,252.47515272202335,68125900
2019-03-27,251.27110290527344,253.16699429149978,249.7256474675577,252.5829343773154,72224700
2019-03-28,252.22360229492188,252.6728624031701,250.75004339861144,251.90014817890042,56238500
2019-03-29,253.8140106201172,254.1374647488732,252.60999677308874,253.7331470879282,82186800
2019-04-01,256.82391357421875,257.1204404767193,255.53903678511477,255.8086091892652,77617900
2019-04-02,256.9497375488281,257.1833614980266,256.15903564752676,257.0126405229433,40070400
2019-04-03,257.354248046875,258.55826220006344,256.7522272599463,258.162910995056,68243200
2019-04-04,258.0369873046875,258.2885718276397,256.9857341776094,257.67758476056383,48997500
2019-04-05,259.2859191894531,259.3398281950125,258.41435370537175,258.7018866821242,58621700
2019-04-08,259.4836120605469,259.59143007888594,258.20770152867095,258.86363103444137,53566300
2019-04-09,258.15386962890625,258.8457204003386,257.6057853984204,258.52226624870707,66142300
2019-04-10,259.034423828125,259.12428134186337,258.1538640665501,258.5671757249507,52601500
2019-04-11,258.9623718261719,259.52844366112635,258.39629999121735,259.5194496889376,55093100
2019-04-12,260.71453857421875,260.9930775507416,259.0073562411478,260.57077209913416,69727800
2019-04-15,260.54388427734375,260.8853263154702,259.74418819639936,260.78647484201645,49596700
2019-04-16,260.71453857421875,261.47828597657065,260.1215121472391,261.4243769759953,52153200
2019-04-17,260.0766296386719,261.855681721401,259.6632906883781,261.82872721774316,58268300
2019-04-18,260.58880615234375,260.858378651933,259.36683190031505,260.66070312049783,68708500
2019-04-22,260.81341552734375,260.9661760070736,259.7352078763909,259.8250653691345,40160100
2019-04-23,263.15863037109375,263.3922544241675,260.94827810651367,261.1818747389239,52246600
2019-04-24,262.5745544433594,263.410171605521,262.43078792825753,263.0777235358863,50392900
2019-04-25,262.41278076171875,263.06871029746924,261.22675508512435,262.47568374884355,57770900
2019-04-26,263.63482666015625,263.70669621419734,261.68502567610466,262.45776734051964,50916400
2019-04-29,264.04815673828125,264.56931386896713,263.6348450771833,263.7247025915081,57197700
2019-04-30,264.1828918457031,264.47042488251304,262.29602141570473,263.7066772500253,81111700
2019-05-01,262.1971130371094,265.0184789347916,262.18811906270474,264.8118094680611,71671900
2019-05-02,261.6311950683594,262.99696379042604,260.13964773385857,262.0804553225824,65030200
2019-05-03,264.19189453125,264.4704336008856,261.7389245024655,263.1046927620058,56543700
2019-05-06,263.1046447753906,263.54491082051743,259.58243415240935,259.89692165063803,107198100
2019-05-07,258.71087646484375,261.29861864665406,256.80601830897126,260.70559211160116,144729900
2019-05-08,258.3515625,260.0587457295105,257.75853576162285,258.3515625,91568300
2019-05-09,257.56982421875,258.17181744485043,254.55078184893665,256.28494681196247,103471100
2019-05-10,258.86370849609375,259.6184622709735,253.6522742114518,256.63536824121263,112429300
2019-05-13,252.3583221435547,254.72143420675988,251.52270509767263,253.7600386155782,127290500
2019-05-14,254.64065551757812,256.16815104372284,253.24795997718948,253.37373856438703,77003200
2019-05-15,256.1321105957031,256.7700521218785,252.80757560681195,253.01424507952993,73956400
2019-05-16,258.5043029785156,259.86104999438817,256.7611713913975,256.8330409507783,76749600
2019-05-17,256.8329772949219,259.312901499198,256.1860417381828,256.2040296890674,100353000
2019-05-20,255.13485717773438,256.9408643844069,254.38906995262954,255.23368125153678,62877600
2019-05-21,257.4350280761719,257.8123911999107,256.57242895202023,256.8240135080661,46847100
2019-05-22,256.6443176269531,257.59674680267347,256.16810303909295,256.48259057914987,49482500
2019-05-23,253.50851440429688,254.46991022415784,252.0978310424827,254.4249951802934,98733800
2019-05-24,254.08355712890625,255.3594679586929,253.46357595804218,254.94612889767544,55268100
2019-05-28,251.72044372558594,255.31452474232293,251.7024831919406,254.3620954665406,70029400
2019-05-29,250.03121948242188,251.01060326203879,248.62953008951493,250.60628560292824,104972900
2019-05-30,250.71401977539062,251.6215336966896,249.61782434295864,250.78588930608086,62523800
2019-05-31,247.3356475830078,248.9979154505843,247.30869307361624,248.1712922154684,86862800
2019-06-03,246.70669555664062,248.48574798655588,245.37687580180707,247.37159172372733,96428000
2019-06-04,252.0618896484375,252.19666220448534,248.5486721105906,248.99793224452503,77231900
2019-06-05,254.24530029296875,254.27225480555384,251.8732209234881,253.67922810801772,71169700
2019-06-06,255.8985595703125,256.5724497666044,253.89487693589513,254.54181262116182,69430400
2019-06-07,258.4593200683594,259.53755523499956,256.74314326213107,256.9138642871934,74272200
2019-06-10,259.6453552246094,261.3076228990596,259.5554977301904,260.0047577816279,60799100
2019-06-11,259.5824279785156,261.8287280257867,258.9354924680753,261.46033152755564,58641300
2019-06-12,259.124267578125,259.90597580686716,258.61210445561744,259.3488976402078,47096300
2019-06-13,260.1934814453125,260.5529114811726,259.33090968470435,260.03175438157257,48945200
2019-06-14,259.9058837890625,260.5078767867424,259.14213636424796,259.9058837890625,52324700
2019-06-17,260.0047607421875,260.7685083224592,259.83403972704474,260.13953327502185,39205700
2019-06-18,262.7273254394531,263.7786062363526,261.4604085491026,261.81983859907155,85434800
2019-06-19,263.32025146484375,263.8503749390502,261.8916080504937,262.8619975207617,78674400
2019-06-20,265.8362121582031,266.24055727570857,263.3832692020409,265.99796665760397,116570000
2019-06-21,265.4496765136719,266.8220594796023,265.23299171747703,265.5670566296167,83309500
2019-06-24,265.1247253417969,265.97341688825486,264.9712218644644,265.6574273212025,47582700
2019-06-25,262.52435302734375,265.2059379178657,262.4160106162554,265.1788523150936,82028700
2019-06-26,262.2625427246094,263.92385754593755,262.1542002988309,263.41824118962137,51584900
2019-06-27,263.1925048828125,263.69812121274236,262.6417550625053,263.02095353294095,40355200
2019-06-28,264.5468444824219,265.0434231006258,263.6529919480454,264.1676184518848,59350900
2019-07-01,266.9484558105469,268.0861060069671,265.747596702322,267.8693936742107,78705600
2019-07-02,267.6437683105469,267.69793952489164,266.0637102660974,266.9033916424673,61504500
2019-07-03,269.7835693359375,269.80164477374774,268.1764259500246,268.3208916824014,40898900
2019-07-05,269.4765625,269.6391036536074,267.26449836154364,268.55562454830994,51677300
2019-07-08,267.9958801269531,269.2960442403786,267.4541404873554,268.16743147205943,45841800
2019-07-09,268.3299560546875,268.6278977139199,266.7860214397084,266.84019265047795,41101300
2019-07-10,269.612060546875,270.56011189882554,268.8626737180611,269.39537569112645,58448500
2019-07-11,270.2440185546875,270.48778894864506,269.2418238255109,270.25305627246956,50826100
2019-07-12,271.4539794921875,271.526226150782,270.42469881644513,270.7316782304043,40326000
2019-07-15,271.5441589355469,271.8872615333681,271.03854275581523,271.8872615333681,33900000
2019-07-16,270.6684875488281,271.66167251628906,270.3615081141636,271.45399780135625,36650100
2019-07-17,268.8265686035156,270.8039007082595,268.8265686035156,270.641387055438,36036300
2019-07-18,269.8106384277344,270.18986439626957,267.88750564607955,268.32991298102115,51392600
2019-07-19,268.3118896484375,270.93026568631416,268.1403383081677,270.903180082799,58678600
2019-07-22,268.9709777832031,269.5127173993327,268.19450545816716,268.7091319171699,43638100
2019-07-23,270.89422607421875,270.89422607421875,269.2599965310851,270.0906678856096,44564500
2019-07-24,272.167236328125,272.167236328125,270.04543875193104,270.13573328679485,47213200
2019-07-25,270.8670654296875,271.76995564778645,270.0634799096485,271.71578443902234,55394100
2019-07-26,272.681884765625,272.88052171662747,271.4268541311043,271.55327198811625,45084100
2019-07-29,272.1852111816406,272.6818172131321,271.6344615085866,272.56443710470654,38126500
2019-07-30,271.51708984375,271.9234013772406,270.40652519182134,270.7857511266804,45849000
2019-07-31,268.5467224121094,271.9506373281496,266.53329417463294,271.7610104788734,104245200
2019-08-01,266.20819091796875,271.6526186964665,265.4136429910856,268.70017713336995,142646600
2019-08-02,264.20379638671875,265.55813204796215,262.6508237263318,265.314361548389,116749700
2019-08-05,256.2583312988281,260.2220053837113,254.36225615994783,260.1136629564653,178745400
2019-08-06,259.85174560546875,260.06845795439847,256.6735825460155,258.14529773750104,120711700
2019-08-07,260.0052490234375,260.7727110773986,254.65111763531422,256.78192492921147,140572300
2019-08-08,265.1066589355469,265.1066589355469,260.9443476671785,261.49509755220527,87713900
2019-08-09,263.30084228515625,264.76352003700896,261.5221474446139,264.1676091836573,93730000
2019-08-12,260.0956726074219,263.29188513433445,259.14762105124436,261.8021213220913,65527600
2019-08-13,264.1405944824219,265.5852247370545,259.4545907653121,259.79769355061575,94299800
2019-08-14,256.3305969238281,260.7005834580758,256.2042065871093,260.0956622781489,135622100
2019-08-15,257.00775146484375,257.9016317136364,254.96723786093705,257.2154261800236,99556600
2019-08-16,260.7998352050781,261.2332048589005,257.0618566167302,258.6599898772652,83018300
2019-08-19,263.9419250488281,264.6190928142968,263.13836696189935,263.815534727368,53571800
2019-08-20,261.91943359375,263.9689845752752,261.7930432847781,263.43628262555785,51596400
2019-08-21,264.05023193359375,264.42039264271136,263.3911122132719,264.07731753557846,49524700
2019-08-22,263.9689636230469,265.38650783914835,262.1993065597355,264.75450123640525,51666400
2019-08-23,257.1882629394531,264.3301272824833,255.94227013252467,262.6688127245855,149161500
2019-08-26,260.0324401855469,260.0324401855469,257.84743325188174,259.3733202614595,72423800
2019-08-27,259.0120849609375,261.7930019677156,258.2536605647307,261.42281371111113,66668900
2019-08-28,260.8360290527344,260.99854271685837,257.54949466784865,258.3530803749549,59696700
2019-08-29,264.1676330566406,264.6913248632864,262.3889380553566,263.3911606210267,57899400
2019-08-30,264.05023193359375,265.6663854420489,263.1202561934248,265.6483375587326,62901200
2019-09-03,262.5063781738281,263.26480289607287,261.1791280213919,262.35290221731935,69101400
2019-09-04,265.4858703613281,265.5039182477998,263.9238602297381,264.6732746057014,46887300
2019-09-05,268.8987121582031,269.81061234095563,265.44966567154756,267.9687365404941,83258100
2019-09-06,269.1064758300781,269.7475478604389,268.5376780168426,269.21484582472306,49584300
2019-09-09,269.24188232421875,270.18086834097136,268.3028687534425,270.0906013596085,51260300
2019-09-10,269.1785888671875,269.24179777751164,267.2283432421519,268.483345961652,57947100
2019-09-11,271.0928649902344,271.17412182646217,268.83563880380444,269.4857210476575,68821100
2019-09-12,272.03179931640625,273.08816543274827,271.23725152228974,271.9956759928493,72908700
2019-09-13,271.85125732421875,272.8263943509441,271.48106896722373,272.4742538818412,62104800
2019-09-16,271.0115051269531,271.8963473751053,270.3704608488334,270.7225736719622,58191200
2019-09-17,271.69775390625,271.7880208906066,270.64136015983695,270.8129115165538,41475500
2019-09-18,271.8603515625,271.96869402043126,269.2780702476614,271.30957399597196,73375800
2019-09-19,271.8421630859375,273.2416593963996,271.5080981282079,272.2484746882701,76560500
2019-09-20,270.5577697753906,272.7256557739762,269.7686322549902,272.44444179650503,89565000
2019-09-23,270.49432373046875,271.2109087987867,269.6416852140578,269.89566087758845,43476800
2019-09-24,268.37176513671875,271.97279346935863,267.4102840114436,271.5827644184251,94869400
2019-09-25,269.9591369628906,270.40358741300247,266.97490242905855,268.45341435241266,71854000
2019-09-26,269.3966369628906,270.1766947458815,267.990705990637,269.96808880363096,56179700
2019-09-27,267.9454040527344,270.25842267385457,266.3943398657859,270.14955226807103,84746600
2019-09-30,269.1881103515625,269.8956158448682,268.4171317139182,268.4624736286267,51662400
2019-10-01,265.9861755371094,270.72102824217234,265.76849006877796,270.06794415591315,88242400
2019-10-02,261.2876281738281,264.4169953695027,259.9996188362365,264.4079159140389,122539500
2019-10-03,263.4283447265625,263.45555541593865,258.34880381994094,261.06090402575535,85278800
2019-10-04,266.9930114746094,267.2469870674191,264.026908725754,264.0813577711008,65091200
2019-10-07,265.841064453125,267.81847578384463,265.55987813972894,266.19483104942367,59610500
2019-10-08,261.7138977050781,264.7253421334106,261.6776075713752,263.990626093179,95708100
2019-10-09,264.19927978515625,265.13355020756165,263.10174525349936,263.72761868689645,62359400
2019-10-10,265.9861755371094,266.86602454663546,263.954370682643,264.1176347838915,55296300
2019-10-11,268.7436218261719,270.97498072998906,268.6166478742334,268.73454237201105,98720400
2019-10-14,268.4443054199219,269.0973894531063,268.0996183355658,268.42614651152667,40394800
2019-10-15,271.10211181640625,271.8459076999341,269.369623801432,269.48754603678105,46754500
2019-10-16,270.6666259765625,271.3560002499491,270.23125500917473,270.63941529110076,48928200
2019-10-17,271.4648132324219,272.3355827530061,270.77543903460804,271.82763155922663,45736600
2019-10-18,270.2766418457031,271.5737308704061,269.4240033178338,270.92972608659727,64304000
2019-10-21,272.1088562011719,272.30841046123777,271.15645449887944,271.5918531611871,39048600
2019-10-22,271.219970703125,272.93429940069217,271.12925918317654,272.6440336093649,48594700
2019-10-23,272.00909423828125,272.0635156111766,270.7573472991516,270.9659810160959,34352200
2019-10-24,272.4535217285156,273.0884746005034,271.62809406743776,272.94334172458434,35453100
2019-10-25,273.56927490234375,274.11351638561285,271.8277076921369,271.8821290723367,45205400
2019-10-28,275.1111755371094,275.61007494387354,274.7574366745982,274.7846473563298,42147000
2019-10-29,275.0296325683594,275.95485140942054,274.7121560578241,274.8391577345471,44284900
2019-10-30,275.8731994628906,276.24506964645207,273.92299861636155,275.22916703094626,49643900
2019-10-31,275.138427734375,275.864092158819,273.68715424802167,275.864092158819,69053800
2019-11-01,277.687255859375,277.73259776958525,276.41735019832123,276.58064197385863,71141500
2019-11-04,278.8029479980469,279.37440006354313,278.4310501827038,279.2383466387265,60606900
2019-11-05,278.4945983886719,279.30189498204095,278.2043325788355,279.0025497152499,42933200
2019-11-06,278.5580749511719,278.8301818233875,277.6147249920431,278.4945741205653,46487100
2019-11-07,279.53765869140625,280.8710375909936,279.0659976008694,279.89142527025837,54272300
2019-11-08,280.22698974609375,280.281411106565,278.4945026210623,279.1929285346173,49032100
2019-11-11,279.69195556640625,279.8642991803106,278.71231526828956,278.8483964128372,35797300
2019-11-12,280.28143310546875,281.1794133049867,279.5104268632624,280.054668191953,46484600
2019-11-13,280.37213134765625,280.7712397910703,279.0659632930762,279.2927281958677,53917700
2019-11-14,280.7803649902344,280.862024736105,279.4560653623706,280.0910183287371,51219900
2019-11-15,282.8121032714844,282.85744517622777,281.4243032749575,282.11364970586425,62023600
2019-11-18,283.0207824707031,283.2566268714091,282.1228021468884,282.57633203669667,49228000
2019-11-19,282.9390869140625,283.6284610498649,282.29508236581955,283.6193815961007,67804700
2019-11-20,281.886962890625,282.86660297199927,280.3358983899287,282.34957224467774,79406200
2019-11-21,281.4334716796875,282.1047148443882,280.6352822016,281.9958720828886,54664700
2019-11-22,282.05926513671875,282.3132407351811,281.0524421975064,282.17718732194487,44850200
2019-11-25,284.2452392578125,284.2452392578125,282.98444091082035,282.98444091082035,48647200
2019-11-26,284.8892822265625,285.07070522877143,283.96409135032974,284.28156776356354,37569000
2019-11-27,286.1592712402344,286.1592712402344,285.15242034281846,285.37010586387197,44444600
2019-11-29,285.0980224609375,285.84181829420453,284.87125746405906,285.59689438156045,36592700
2019-12-02,282.6761474609375,285.41545826710006,282.24982822038623,285.3519574335292,75767800
2019-12-03,280.7803649902344,280.862024736105,278.58529565869156,279.9640166629559,73941700
2019-12-04,282.512939453125,283.1116024588011,281.47890530243234,281.823592579756,49080000
2019-12-05,283.0207824707031,283.2294161852713,281.71461417355385,283.2112849549353,40709000
2019-12-06,285.60589599609375,286.00500449632267,284.9165217354681,284.9256011908763,48927000
2019-12-09,284.7079162597656,285.88708285190785,284.63533597889335,285.21586750080536,34838500
2019-12-10,284.3904113769531,285.3156022560636,283.73732732073876,284.6534664265952,52649800
2019-12-11,285.1976318359375,285.4516073634552,284.30870364899744,284.8438653790791,53429100
2019-12-12,287.6558532714844,288.43591134323987,284.9709642525427,285.2067809563498,96389600
2019-12-13,287.8282470703125,289.0527834416107,286.6490526203965,287.42005905278955,81503900
2019-12-16,289.8055725097656,290.3951557751756,287.76468819631657,289.55159690245364,82749700
2019-12-17,289.869140625,290.4859347171941,289.787508555263,290.18661712815833,61097700
2019-12-18,289.8872375488281,290.4859003373177,289.8328161754444,290.25913538779594,48133000
2019-12-19,291.07550048828125,291.14808077783215,289.823753465592,290.07772911648044,85310500
2019-12-20,292.3515930175781,293.48186803995895,291.13016050237536,292.1054650052227,147142100
2019-12-23,292.79827880859375,293.1902254958816,292.6524323585263,293.13553655427705,52990000
2019-12-24,292.807373046875,293.0716936318886,292.50655608135855,293.02612879098643,20270000
2019-12-26,294.3659973144531,294.37512140753176,293.1810335432235,293.1901298189452,30911200
2019-12-27,294.2930603027344,295.1498905317027,293.7643914337797,295.0952016079266,42528800
2019-12-30,292.6706237792969,294.511910689044,292.18751963133974,294.37518834855865,49729100
2019-12-31,293.38165283203125,293.62778090007464,291.82296227634913,292.1693441370268,57077300
2020-01-02,296.1253662109375,296.1436144059444,293.99241369791713,294.9130573899098,59151200
2020-01-03,293.8829345703125,295.00411329960116,292.68884653822107,292.74353546966336,77709700
2020-01-06,295.004150390625,295.0861837981025,292.01434006994486,292.1328420420894,55653900
2020-01-07,294.1746520996094,294.9129805533922,293.7279886988713,294.43897268463854,40496400
2020-01-08,295.74249267578125,296.95480128822834,294.1199891894408,294.3660894233574,68296000
2020-01-09,297.7477722167969,297.820709338136,296.71775096243204,297.3011366636997,48473300
2020-01-10,296.8909606933594,298.4861195611985,296.42610473911026,298.33117684890317,53029300
2020-01-13,298.9327392578125,298.9418355342063,297.0823563543286,297.5107715003253,47086800
2020-01-14,298.47705078125,299.54351294484616,297.92100945963375,298.4952711557389,62832800
2020-01-15,299.1515808105469,299.9081297404282,298.30387436905687,298.3859077842946,72056600
2020-01-16,301.63995361328125,301.63995361328125,300.30001924233943,300.5278990481638,54050300
2020-01-17,302.578857421875,302.7884890679203,301.5761805798231,302.35097758583424,95846000
2020-01-21,301.986328125,302.78846954692693,301.5488166711206,301.6217259743135,77742400
2020-01-22,302.02276611328125,303.4903264792452,301.8678234281699,302.8431278236257,48914900
2020-01-23,302.36920166015625,302.77939649699647,300.2635941747511,301.3756489009387,51963000
2020-01-24,299.6802673339844,303.10758968515563,298.39502145229517,303.0255562651374,87578400
2020-01-27,294.87652587890625,296.35318285602233,294.1108529210448,294.44811064824233,84062500
2020-01-28,297.9665222167969,298.84157285281924,294.96761628432836,296.29842651664376,63834000
2020-01-29,297.7204284667969,299.55259115613137,297.5198931086739,299.32471133178075,53888900
2020-01-30,298.6866455078125,298.89630496665,294.91296997027223,295.6603946749964,75491800
2020-01-31,293.26312255859375,298.22178991387807,292.3516032332454,298.0668193889295,113845600
2020-02-03,295.4416809082031,297.3011883827756,294.62131896327486,294.7398209430448,69083000
2020-02-04,299.9445495605469,300.81050405404096,298.7231169921296,299.04215432222543,62573200
2020-02-05,303.4083251953125,303.6179846653886,301.41212336008243,302.870532103236,65951100
2020-02-06,304.42913818359375,304.62054939262555,303.35352457806647,304.36532517479867,50359700
2020-02-07,302.80670166015625,304.4383010658972,302.2597845544811,303.37183913632214,64139400
2020-02-10,305.0672302246094,305.13104324290214,301.8860372115477,301.92250576733755,42070000
2020-02-11,305.59600830078125,307.20026355708615,305.0673114617923,306.41637021168424,54864500
2020-02-12,307.5649719238281,307.77460363978815,306.6625485563307,307.0271508521227,43992700
2020-02-13,307.2366943359375,308.20290257264736,305.8694153801374,306.1428600443528,54501900
2020-02-14,307.7289733886719,307.84747536853007,306.4528517159032,307.64693997585454,64582200
2020-02-18,306.9359130859375,307.79274347896046,305.550385905375,306.7353777212436,57226200
2020-02-19,308.4034729003906,309.077988360176,307.6195795625174,307.9021483533661,48814700
2020-02-20,307.1364440917969,308.67691395841035,304.15575813081296,307.8565243216202,74163400
2020-02-21,303.97344970703125,306.0972773213097,303.153060127596,305.7873641141862,113788200
2020-02-24,293.89202880859375,304.04633809698913,292.81641502565685,294.54832373659,161088400
2020-02-25,284.98651123046875,295.8882745622072,284.1114604678439,295.27757219253857,218913200
2020-02-26,283.9382629394531,289.9633921811157,283.2090586238566,286.38112799579915,194773800
2020-02-27,271.18609619140625,283.99293030133657,271.18609619140625,278.43265741082325,284353500
2020-02-28,270.04681396484375,271.53259540965934,260.2753224373834,263.155727800716,384975800
2020-03-02,281.7414855957031,281.80529862026447,268.40595433040124,271.8241515658398,238703600
2020-03-03,273.67449951171875,286.07116546161603,271.2407589694564,282.11517570579525,300139100
2020-03-04,285.1779479980469,285.3967315712866,276.49116917188974,279.0343161033958,176613400
2020-03-05,275.6981506347656,281.17639114422417,273.46494478951723,277.995197331708,186366800
2020-03-06,271.1404724121094,272.34368433894815,264.5502069103932,267.2118271902237,228667200
2020-03-09,249.96597290039062,259.04469825650165,249.25498888727407,250.94127750870393,309417300
2020-03-10,262.9005432128906,262.99167293561214,249.30065606123915,259.4549996092731,276444100
2020-03-11,250.08445739746094,256.99379025278967,246.91238758499932,255.86351506144038,255316300
2020-03-12,226.15708923339844,243.06577765843556,225.76512864095778,233.3489770719644,392220700
2020-03-13,245.4904327392578,247.45931815181189,226.53082479595767,239.8116563713259,329566100
2020-03-16,218.6278839111328,234.1692750182009,216.35819611440786,219.84019219766736,297240000
2020-03-17,230.4320831298828,233.50391264622428,216.0938883539165,223.35868442017195,262070500
2020-03-18,218.76466369628906,226.39407689191867,207.84466479454713,215.34646582603455,327597100
2020-03-19,219.2295379638672,225.4916860447425,211.67304784141282,218.0810284637233,289322000
2020-03-20,209.78199768066406,224.14949538908877,209.50693107809147,222.37074721498362,347158800
2020-03-23,204.418212890625,210.5888059303928,200.11804724519777,209.22266488933178,326025200
2020-03-24,222.93923950195312,223.81028619851725,214.3664247760725,214.93488557553914,235494500
2020-03-25,226.27664184570312,235.04201992086357,219.82181757105965,224.5162352253458,299430300
2020-03-26,239.48887634277344,240.95586078896224,228.34878482606823,228.77971920189324,257632800
2020-03-27,232.35557556152344,239.13131375893414,230.18257586335054,232.21804924789328,224341200
2020-03-30,239.90147399902344,240.61663876583322,232.45641822635318,234.44604471765408,171369500
2020-03-31,236.32568359375,241.44185872909284,234.922859122693,238.90211266816877,194881100
2020-04-01,225.6898651123047,236.2431562593995,223.62688640381754,227.3677561407306,189554600
2020-04-02,230.89776611328125,231.67710529382802,224.25955349816576,224.8096867942336,177660400
2020-04-03,227.56027221679688,232.26386743063676,224.83713961830722,229.91664470662855,135561200
2020-04-06,242.8446044921875,244.80673935456574,227.54190283658446,236.40812276656246,188061200
2020-04-07,243.0922393798828,252.16933982804701,242.87219727816253,251.41749200591784,201427200
2020-04-08,251.25245666503906,253.05871017209918,243.20225678677284,245.68699208459705,153774500
2020-04-09,255.0758819580078,257.8265203918572,252.5727909100661,254.50739317768844,189999200
2020-04-13,252.7469940185547,254.443226607134,248.85025633333169,254.1039856856062,114839100
2020-04-14,260.201171875,261.2188944182337,252.60941275513804,257.6247434043118,134143400
2020-04-15,254.67236328125,260.33866974894516,252.56352443424902,254.49815400316507,121775000
2020-04-16,255.9010009765625,256.75369195266023,252.83862767870144,255.94683374609875,131798300
2020-04-17,262.8143310546875,263.41944685021514,258.92674327686353,261.6590540286196,146684800
2020-04-20,258.1840515136719,262.95183530213035,257.96400942467557,259.11925837284326,100109300
2020-04-21,250.3447723388672,254.92916957927525,249.4095373940222,253.72805974076354,126385700
2020-04-22,255.9010009765625,257.64306593294725,253.89303320643955,255.21334154791583,92951600
2020-04-23,255.88267517089844,260.3387233355944,255.58011729880272,257.17547840445417,104709700
2020-04-24,259.4493713378906,260.11870338954105,255.35091919954365,257.39557038512345,85063200
2020-04-27,263.1900939941406,264.30868744338125,260.96208483914563,261.4205243186553,77896600
2020-04-28,261.9799499511719,267.1786402598977,261.67736409264813,266.8302216256885,105270000
2020-04-29,268.838134765625,270.369335297768,266.27088427087654,267.29778446877594,118745600
2020-04-30,266.3350830078125,268.9390166066362,264.6021678699744,267.4628265283742,122901700
2020-05-01,259.2843322753906,266.5001686462375,258.11987753446385,261.59485828058166,125180000
2020-05-04,259.99951171875,260.3020696248995,255.92856473218876,257.40472721224256,80873200
2020-05-05,262.40179443359375,265.2074439793071,260.1279227837245,262.81440147658856,79569900
2020-05-06,260.623046875,264.4831024610692,260.1921123097419,264.0980286679985,73632600
2020-05-07,263.7678527832031,265.6933050734505,263.2635803176103,263.8320410550969,75250400
2020-05-08,268.1321716308594,268.5997890049133,265.7666074831052,266.89437904014466,76452400
2020-05-11,268.1871643066406,269.5624830979567,265.7849452947577,266.20670188943353,79514200
2020-05-12,262.841796875,269.78255179515514,262.7042425975372,269.36997290557235,95870800
2020-05-13,258.19317626953125,263.31852740068314,255.77260186362162,262.28244947607476,144721100
2020-05-14,261.2830810546875,261.41142959963264,250.29885756390482,255.76347804149395,121977900
2020-05-15,262.4842224121094,262.5300551877956,257.95483612918537,258.8992207520091,111146300
2020-05-18,270.4794921875,272.08403154793433,268.37068022045037,268.69156570778057,119703800
2020-05-19,267.7012939453125,271.58885385664627,267.68296642946405,269.8834715117107,95189300
2020-05-20,272.2490234375,273.11089240666524,271.0020807473539,271.2313006225374,85861700
2020-05-21,270.369384765625,272.92748596370774,269.278296110494,272.1206276660374,78293900
2020-05-22,270.8828430175781,271.0570523361643,268.8473696991475,270.08516244349306,63958200
2020-05-26,274.2203674316406,277.0718778390343,270.901267405882,276.8334801639419,88951400
2020-05-27,278.3003845214844,278.3370675296901,272.19396476879547,277.007581296367,104817400
2020-05-28,277.7868957519531,281.33521382254526,277.11756385460404,279.3272461114309,90405200
2020-05-29,279.0247802734375,279.61156861200794,274.57790903661964,277.31936982817837,119090800
2020-06-01,280.15252685546875,280.7576706979194,277.8695057987693,278.38295609279857,55758300
2020-06-02,282.4721984863281,282.5180592457431,279.73991573138625,281.0693740975131,74267200
2020-06-03,286.2314147949219,287.1849772402928,284.17761381806736,284.4526664557033,92567600
2020-06-04,285.4795227050781,286.98321817364206,283.3890390401753,285.2503028822557,75794400
2020-06-05,292.7962646484375,294.565835177491,290.7974742690629,290.8616625425781,150524700
2020-06-08,296.3354187011719,296.52795553104175,293.0621526886974,293.60310815038525,73641200
2020-06-09,294.1257629394531,296.4087837876376,292.8146040767573,293.67647298750563,77479200
2020-06-10,292.4844665527344,295.59270049020836,291.769301891686,294.7033265416414,95000800
2020-06-11,275.6231384277344,286.2039358982989,275.0730331017828,285.5712867925123,209243600
2020-06-12,278.9237976074219,283.38899457849544,273.7801190211421,282.61881945235933,194678900
2020-06-15,281.52783203125,282.65560386034076,272.07480686820895,273.24841147874247,135782700
2020-06-16,286.9465637207031,289.4038217313861,282.0962919334156,289.25711767246935,137627500
2020-06-17,285.75457763671875,288.2576679504427,285.0210574809537,287.96425988813667,83398900
2020-06-18,285.8645935058594,286.34136061280276,283.78328781211144,284.2417274083413,80828700
2020-06-19,284.2309265136719,289.5169641791191,282.28778324973854,289.3235800973279,135549600
2020-06-22,286.0542907714844,286.4502770307113,282.4903582303145,283.6322825514577,74649400
2020-06-23,287.3713073730469,289.6275587383942,286.966102816788,288.6974262655169,68471200
2020-06-24,280.04083251953125,285.953114826548,278.20822201391996,285.336089865643,132813500
2020-06-25,283.0429382324219,283.3100111754416,277.45298321689944,279.4697872300513,89468000
2020-06-26,276.32025146484375,282.1588713157659,275.7400992165521,281.9470509652658,127961000
2020-06-29,280.38140869140625,280.51954014109333,275.28875648317745,277.5726328328864,79773300
2020-06-30,283.9731140136719,285.66762102118946,279.7921834155964,279.94872310498295,113394800
2020-07-01,285.9622802734375,287.22395639224413,284.62697148514405,285.08742860608777,72396500
2020-07-02,287.53704833984375,290.7326217108491,286.8739889973159,289.38806675534465,69344200
2020-07-06,291.975830078125,292.55601050927066,290.6036769406393,291.3496151795207,61713800
2020-07-07,288.9644775390625,292.4086879039096,288.5868993171508,290.4379459868934,82910000
2020-07-08,291.1746520996094,291.28515730964824,287.9698885921955,289.7288100254336,54638600
2020-07-09,289.5169677734375,292.0218551502653,286.1095744969354,291.78240850045916,83354200
2020-07-10,292.47308349609375,292.74015643400605,288.0250810957527,289.45248660102106,57550400
2020-07-13,289.9406433105469,297.1882340667077,289.2868020526864,294.81228763297554,102997500
2020-07-14,293.6979675292969,294.4715320808562,287.32522893206374,288.522406144319,93657000
2020-07-15,296.3962707519531,297.4921610086868,294.0202961383002,296.91198050758385,87196500
2020-07-16,295.4200439453125,295.87128286396967,293.85447872341933,294.49912983927373,54622500
2020-07-17,296.2765197753906,297.0593024720893,294.45309952821765,296.4238694209868,62774900
2020-07-20,298.6708984375,299.4168366870497,295.26350467471246,296.0094429242622,56308800
2020-07-21,299.3063049316406,301.0744442907489,298.3209200855165,300.632423503006,57292200
2020-07-22,301.0099792480469,301.32311478404205,298.83663538971115,298.94714058873586,57792900
2020-07-23,297.4184265136719,301.3507479273714,296.05549155599056,300.65084417889534,75738000
2020-07-24,295.5029602050781,296.5251615020732,294.0018655257891,295.56743094562876,73766600
2020-07-27,297.6579284667969,297.8329044364121,295.40167713485863,296.1936780663919,48293000
2020-07-28,295.7700500488281,298.04470943209714,295.4753507358692,296.93038292448483,57495000
2020-07-29,299.4075927734375,299.9693649980808,296.60800599281623,296.64485042658015,48454200
2020-07-30,298.33935546875,298.7537780991364,294.36102749576685,296.44227447076116,61861700
2020-07-31,300.69683837890625,300.7981535361253,295.9172923240878,300.1258761780566,84986800
2020-08-03,302.7873840332031,303.551730444188,301.8112172413089,302.35455324026356,53077900
2020-08-04,303.9570007324219,303.9570007324219,301.9309778366748,301.9309778366748,41917900
2020-08-05,305.8448791503906,306.1027621717958,304.9884354718485,305.2555085268195,42697700
2020-08-06,307.8892517089844,308.00897505925286,304.9423429439364,305.26466855525786,43679400
2020-08-07,308.1102600097656,308.3957411535914,306.0197668612782,306.922272863609,57308300
2020-08-10,309.0310974121094,309.21526333756503,306.62749741598617,308.5614223096807,44282100
2020-08-11,306.4802551269531,310.8454078392464,305.75275309496504,310.20997475019243,69601100
2020-08-12,310.75323486328125,311.5267992817978,308.88378049251634,308.911406789461,53774400
2020-08-13,310.1915283203125,311.49923889521347,309.2706140885454,309.98892606516085,41816100
2020-08-14,310.2007141113281,310.734860048338,309.0771977415584,309.80472777793506,47260400
2020-08-17,311.1861267089844,311.58211307766084,310.2099598864431,311.2137530113555,35481000
2020-08-18,311.8583679199219,312.281980541681,309.98888529540005,311.58207682428633,38733900
2020-08-19,310.55987548828125,312.7516274630557,309.9981032669653,312.23591780968894,68054200
2020-08-20,311.5268859863281,312.005751301336,308.70889049740055,308.83780388433297,42207800
2020-08-21,312.6319580078125,312.85296841916903,310.85457226958493,311.1953341258538,55106600
2020-08-24,315.7998962402344,315.87355700727335,312.604322979584,315.0631480494956,48588700
2020-08-25,316.90496826171875,316.9878471615432,315.2012714878101,316.36163229349035,38463400
2020-08-26,320.08221435546875,320.34925928785856,316.9511111179945,317.4944472238556,50790200
2020-08-27,320.7820129394531,322.2278548973866,319.1243787139967,320.94779884525434,58034100
2020-08-28,322.8541564941406,322.98309799950175,320.61634125746116,321.8043286971125,48588900
2020-08-31,321.68450927734375,323.51711938437126,321.4542807471516,322.64226783208227,66099200
2020-09-01,324.71429443359375,324.81558148751446,321.6200086611954,322.5132963995055,54908700
2020-09-02,329.4110412597656,330.37798998883557,325.4787193923163,326.6206721827685,69540000
2020-09-03,318.0744934082031,328.19532906675,315.495917398797,327.7256539431089,148011100
2020-09-04,315.4775695800781,320.32155893623025,308.3865193279406,318.7560217314167,139156300
2020-09-08,306.85772705078125,315.54196689159204,306.5538378154059,310.0809258509965,114465300
2020-09-09,312.91748046875,315.37630593191915,309.98895161129644,310.85461330882225,91462300
2020-09-10,307.48406982421875,315.44075426286713,306.5263111431715,314.7869130200324,90569500
2020-09-11,307.6405944824219,310.32045816888535,304.8225992871863,309.26141246287096,84680200
2020-09-14,311.69256591796875,313.46073328485505,307.78789928384793,310.7992781526269,65605700
2020-09-15,313.267333984375,314.9710024350509,311.70176891157143,314.14218543935834,52920900
2020-09-16,312.0241394042969,315.92880641145365,311.74784829653964,314.5014007189514,82096000
2020-09-17,309.2798156738281,310.9927306673699,306.65520463292705,307.1801324619214,91523300
2020-09-18,305.7192077636719,310.1942716478776,303.2412847248806,310.0833240814501,105877900
2020-09-21,302.316650390625,302.4645898682485,297.4717524188794,301.142417821237,99450800
2020-09-22,305.3955993652344,305.9503654275353,301.2903700074111,303.79605821576513,63612100
2020-09-23,298.31317138671875,306.22775080288056,297.8138791281714,305.9503536740996,93112200
2020-09-24,299.1083068847656,302.1594777085532,295.68727323191223,297.0002185553226,76681300
2020-09-25,303.9439392089844,304.7298270780176,297.38852490576954,298.25762343564503,71069400
2020-09-28,308.9922790527344,309.70421136202526,307.106085914168,308.0954153354496,64584600
2020-09-29,307.3094787597656,309.52851442541044,306.616028350716,308.78884527571864,51304000
2020-09-30,309.6394958496094,312.78313211808506,307.781039690102,307.97519790754353,104081100
2020-10-01,311.6273193359375,313.19912304877136,309.7503816970542,312.2283039383906,88698700
2020-10-02,308.6686096191406,311.59960544931795,306.21842407966096,306.68997933659404,89431100
2020-10-05,314.1423034667969,314.3272066536649,310.675051276602,310.7212700191764,45713100
2020-10-06,309.6764221191406,316.3705485681372,309.16790315798374,314.28094252067115,90128900
2020-10-07,315.06695556640625,315.87135369140464,312.5982591880481,312.625996081442,56999600
2020-10-08,317.859130859375,317.92385966066934,316.0838856399177,316.9992592418316,45242500
2020-10-09,320.6976623535156,321.15996256500506,318.88545342511554,319.5049199072346,59528600
2020-10-12,325.85699462890625,327.32710625079835,322.7410950073578,323.23113221465513,80388500
2020-10-13,323.73028564453125,325.89384681412037,322.7686934969717,325.71817051168466,73255500
2020-10-14,321.6962585449219,325.39466069842285,320.96584443553525,324.30363883511666,57727900
2020-10-15,321.2987060546875,321.7794882050628,317.25820597808996,317.7944619067174,60357700
2020-10-16,321.1045227050781,324.30363260576735,320.92884634883575,322.648589773227,89501900
2020-10-19,316.2226867675781,322.99074228284945,315.325822981665,322.3620205940744,68425600
2020-10-20,317.4894104003906,320.7255130289656,316.805214873939,317.56336604517907,60051900
2020-10-21,316.8883361816406,319.6066638803036,316.5832022185799,317.443073902537,63575000
2020-10-22,318.6265563964844,319.2090592108434,314.9651464132425,317.10097125484754,55399300
2020-10-23,319.70831298828125,319.902471164237,317.2581276650549,319.84699739967823,49143900
2020-10-26,313.8001403808594,317.11945239999403,310.3143788466837,316.333536423992,91473000
2020-10-27,312.7183532714844,314.47508841544396,312.5056850182194,314.1422458102279,65994100
2020-10-28,302.030029296875,312.7461466489848,301.5399921174108,307.05985871686283,127094300
2020-10-29,305.0997009277344,308.2618190207296,300.57839067530114,302.26117045534187,90597700
2020-10-30,301.91912841796875,304.8316150562413,298.2761993068476,303.52792464897027,120287300
2020-11-02,305.30303955078125,307.30015142841495,302.56620226434757,305.30303955078125,86068300
2020-11-03,310.6935729980469,312.7461876866935,305.38637399387943,308.5300107397287,93294200
2020-11-04,317.63726806640625,321.7055046793928,313.98508475423665,315.1593172475223,126959700
2020-11-05,323.8320617675781,325.63504398286517,322.55610859572175,322.9074612913422,82039700
2020-11-06,323.7581481933594,325.0063646417054,321.43739166729375,323.5454798982403,74973000
2020-11-09,327.8262939453125,336.90587604645594,327.36399377580295,336.5267865214705,172304200
2020-11-10,327.3455505371094,328.39958037530033,324.0817120840673,326.8370033607283,85552000
2020-11-11,329.7772521972656,330.60013191836515,328.2886308124271,329.5275920192219,58649000
2020-11-12,326.5781555175781,329.8235125087104,324.7752013576145,328.76945432758134,67546200
2020-11-13,331.0994873046875,331.8391565132532,327.965077662347,328.48285175165734,62892200
2020-11-16,335.2323303222656,335.4264884804462,332.4770113296513,333.7622192629184,74541100
2020-11-17,333.42938232421875,334.63137974023823,331.32129460037004,332.8283977244911,66111000
2020-11-18,329.41668701171875,334.2431030727179,329.3796950886092,333.69759212727365,70591300
2020-11-19,330.8034973144531,331.17333179461673,327.4471936792584,328.7878754134838,59940900
2020-11-20,328.5382385253906,330.7480469635193,328.46428291074824,330.54463375254744,70417300
2020-11-23,330.5077209472656,331.7651924296882,328.1130087910506,330.34129961206247,63230600
2020-11-24,335.8334655761719,336.3789766002486,332.1997916166957,333.0504084548386,62415900
2020-11-25,335.3156433105469,335.77794359169803,334.2246214190069,335.75020670349176,45330900
2020-11-27,336.2494812011719,336.7210082758483,335.24164181075275,336.40664748720786,28514100
2020-11-30,334.76080322265625,335.7408773444086,332.0887228617469,335.4727353400609,83872700
2020-12-01,338.42236328125,339.95720394364236,337.414551829119,338.0063098651828,74231400
2020-12-02,339.13421630859375,339.2913825881508,336.7395044630417,337.3127522431998,45927000
2020-12-03,339.0417785644531,340.4286793920205,337.94150165059074,339.03252352963375,62882000
2020-12-04,341.9635925292969,341.9635925292969,339.53188804571107,339.6243537638906,50749900
2020-12-07,341.2608947753906,341.75093205477316,339.9941962352836,341.1961659495195,48944300
2020-12-08,342.2593688964844,342.82336164005824,339.9478677180988,339.9940864550397,42458900
2020-12-09,339.1897888183594,343.0730950159463,338.357653791489,342.91592869063794,74098300
2020-12-10,339.0787658691406,340.1235407764272,336.952167699225,337.82129446332254,57735400
2020-12-11,338.68115234375,339.0879788216525,335.8703871356922,337.38671728522763,57698600
2020-12-14,337.1648864746094,341.9173192847848,336.9892100885421,340.8448073293693,69216200
2020-12-15,341.7231140136719,341.7231140136719,338.329845795208,339.6982365511047,63865300
2020-12-16,342.2593688964844,343.1747143338236,341.0573713537836,341.935753088197,58420500
2020-12-17,344.1733093261719,344.3767225815223,343.07303238358134,343.8959404400441,64119500
2020-12-18,342.7990417480469,344.6282701572163,340.79338813671035,344.46113944048307,136542300
2020-12-21,341.5733337402344,351.41588135786776,336.15994813580005,338.8898629814059,96386700
2020-12-22,340.99755859375,342.00966539034266,339.8740313552333,341.8982449484186,47949000
2020-12-23,341.3041687011719,343.20766834908954,340.97917335383556,341.96342554621316,46201400
2020-12-24,342.6319580078125,342.6598131310871,341.19272941054123,341.7776869993081,26457900
2020-12-28,345.57537841796875,345.9653500649846,344.5539768762825,345.1760839492796,39000400
2020-12-29,344.9161071777344,347.2746111341923,344.33112134700883,347.0981859364546,53680500
2020-12-30,345.40826416015625,346.4389603203097,345.0182924625775,345.733259466037,49455300
2020-12-31,347.1631774902344,347.8874388872676,344.70254763729105,345.2132342407314,78520700
2021-01-04,342.4369201660156,348.62101162593734,338.75060828235917,348.49100217915696,110210800
2021-01-05,344.79541015625,345.88181651795514,341.74979422078724,341.7962383123607,66426200
2021-01-06,346.85675048828125,350.0416701451585,342.743317442046,343.29115366008426,107997700
2021-01-07,352.01019287109375,352.7530149569909,349.04814233936133,349.22456754371,68766800
2021-01-08,354.015869140625,354.22941562712896,350.1531317059406,353.3937336428552,71677200
2021-01-11,351.6295166015625,353.3844459686813,350.72882987062206,350.84954484541544,51034700
2021-01-12,351.7038269042969,352.71593423715626,349.46603738716954,351.815275742109,52547700
2021-01-13,352.65093994140625,353.6444582491231,350.8495663690164,351.62953817301246,45303600
2021-01-14,351.41595458984375,353.8951738961369,351.08169311224,353.39375334288167,49989100
2021-01-15,348.8531494140625,350.5987841141442,346.99606590019863,349.80025180486865,107160000
2021-01-19,351.5923767089844,352.1309468672761,349.82815280679114,351.3045309935299,51233300
2021-01-20,356.45794677734375,357.2936287805517,353.4866015027723,353.87657321374,61836100
2021-01-21,356.7828674316406,357.4421524664681,355.86362018115483,357.01500286554875,47840100
2021-01-22,355.5201416015625,356.6808190235605,354.5544500521419,354.93515564697935,52860500
2021-01-25,356.9221496582031,357.2749716933398,351.4158759647186,356.2535985157263,70402000
2021-01-26,356.3650817871094,358.2778757163541,356.1329463264064,357.869315038569,42665300
2021-01-27,347.6553039550781,353.1429888444501,345.4268095254111,353.05012900637144,123351100
2021-01-28,350.6452941894531,354.6380131608825,349.0296402961442,349.4660278006509,94198100
2021-01-29,343.62542724609375,349.75380801800657,341.9540352154757,348.7881167338835,126765100
2021-02-01,349.34527587890625,350.375943628793,343.9133009262217,347.01462699809997,75817600
2021-02-02,354.28509521484375,355.8357724135965,349.42883997274356,352.52087154806475,64450700
2021-02-03,354.5636291503906,356.2814368432758,353.2915316437675,355.1114653148641,52427100
2021-02-04,358.5935363769531,358.63995212915546,354.67508910571235,355.59433635934124,47142600
2021-02-05,360.0049743652344,360.710675281438,358.54718510912704,360.4599791681368,48669800
2021-02-08,362.6048278808594,362.6512436310637,360.5991744109489,361.45341690524697,38365200
2021-02-09,362.36334228515625,362.9576224827713,361.3605298727302,361.7690620875412,35551100
2021-02-10,362.20550537109375,364.2483082851128,359.809880441782,364.0997382243803,59154400
2021-02-11,362.79058837890625,363.70056961850463,360.36710768462626,363.28271443963257,42913300
2021-02-12,364.5826721191406,364.82407372216704,361.91773330512245,361.9920325190132,50593300
2021-02-16,364.266845703125,366.0032422378084,363.5518788972011,365.8082281060511,50972400
2021-02-17,364.3505554199219,364.6012515218009,361.5091912477151,362.5213268153556,52290600
2021-02-18,362.7999267578125,363.54274901362083,360.0328614317489,361.750669777265,59712800
2021-02-19,362.15924072265625,364.3413201237446,361.713530354502,364.05347436624504,83241000
2021-02-22,359.3735656738281,361.77848576262124,359.1042805920692,359.401420796986,67414200
2021-02-23,359.8099670410156,361.15636405887625,353.0316228676275,357.1729115862207,107284100
2021-02-24,363.77484130859375,364.2019909749651,357.7393191021612,358.7235712258007,72433900
2021-02-25,355.0093688964844,363.8769599629682,353.5701404616122,362.51200240283123,146670500
2021-02-26,353.18017578125,358.0271655270358,351.2024053803291,356.88507715052293,152701600
2021-03-01,361.7413024902344,362.9855734404292,353.37516012939244,358.03642977075657,105348800
2021-03-02,358.9185791015625,362.19633073939394,358.41715856200267,361.964195274004,79595300
2021-03-03,354.1643981933594,359.1877840030245,354.06224386816876,358.22212100889243,119940200
2021-03-04,349.7817077636719,356.5600515760826,345.306129482108,353.9787065028338,183433000
2021-03-05,356.21649169921875,357.2657484566025,346.01182648724296,353.27300175449477,152039600
2021-03-08,354.4429626464844,359.9770636155982,354.1644114525265,357.1728776946545,123149200
2021-03-09,359.5035095214844,362.04770476168795,357.77640719038783,358.2778276525571,113633600
2021-03-10,361.7413024902344,363.431255369481,360.4320834867978,361.84345682354007,109899400
2021-03-11,365.4090576171875,367.3775617218999,363.7469598417814,364.201964598063,86245000
2021-03-12,365.9012145996094,366.04049021562264,363.2455983981242,364.0534253078508,64653600
2021-03-15,368.083251953125,368.343242519141,364.0162344057818,366.15186917399524,73427200
2021-03-16,367.61895751953125,369.401741761804,366.84825201962127,368.6960693202915,73722500
2021-03-17,368.87255859375,369.6710910137919,365.19551232371896,366.33762904443535,97959300
2021-03-18,363.50567626953125,368.3712278694538,362.82783032638633,366.2913026060102,115349100
2021-03-19,362.8330078125,364.7800131432064,360.6624031983592,363.20563537867605,113624500
2021-03-22,365.73016357421875,367.10891663764517,363.28942068287944,363.3453133880508,73778600
2021-03-23,362.8515930175781,366.54065388487237,362.06906667782835,365.09671154896347,90686600
2021-03-24,361.0070495605469,365.87923909623805,360.9604817803928,364.248968775631,97588600
2021-03-25,363.0379333496094,363.8297562145069,357.6347344917859,359.57244319585334,116128600
2021-03-26,368.8882141113281,369.28878794295866,363.587505033435,364.18370331754596,114409100
2021-03-29,368.701904296875,369.60554090899944,365.93510175704296,367.4163152580118,108107600
2021-03-30,367.7237243652344,368.3944651831491,366.1306971541533,367.4349359437374,76262200
2021-03-31,369.2142639160156,370.77001997622074,368.26405952663214,368.2920058783888,112734200
2021-04-01,373.2013854980469,373.257306623369,370.9376460344491,371.1425953951237,99682900
2021-04-05,378.55810546875,379.0984396024881,375.7820059480064,375.8565200890422,91684800
2021-04-06,378.3344421386719,379.3778104361055,377.66370131465686,377.9990859414913,62021000
2021-04-07,378.7723693847656,379.11705058317233,377.7103794337197,378.16684605543014,55836300
2021-04-08,380.5702209472656,380.6261136446718,379.08900760669604,380.02059046966957,57863100
2021-04-09,383.3370361328125,383.50474266034735,380.3280415787718,380.4491519037927,61104600
2021-04-12,383.476806640625,383.7469452179368,382.13532496213276,382.74084817389485,56704900
2021-04-13,384.61328125,385.2374542676468,382.99233619082685,383.3742885703342,56551000
2021-04-14,383.29986572265625,385.6381198974038,382.7595316211662,384.585426479011,61659900
2021-04-15,387.4173583984375,387.68752538741427,385.38651459221114,385.4330823632249,60229800
2021-04-16,388.7123718261719,389.31789515278274,387.2870508261419,388.7030468977185,82037300
2021-04-19,386.8025817871094,388.2279026853113,385.4797498055928,387.7807610260529,78498500
2021-04-20,383.9705810546875,386.6907875184191,382.4986639809094,385.59152639170094,81851800
2021-04-21,387.6037902832031,387.8087397039986,383.21601337839934,383.3557735882246,66793000
2021-04-22,384.063720703125,388.2651692129653,383.00173084573123,387.43607511013636,97582800
2021-04-23,388.2278747558594,389.6345741269456,384.54813911119874,384.6226532391619,73209200
2021-04-26,389.0382995605469,389.60657988132425,388.2930446539053,388.8799463969704,52182400
2021-04-27,388.9544372558594,389.53204246806536,387.8179051119229,389.336389612309,51303100
2021-04-28,388.8427429199219,390.342606350338,388.3769514146441,389.2246953658085,51238900
2021-04-29,391.32073974609375,391.9355879172904,387.9484139465216,391.56296041556226,78544300
2021-04-30,388.7496032714844,389.9047856090629,387.85529148566474,389.05704160482367,85527000
2021-05-03,389.5879821777344,391.11576335825885,389.09424437535307,390.7338109557142,68128300
2021-05-04,387.1845397949219,388.09750141176715,383.5048038327527,387.60376353614816,101591200
2021-05-05,387.30560302734375,389.0569834839452,386.7466475835862,388.8240877515174,60162200
2021-05-06,390.39849853515625,390.52890537303807,385.3772524687335,387.38015025282107,74321400
2021-05-07,393.2398376464844,393.89195716185367,390.48235974282153,391.1624256128691,67733800
2021-05-10,389.34576416015625,393.8173507618117,389.2246538329622,393.5937799606252,81852400
2021-05-11,385.87103271484375,386.85850853881635,382.00496848744234,384.836989107153,116888000
2021-05-12,377.6730651855469,384.3618242624742,376.3595297518344,383.09488503627756,134811000
2021-05-13,382.20989990234375,384.13828367571983,379.17293000396353,379.21952621514686,106394000
2021-05-14,388.0788269042969,388.9265708311616,384.9114504451291,384.9393967974584,82201600
2021-05-17,387.0914001464844,387.9019013257999,385.07917723544665,386.9703182241895,65129200
2021-05-18,383.7562561035156,387.5943730427938,383.5978745039429,387.3521523950896,59810200
2021-05-19,382.7502136230469,382.92721668401646,377.5985602871788,379.0798024141684,106467100
2021-05-20,386.8677673339844,388.12541000565056,383.50476652206805,383.6258484249689,78022200
2021-05-21,386.551025390625,389.58799485674376,386.09455884988506,388.3489736323711,76578700
2021-05-24,390.4916076660156,391.56292229029447,388.5445744319748,388.78679507785904,51376700
2021-05-25,389.625244140625,391.9262551656702,389.0476672600288,391.5722490957163,57451400
2021-05-26,390.39849853515625,390.90153289083105,389.1781270673312,390.21217056143115,43088600
2021-05-27,390.6034240722656,391.9355808710809,390.3239321287522,391.4232216191229,56707700
2021-05-28,391.3020935058594,392.42930086674016,391.069197778342,392.1684587891069,58520200
2021-06-01,390.9573974609375,393.7987138563774,390.51955237272466,393.65898211112926,54216600
2021-06-02,391.5722351074219,392.41068247668926,390.6034093428114,391.60950638441597,49097100
2021-06-03,390.1190185546875,391.2555509981351,387.7993858877597,389.26197808041053,58138800
2021-06-04,393.6869812011719,393.9850945840739,390.18422002621526,391.96354696648706,55938800
2021-06-07,393.3050231933594,393.85465374362394,392.3734402072181,393.6776507018846,51555000
2021-06-08,393.3888854980469,394.2552509032389,391.5629906976117,394.1620869131879,47134300
2021-06-09,392.8019104003906,394.301773600504,392.57833960967673,394.22723105049744,48436300
2021-06-10,394.62786865234375,395.5781015257895,392.7088099094243,394.0223453765083,51020100
2021-06-11,395.27996826171875,395.3917536695252,393.89191873202867,395.1775077811149,45570800
2021-06-14,396.16497802734375,396.26743850654356,394.1527554254345,395.39174825118516,42358500
2021-06-15,395.4383239746094,396.35125703166875,394.5626337646086,396.3140141846101,51508500
2021-06-16,393.23046875,395.8016468115362,391.19032822728997,395.57807599910893,80386100
2021-06-17,393.10009765625,394.07824847919915,390.63140827908353,392.82063411530976,90949700
2021-06-18,387.7969665527344,390.51671667728624,387.5913466663332,389.82509911514796,118676300
2021-06-21,393.3486633300781,393.53560087943845,388.7409408172673,389.5540649639203,72822000
2021-06-22,395.45159912109375,396.28343417143736,392.61966911686017,393.339353041914,57700300
2021-06-23,394.9749450683594,396.3301424887815,394.8908317268986,395.5263737663793,49445400
2021-06-24,397.3115234375,397.73209014648296,396.8628904252522,397.1152589733079,45110300
2021-06-25,398.7227783203125,399.17141131218983,397.73207208724824,398.0591985278256,58129500
2021-06-28,399.52655029296875,399.6947769582962,398.04984647065635,399.24617251742296,53159600
2021-06-29,399.7415771484375,400.5453458904214,399.20883078354126,399.9098038354574,35970500
2021-06-30,400.0780334472656,400.7509687229313,399.2555538300446,399.2835916114196,64827900
2021-07-01,402.2931213378906,402.4520211210759,400.7696685970019,400.83509959729395,53441000
2021-07-02,405.3680114746094,405.7231756894549,402.37718195001327,403.4520300284134,57697700
2021-07-06,404.6296691894531,405.63908633581775,401.90056347036705,405.42411100289456,68710400
2021-07-07,406.0596618652344,406.34006819983387,403.3025183056718,405.3119686849688,63549500
2021-07-08,402.7511291503906,403.5081778396305,399.57336151548776,400.7510054866028,97595200
2021-07-09,407.0503845214844,407.349473214676,402.55481277928465,404.25584763381096,76238600
2021-07-12,408.5083312988281,408.7606998160739,406.5362744179092,406.9661965088275,52889600
2021-07-13,407.1158142089844,409.2187334442086,406.854118733952,407.72331850573784,52911300
2021-07-14,407.7232971191406,409.29349840963926,406.4802508086064,408.8074721795963,64130400
2021-07-15,406.3307189941406,407.05972983900836,404.43341971053184,406.38679455738685,55126400
2021-07-16,403.1436462402344,407.55510476141916,402.75111727654803,407.50838463044124,75874700
2021-07-19,397.1900634765625,403.209088281005,394.38617099707693,398.33031422579336,147987000
2021-07-20,402.8819274902344,404.1530401378472,397.0591676686946,397.85360950811923,99608200
2021-07-21,406.14373779296875,406.2839552086843,402.8351658262947,404.078212041571,64724400
2021-07-22,406.99432373046875,407.23733686784163,405.34003746820474,406.3213884076943,47878500
2021-07-23,411.1814270019531,411.51788035862415,408.2373460404216,408.91960818789283,63766600
2021-07-26,412.1907653808594,412.20012081384886,410.5458349664142,410.5925550860386,43719200
2021-07-27,410.312255859375,411.1814556139232,407.48965273178777,411.15341783224966,67397100
2021-07-28,410.14398193359375,411.51789021824817,408.72335352250394,410.9384237416545,52472400
2021-07-29,411.8450012207031,412.91982079238494,411.05991487644866,411.06927031045103,47435300
2021-07-30,409.84490966796875,411.29357581662805,409.1532635675781,409.28412555399376,68951200
2021-08-02,408.98504638671875,412.1067095157106,408.62988215553224,411.55528082300833,58783300
2021-08-03,412.3123474121094,412.43385397257424,407.5924735593852,409.7795060797524,58053900
2021-08-04,410.2841796875,412.28427447929056,410.0505220211944,411.03187281061224,46732200
2021-08-05,412.88250732421875,412.96662067268136,411.1253968736616,411.4431679198543,38969700
2021-08-06,413.564697265625,413.9852924570962,412.91979985078956,413.2002061526581,46930000
2021-08-09,413.2282409667969,413.8544275100853,412.4618370122482,413.5366565217107,41222600
2021-08-10,413.7422790527344,414.45260745639985,412.99458596031207,413.6768480634151,43339300
2021-08-11,414.77044677734375,414.8639155599606,413.6862716488568,414.80783999492405,44034300
2021-08-12,416.0135192871094,416.1537367311729,413.72369084389135,414.62092846348145,38909400
2021-08-13,416.7705078125,416.78919015715337,415.9760660634455,416.4620637284058,39470300
2021-08-16,417.7518615722656,417.88269503110484,413.91987021373245,415.4713605109986,73740000
2021-08-17,415.013427734375,415.87327201338974,412.0319534928369,415.2003367624512,92673900
2021-08-18,410.4710998535156,415.56484852636714,410.2281152693712,414.00400272308775,89351900
2021-08-19,411.1066589355469,412.3030136509168,407.61114913490746,407.7513380397817,92812200
2021-08-20,414.3778381347656,414.70496457219946,410.96644191047403,411.45246811100355,72008700
2021-08-23,418.02294921875,418.9295421673049,414.45265298648917,416.0602189821948,54973000
2021-08-24,418.6864929199219,419.2192392352231,418.17245747210313,418.6864929199219,38744700
2021-08-25,419.5650939941406,420.0791294982954,418.49960124676494,418.87347636542324,40529700
2021-08-26,417.08831787109375,419.5183349461485,416.9948490937456,419.2846772641112,57829600
2021-08-27,420.8175048828125,421.19135148689224,417.83603043980827,417.8921060042868,77235100
2021-08-30,422.6679992675781,423.4530855354133,421.2473425254043,421.4903556044944,48357400
2021-08-31,422.0417785644531,422.9109781504676,421.4436298305058,422.5745248356213,59300200
2021-09-01,422.2661437988281,423.4905077483613,422.03248612109024,422.9764722664043,48721400
2021-09-02,423.5653076171875,424.36907636322894,422.3689814101181,423.686814177093,42501000
2021-09-03,423.4624938964844,423.9765579301553,422.0325099688313,422.4344228744772,47170500
2021-09-07,421.94842529296875,423.21018261431715,421.2754899564276,423.1167138270563,51671500
2021-09-08,421.4344177246094,422.144746327745,419.518407287907,421.41573537498465,56181900
2021-09-09,419.63055419921875,422.98587540724486,419.3875410597101,421.2381203442714,57970400
2021-09-10,416.3218994140625,421.9764037145198,416.2003928599835,421.5558370150139,89948200
2021-09-13,417.3874206542969,419.57448188147487,415.07888137909265,419.31278639177305,83738600
2021-09-14,415.1349182128906,419.03231214319595,414.2470076652523,418.8266922544094,78197100
2021-09-15,418.6024169921875,419.0977701394543,414.4526542585058,415.5555116773011,78792200
2021-09-16,417.9389343261719,419.0511189154526,414.9948240164866,418.0791232640919,77786700
2021-09-17,413.8676452636719,417.5900174422534,413.5113432060983,417.16810338516024,118425000
2021-09-20,406.9667663574219,409.3295710757895,402.10984707082173,407.75436793021106,166445500
2021-09-21,406.58233642578125,410.59537031179264,406.05726871090457,409.30144322368784,92526100
2021-09-22,410.5484924316406,412.5831513891095,406.6948671942367,408.85139337293356,102350100
2021-09-23,415.53662109375,417.1399803704705,412.17993634176355,412.41434258074156,76396000
2021-09-24,416.22113037109375,416.9337345501658,413.6895313452658,413.9051954031547,62094800
2021-09-27,415.03033447265625,416.3523605127942,414.33647253059087,415.18971469523467,61371100
2021-09-28,406.6667175292969,412.59251441684535,405.93537117136833,412.26433994291904,130436300
2021-09-29,407.3511962890625,409.77964162679973,406.7886155612909,408.045029638689,82329200
2021-09-30,402.37249755859375,409.52655389650596,402.03493760267696,408.823334986901,140506000
2021-10-01,407.1542053222656,408.8325618141087,400.5814745875316,404.0975677717047,129240100
2021-10-04,401.90362548828125,406.89176913571015,399.76581284989487,405.9916570765266,128570000
2021-10-05,406.08544921875,408.3263583984505,402.6068680010138,403.40382646967265,90682500
2021-10-06,407.7730712890625,407.97934991567206,400.8721656243834,402.4942384202276,113032200
2021-10-07,411.2986145019531,414.1302318975777,410.867314983928,411.04546603542565,72437500
2021-10-08,410.5484924316406,412.45189876084635,409.9202996692927,412.0674690550003,74557400
2021-10-11,407.576171875,412.79874945849707,407.5105312643394,409.8921065328173,65233300
2021-10-12,406.572998046875,408.89831863461245,405.78539638345933,408.4951467022772,71181200
2021-10-13,408.0356750488281,408.85140428938456,404.62273464026305,407.5949901170963,72974000
2021-10-14,414.8990783691406,415.04910180856405,411.2235756383798,411.6923881563111,70236800
2021-10-15,418.05889892578125,418.42458644967,416.38992739167634,417.00876339160925,66260200
2021-10-18,419.2965087890625,419.6340400404351,415.621006350095,416.27735526871015,62213200
2021-10-19,422.5313720703125,422.59698407803893,420.30917663549167,420.9186558175996,46996800
2021-10-20,424.1909484863281,424.49099536699856,422.8782791509517,422.99078957769177,49571600
2021-10-21,425.29730224609375,425.5223230800388,423.15951848148666,423.59081795122904,41305400
2021-10-22,424.856689453125,426.3100255563803,422.91579858892055,424.8660748608127,58845100
2021-10-25,427.135009765625,427.4631842019091,424.1721402757418,425.94423644921017,45214500
2021-10-26,427.5194396972656,429.89162954029996,427.14439546156063,428.68211402620443,56075100
2021-10-27,425.62554931640625,428.6447033477546,425.5505232829299,427.9789975244028,72438000
2021-10-28,429.7322692871094,429.8072666921166,427.04129028806375,427.05064707991323,51437900
2021-10-29,430.60430908203125,430.89497056169455,427.14447031928165,427.435131798945,70162400
2021-11-01,431.344970703125,431.96380657611127,429.61974430603044,431.5887337216653,48433600
2021-11-02,433.0889892578125,433.398421537022,431.38250486096626,431.51378609797507,48908400
2021-11-03,435.7330627441406,436.1362346004919,432.0856879971298,432.5263728629684,52509800
2021-11-04,437.7864990234375,437.8708818410705,435.9862464051318,436.3331630823048,52847100
2021-11-05,439.3054504394531,441.2932109079652,437.7958878886841,440.0086692059953,66390600
2021-11-08,439.6804504394531,440.8993800137787,438.99600255528054,440.4024399467041,50405200
2021-11-09,438.2272033691406,440.2806045314554,436.8207657847632,440.0461982673925,51149100
2021-11-10,434.70172119140625,438.2272005366199,433.2202862022842,436.53945827784827,69429700
2021-11-11,434.8423767089844,436.26758515556486,434.8236345082835,436.1925591246675,34848500
2021-11-12,438.1239929199219,438.67718819768925,435.161094692695,436.1081050332003,53466700
2021-11-15,438.2740478515625,439.56797493267015,437.14891501750157,439.40859470618256,46980500
2021-11-16,440.0086669921875,441.1431852512349,437.9365237158013,438.01152112700873,48857500
2021-11-17,438.9397888183594,439.9242836397509,438.3209528739824,439.7461325975495,47858300
2021-11-18,440.4305725097656,440.6931063478928,437.25201023461375,439.9711168325113,50625600
2021-11-19,439.6429748535156,441.5650945480242,439.2772873896782,440.31803734544474,57315600
2021-11-22,438.40533447265625,444.0029569483632,438.19905582510415,441.5182563851529,72762000
2021-11-23,438.9866638183594,439.8399060268832,435.4799553727706,438.0771663973215,73206500
2021-11-24,440.15869140625,440.2805872370219,436.17378507370955,436.98951426235885,61858800
2021-11-26,430.3417663574219,434.96425094373944,429.21660486222436,433.50155816840993,112669600
2021-11-29,435.6205749511719,437.4583119148909,432.92959581507233,435.1236348523177,86268800
2021-11-30,427.1444091796875,435.0860934508205,426.9006175423312,433.18271599479897,148559600
2021-12-01,422.40008544921875,435.68624501124225,422.2031922004538,432.8452422514508,131939200
2021-12-02,428.86962890625,430.43547509903107,422.2218717157111,422.61568676881933,127637800
2021-12-03,425.1379089355469,431.58874442702455,420.9185967447433,430.5292522904625,137331600
2021-12-06,430.17291259765625,432.0481622961489,425.2691243350437,427.6788270649763,98977500
2021-12-07,439.0711364746094,439.6337173289039,430.04180103603704,435.4425314547833,95484700
2021-12-08,440.2336730957031,440.68374339000826,437.7114595944113,439.46484235390875,72238800
2021-12-09,437.2614440917969,440.3368530852221,437.06455084489505,438.9491577219033,61272600
2021-12-10,441.3775329589844,441.52755637554407,437.4113979747184,439.9617388281514,77159800
2021-12-13,437.4677429199219,441.2088578538092,437.1864382259011,440.8619411504924,87724700
2021-12-14,434.4579162597656,436.6894683893485,431.5419161774256,434.20476780499797,97264100
2021-12-15,441.246337890625,441.49010093703475,432.00134036114184,434.5141971486355,116899300
2021-12-16,437.35516357421875,443.37469964954175,435.8080595359977,443.09342361388826,116568600
2021-12-17,432.7004699707031,437.2827414785998,430.9974086651927,434.28120719660683,135511600
2021-12-20,428.0993347167969,428.4945046145701,424.4862092214544,427.62887521925904,107134800
2021-12-21,435.70196533203125,435.8430974441347,429.3507618562461,431.5148641473523,69806300
2021-12-22,440.05841064453125,440.17131633051764,435.25029960943573,435.44791327448115,58890200
2021-12-23,442.79656982421875,444.29262786782226,440.95237627994055,441.0558636062711,56439700
2021-12-27,449.06304931640625,449.11008378457836,444.12322414632985,444.17025861450196,56808600
2021-12-28,448.696044921875,450.5214301033936,447.9339028188725,449.49583182545905,47274600
2021-12-29,449.27008056640625,450.28626060152465,447.8022490075834,448.7996209971791,54503000
2021-12-30,448.0279846191406,450.7001910745442,447.5669435079559,449.6934008752194,55329000
2021-12-31,446.89892578125,448.68666632067624,446.6260799179109,447.5387725895835,65237400
2022-01-03,449.4864501953125,449.61819265083415,445.8545162929149,448.15975083339737,72668200
2022-01-04,449.33587646484375,451.62233155714586,447.4822648058163,450.9072238974489,71178700
2022-01-05,440.7076721191406,449.74050080120287,440.61357447061033,448.96894028365364,104538900
2022-01-06,440.2936706542969,443.0035221624816,437.9319546066855,440.2466361867598,86858900
2022-01-07,438.5530700683594,441.4793440027696,437.1981439885324,440.3031948858767,85111600
2022-01-10,438.0072326660156,438.22362566846715,429.62364055153137,435.36325245373706,119362000
2022-01-11,441.9967346191406,442.0908322693714,434.75164626994354,437.7437907456816,74303100
2022-01-12,443.1916809082031,445.2429062617321,441.2345819172256,443.7280116585806,67605400
2022-01-13,437.0851135253906,444.9417931268879,436.0595152339108,444.2925567024861,91173100
2022-01-14,437.2638854980469,437.6120209390258,432.7286489573756,433.9424425259686,95890900
2022-01-18,429.5201721191406,432.7851627070061,428.4098944174529,432.5781593461344,109709100
2022-01-19,425.0601806640625,432.455790611051,424.7873060995941,431.0632487949444,109357600
2022-01-20,420.3556823730469,431.6372951914394,418.23861402309865,426.9421172395524,122379700
2022-01-21,412.10369873046875,421.58814926561837,412.0754723100945,419.2358518525332,202271200
2022-01-24,413.8537902832031,414.3618945596718,395.9010692318445,406.5052155318438,251783900
2022-01-25,408.80108642578125,413.7409112645625,401.9135523304981,407.47438716618876,167997300
2022-01-26,407.77557373046875,417.80577600170864,403.52260050405795,414.6819173184066,186391100
2022-01-27,405.7619323730469,415.50045053402,404.0777079047049,412.3672026513168,149878300
2022-01-28,415.8392639160156,415.88629839154174,402.54407064233396,407.11692430319016,164457400
2022-01-31,423.3289489746094,423.6770844746201,413.82565957531546,415.17116710249303,152251400
2022-02-01,426.1893005371094,426.8291186076498,420.5343677869096,424.053395889453,123155400
2022-02-02,430.3293151855469,431.0538124863708,426.2833462117449,428.58860927324656,117361000
2022-02-03,420.2145080566406,426.208158589354,419.37707621036856,424.30751219871513,118024400
2022-02-04,422.1904296875,426.0293671450485,417.6081293545503,419.97926396514714,118454400
2022-02-07,420.83544921875,424.3450587788941,419.5087499574974,422.95251700944823,84472900
2022-02-08,424.29803466796875,425.2201456654425,418.91597660458353,420.33677354523064,81012000
2022-02-09,430.50811767578125,430.82802671260504,428.1275935863995,428.32517855026134,92589900
2022-02-10,422.7738037109375,430.66810052892527,420.7790596867854,424.6744500762086,140103700
2022-02-11,414.43731689453125,424.92856160119305,413.00712986107493,422.85855631970986,153214600
2022-02-14,413.0823669433594,415.50995473639216,409.61979092657896,413.9292172567199,123006300
2022-02-15,419.7440185546875,419.9133771021189,416.99652213320917,417.5140448697904,88482700
2022-02-16,420.2145080566406,421.5882420080019,415.8298212683436,417.7022412323989,84863600
2022-02-17,411.2380676269531,420.18621676202645,410.63589438127366,417.03413227878895,102259100
2022-02-18,408.5753173828125,412.74358216810356,406.3076988713617,411.49214366579196,132642900
2022-02-22,404.1905517578125,409.7701941226827,400.69972185210696,406.37349056748224,124391800
2022-02-23,397.02081298828125,407.66260537056274,396.4562558034865,407.098048185768,132578000
2022-02-24,402.99560546875,403.4284488931798,386.3790008159794,386.7365259239518,213942900
2022-02-25,411.8873291015625,411.97200837339045,402.58162557598797,404.22823397331,121804500
2022-02-28,410.83355712890625,412.3108071724536,405.2539131340016,406.50532304240727,145615000
2022-03-01,404.5763854980469,411.34159579885494,401.8759236906789,409.3374336179091,137785900
2022-03-02,412.0190734863281,413.740942784039,406.0724579549326,406.8251817399771,117726500
2022-03-03,409.96783447265625,415.04879163986294,408.17067562721684,414.4466183746847,105501700
2022-03-04,406.63702392578125,407.7661096277124,402.60047290853925,406.2418252656333,113978200
2022-03-07,394.6496887207031,406.7593128666358,394.5838174926232,406.0536235461076,137896600
2022-03-08,391.6575622558594,401.9700272063481,390.5943191141427,394.82845492231417,164772700
2022-03-09,402.15826416015625,404.13420015154503,397.8394486342406,400.02238799071915,116990800
2022-03-10,400.34222412109375,401.2360799371363,395.5999843486872,397.55708322285636,93972700
2022-03-11,395.2518615722656,403.43783985789673,394.7437572588801,402.8262482347944,95636300
2022-03-14,392.3632507324219,399.4671781987032,391.2247467020312,396.0234396841189,95729200
2022-03-15,400.99151611328125,401.62191584683524,393.6993928949382,394.969610741959,106219100
2022-03-16,409.8831787109375,409.9396315604553,399.7024270341616,404.4917305799787,144954800
2022-03-17,415.0111999511719,415.0111999511719,407.5967527483876,407.9731146505722,102676900
2022-03-18,419.5566711425781,419.8775739934096,412.66663547827596,413.4028311487186,106345500
2022-03-21,419.4339904785156,421.38772166865976,415.93231566706595,419.3867810928451,88349800
2022-03-22,424.34197998046875,425.27637447242336,420.8214384644653,420.8214384644653,74650400
2022-03-23,418.8771667480469,423.3037890750717,418.79222440449075,421.8125310374547,79426100
2022-03-24,425.19146728515625,425.2009149244502,419.78326986493045,420.89699675804104,64736900
2022-03-25,427.2679443359375,427.54166664957455,423.247167191328,425.8238668662759,77101300
2022-03-28,430.3070983886719,430.3070983886719,424.7856157896072,426.6733001787727,68529800
2022-03-29,435.6302490234375,436.1210652814527,431.5056642298495,434.1861719638371,86581500
2022-03-30,432.94049072265625,435.30009656090095,430.83571194558033,434.48837717457803,79666900
2022-03-31,426.27691650390625,432.997068540125,425.8238618663555,432.1759304126346,121699900
2022-04-01,427.48504638671875,427.9947004651948,423.9173238184881,427.85312988784034,89048800
2022-04-04,431.1470642089844,431.25090181901925,426.86204176947047,427.68317979634264,59601000
2022-04-05,425.7011413574219,432.11925672118474,424.5591003737765,429.65584243367965,74214500
2022-04-06,421.44439697265625,423.71906006741074,418.5656898647818,421.7936427720497,106898000
2022-04-07,423.56805419921875,425.38024389891154,418.6223302828864,420.56664291276263,78097200
2022-04-08,422.4354553222656,425.32361011547357,420.89698794603316,422.8129864370016,79272700
2022-04-11,415.215087890625,420.00979376147524,414.7148526591951,419.1697603481383,89770500
2022-04-12,413.67657470703125,420.71762892299597,412.12865978994853,418.1975577653763,84363600
2022-04-13,418.41473388671875,419.16979621635505,413.25191527733693,413.4312476212873,74070400
2022-04-14,413.2047119140625,419.754979516138,413.10087428728497,418.6412237561914,97869500
2022-04-18,413.37457275390625,415.05461073103595,411.1470901663332,412.2797123367979,66002500
2022-04-19,420.04754638671875,420.76484688177004,413.1008527235854,413.27073740895713,77821000
2022-04-20,419.7360534667969,422.4354571159878,418.5751460041488,421.8219654514646,65224400
2022-04-21,413.4594421386719,424.73836604910855,412.5533618444505,423.3509170968134,85417300
2022-04-22,402.114501953125,413.47834025677906,401.5481909244776,412.3740611145033,132471800
2022-04-25,404.4458312988281,404.61571598232445,395.31886452951045,399.87763849644267,119647700
2022-04-26,392.73272705078125,402.1145203899857,392.70441293823944,401.9162927984164,103996300
2022-04-27,393.83697509765625,399.169705902769,391.7039115793856,393.8086609873536,122030000
2022-04-28,403.7851867675781,405.5124343696149,394.1485645985989,398.57518745115215,105449100
2022-04-29,388.86297607421875,401.9540624319965,388.11733269096055,399.8021034252902,145491100
2022-05-02,391.2037048339844,392.56283983474725,382.2749373532382,388.92904179526005,158312500
2022-05-03,392.99700927734375,395.4037953011167,390.1465874755705,391.7039501067172,100028200
2022-05-04,404.96490478515625,405.53121582781534,390.47692222902697,393.65766562044956,144247900
2022-05-05,390.5713195800781,401.1329155913623,386.4467339742489,400.7081751004019,172929100
2022-05-06,388.2400207519531,391.50570647733946,382.9450801949944,388.01350785652954,151770800
2022-05-09,375.80963134765625,383.5868812355381,374.23340232623997,382.35045035687074,155586100
2022-05-10,376.67803955078125,383.2754883521144,372.64784309050333,381.77478247387813,132497200
2022-05-11,370.6940612792969,381.3500488525497,369.94841780135306,375.71530920049423,142361000
2022-05-12,370.3070373535156,373.5727232304534,363.5208097766853,367.5038249274551,125090800
2022-05-13,379.1603088378906,380.53831045425517,373.3934177273955,374.43164996045624,104174400
2022-05-16,377.62188720703125,381.2840001806902,375.271728942545,377.5180783730131,78622400
2022-05-17,385.3896179199219,385.62557844782094,379.9719446127917,383.70013247510735,83029700
2022-05-18,369.85406494140625,381.12354537687986,368.6176337154046,380.84040418152983,117674500
2022-05-19,367.5887145996094,372.00591725890166,365.37068003419705,366.79589073865264,98510700
2022-05-20,367.749267578125,374.7336946022532,359.1697448163897,371.1659719805041,131432200
2022-05-23,374.6298522949219,375.3943621595535,368.45711634736125,370.7695124155736,76414900
2022-05-24,371.7700500488281,372.9592717368289,365.22920114781124,370.51472368444104,91448800
2022-05-25,375.0545959472656,377.0178039870792,369.8823587734453,370.2787563943249,91472900
2022-05-26,382.5487365722656,384.1815941900457,376.07399194481513,376.2816384117942,82168300
2022-05-27,391.93994140625,392.0531978674875,384.8044963104918,385.0026951176574,84768700
2022-05-31,389.7407531738281,393.0725149914447,387.00361655148845,390.3259307298854,95937000
2022-06-01,386.5883483886719,392.86489366619827,384.07772451690533,391.8550043373775,86585800
2022-06-02,393.9503479003906,393.99752849345634,384.18157442197986,386.42792368449955,79609600
2022-06-03,387.48492431640625,390.78837150030967,386.512768154437,389.24045670832646,71874300
2022-06-06,388.6647644042969,393.21406164588547,387.4943805595861,391.48684319664267,57508900
2022-06-07,392.3929748535156,392.8460295110228,384.71953261443264,385.18203491181913,59272400
2022-06-08,388.1268310546875,392.4685113875746,387.3340069805782,390.68463561799285,64350000
2022-06-09,378.89599609375,388.6175587452947,378.89599609375,386.3523433395128,86289800
2022-06-10,367.90960693359375,373.5537925681174,367.86242635422343,372.70434051304426,132893900
2022-06-13,353.9408264160156,360.3683895194282,352.3362831480851,358.5184668650851,170004900
2022-06-14,352.87420654296875,356.715650424304,349.77840591220803,355.6868660931428,104011800
2022-06-15,357.90496826171875,362.34100925128496,351.2225494582893,356.1682732930812,125666800
2022-06-16,346.0596923828125,350.1087829653544,343.63401132773026,349.70293778443306,134473300
2022-06-17,346.8057556152344,350.14245020385545,343.30795986691686,346.474006989018,111113900
2022-06-21,355.5361328125,356.9200870230244,352.4459063417937,352.521756092844,76811900
2022-06-22,354.8914794921875,358.99595685720385,350.90071887328156,351.3178056312109,90059400
2022-06-23,358.3703918457031,359.1002793406204,353.46966494173824,357.0243625508475,79292100
2022-06-24,369.7643127441406,369.77380119326506,361.507944524138,361.5363809433128,98050300
2022-06-27,368.3519287109375,370.9776545538821,367.2618273862305,370.68380190795756,66009600
2022-06-28,360.82550048828125,372.68398100101825,360.71175479299797,369.90658420443964,86548900
2022-06-29,360.5316467285156,362.3611241546952,358.71165775298255,361.3753088463661,65676000
2022-06-30,357.60260009765625,360.83500878132185,353.1568557172421,356.64519222936855,112508300
2022-07-01,361.3847351074219,361.82079880218214,354.33221338787916,356.9484798436387,74839700
2022-07-05,362.06719970703125,362.08617660456315,353.47905430233544,356.3038638558327,81438000
2022-07-06,363.29010009765625,365.7736442291068,359.8302001680812,362.2094581257224,70426200
2022-07-07,368.7310791015625,369.5273277554807,363.30898013880693,365.06263643850446,64525900
2022-07-08,368.4278259277344,370.2952282014979,365.5745794315864,367.10071569720793,72397800
2022-07-11,364.218994140625,366.72148571389,363.527002730403,365.7546185718872,58366900
2022-07-12,360.9960632324219,366.04848886653093,359.2518953418649,363.6692023712076,62219200
2022-07-13,359.1002197265625,362.02931552702955,355.1474128412304,355.56449960571507,84224600
2022-07-14,358.2281799316406,359.3087928722651,351.715979081912,354.1521096552973,89704800
2022-07-15,365.0721740722656,365.185919762693,360.72122784420594,362.6265260152687,79060400
2022-07-18,362.05780029296875,368.82592927824663,360.83497625525047,368.1529146526756,63203600
2022-07-19,371.8402099609375,372.40896719895636,365.3185509399986,365.9725884962962,78506000
2022-07-20,374.21014404296875,375.62256366890966,370.66493462160037,372.02994091898177,71843800
2022-07-21,378.020751953125,378.06813634762244,371.2336461823122,373.63188089355765,64903900
2022-07-22,374.5133972167969,379.3383025244326,372.29526973672574,378.143943990978,72197300
2022-07-25,374.96844482421875,375.8215664094441,372.73134023128426,375.13906335562353,53631500
2022-07-26,370.5321960449219,373.5370840827539,369.64114957187473,373.328540675696,52946400
2022-07-27,380.1535339355469,381.8977018374365,373.52755888438156,373.8214115297532,82342100
2022-07-28,384.9216003417969,385.61356292258694,377.4140666940386,380.95930457713075,73966600
2022-07-29,390.5332336425781,391.5190777399874,385.5850941133151,386.35290637404563,87003700
2022-08-01,389.3768005371094,391.8793213752261,387.1302364241008,387.8411758992656,69997500
2022-08-02,386.8079528808594,391.4906766053588,385.63254218875403,387.8127450392465,63435400
2022-08-03,392.8652038574219,394.0311261963377,388.64695098882254,388.9313152353376,67820600
2022-08-04,392.5997314453125,393.4718009620609,390.9598207163616,392.78929793981433,45656600
2022-08-05,391.93621826171875,392.58079648264055,388.26777497334547,388.3246478205913,56814900
2022-08-08,391.4811706542969,395.87004150956847,390.3815808280443,393.62347746477167,53886100
2022-08-09,389.9265441894531,391.25362520037476,388.85539093228897,390.75122921309026,44931800
2022-08-10,398.1166687011719,398.25887975700465,395.0169826060676,396.96969430070163,68665700
2022-08-11,398.1166687011719,402.81836986156515,397.37729270930276,400.96042696654627,59489700
2022-08-12,404.8562927246094,404.96054995020353,399.10241628589347,400.0503354779772,61694500
2022-08-15,406.524658203125,407.04603117644456,402.59079888321116,402.64767172710765,54048300
2022-08-16,407.3209533691406,409.24522847882577,404.64781387838514,405.45355110579476,59289000
2022-08-17,404.4297180175781,407.13129350400095,402.4296224053403,403.7282670715911,63563400
2022-08-18,405.6051940917969,406.28766820146114,403.33965312992564,404.628809463559,49023200
2022-08-19,400.1546630859375,403.11216664311075,399.28256461046794,402.84675039895933,68016900
2022-08-22,391.82244873046875,395.5003802457015,390.9219138235221,395.3297327861423,77695600
2022-08-23,390.87451171875,393.7846307828097,390.3247023494631,391.39585573923233,49105200
2022-08-24,392.1258544921875,393.49083189627123,389.9645992874297,390.6470735253685,49177800
2022-08-25,397.6616516113281,397.7090360070508,392.52391605971974,393.614017515164,50942300
2022-08-26,384.201171875,398.0881839321778,384.1442990308555,397.547891912805,103087000
2022-08-29,381.6607666015625,384.70357956798847,380.30524889484775,381.2531682301508,65370800
2022-08-30,377.4709167480469,383.0541750206006,375.3760233037477,382.81719520790887,85652400
2022-08-31,374.59881591796875,380.3432056947494,374.4661222324606,379.10143348107545,76029700
2022-09-01,375.7741394042969,376.1153764284115,369.7264103214383,372.42798580847113,78740100
2022-09-02,371.81182861328125,380.6464427581479,370.00129941700374,379.43310730382876,99632100
2022-09-06,370.4089660644531,373.5939611226999,368.1908383071308,372.6555302445026,76637400
2022-09-07,377.0633239746094,377.8311362647998,369.8781086762223,370.0961115930664,70964200
2022-09-08,379.5279235839844,379.98290632149366,373.59393967123003,374.79781566335777,80821700
2022-09-09,385.4240417480469,386.2866518911624,381.4996414658426,381.7650577461701,76706900
2022-09-12,389.56634521484375,390.28677304617617,387.1870588242466,387.4903999035653,69256300
2022-09-13,372.6270751953125,382.10626800654813,371.5085373863549,380.90239200547273,122947100
2022-09-14,374.0489196777344,375.56559617352946,370.7501504689949,373.92568555402255,85023700
2022-09-15,369.8022766113281,375.33812191068284,368.53206820723454,372.49436398050875,87633800
2022-09-16,366.9810485839844,367.6378019325583,363.69728184111455,365.6294902775206,103084800
2022-09-19,369.8269958496094,369.8269958496094,363.7639505998914,363.84011191988435,73278500
2022-09-20,365.58197021484375,367.51415006942193,362.8312448574466,366.505230286068,77274900
2022-09-21,359.20477294921875,370.55036925173334,359.1952455228189,367.504555601014,106746600
2022-09-22,356.18756103515625,360.0709463739704,355.4451478506608,358.4338263970015,89472600
2022-09-23,350.2196350097656,352.76095967141856,345.7841825636604,352.7228790149844,122346900
2022-09-26,346.7550354003906,352.37072699861113,345.53671576875286,348.753848761664,92581200
2022-09-27,345.8698425292969,352.5515599107997,343.48078239742836,350.2862401271678,108294100
2022-09-28,352.6752624511719,354.3599609694806,345.1273924881979,346.8216184313589,110802200
2022-09-29,345.3082580566406,349.42006827966514,342.36715927302765,349.13453598884,112952300
2022-09-30,339.9686584472656,348.27799879138144,339.83541969328155,344.3660311283521,153711200
2022-10-03,348.9442443847656,350.7907644280534,341.90083208876825,343.6807182327434,89756500
2022-10-04,359.7568054199219,359.7853586515844,348.90614168269303,354.4551993806732,103602800
2022-10-05,358.919189453125,361.1749817964111,353.0750722691506,355.3974984990643,88065700
2022-10-06,355.2167053222656,360.47070383972516,354.72174385776447,357.5200770483229,82333500
2022-10-07,345.3082580566406,355.3022948939197,343.5473981378096,351.19045562386657,107789500
2022-10-10,342.6717834472656,346.65988314467035,340.43504562807703,346.42192984075376,76042800
2022-10-11,340.50164794921875,345.5367479558779,338.56946829764377,340.9775545535183,92482800
2022-10-12,339.3785400390625,342.4814606200205,339.1310592917608,340.9109745209168,76991800
2022-10-13,348.3350830078125,349.8008834901985,331.3356839052994,332.3826842498608,147254500
2022-10-14,340.39697265625,352.41837848921915,339.7592450066515,350.7907569397952,123737000
2022-10-17,349.14410400390625,350.24821073516875,340.0637984886666,346.4695113964719,93168200
2022-10-18,353.2464599609375,357.3583002169347,349.8103989866183,357.05371300233446,97162900
2022-10-19,350.7431640625,353.93174409065676,347.93530350478727,351.2095432352664,79746900
2022-10-20,347.80206298828125,354.7122360773966,347.0405950042413,350.2958089110657,88283100
2022-10-21,356.254150390625,356.7395553428867,346.0221590756883,347.5260110650035,131038400
2022-10-24,360.6134338378906,361.7460937798273,355.1309809456278,357.77704931693273,85436900
2022-10-25,366.3719482421875,366.6860338162217,360.4231157662592,360.5373287022716,78846300
2022-10-26,363.6116638183594,368.9037428227225,362.97396524839513,363.23094435236135,104087300
2022-10-27,361.66998291015625,366.44807462100994,361.05128110498777,364.6110821532887,81971800
2022-10-28,370.2744140625,370.75032073120525,361.38448097673046,361.5653278346015,100302000
2022-10-31,367.59979248046875,369.68426585196175,366.6955873080766,367.81871998807645,96631300
2022-11-01,365.9912109375,371.57837896955164,364.8204992604764,371.3404256632253,85407600
2022-11-02,356.8062744140625,369.9032357188449,356.70158888563316,365.4011480085662,126990400
2022-11-03,353.1322326660156,356.1685191668986,351.01920615203176,353.5700586148132,87100100
2022-11-04,358.21490478515625,360.61346359996287,352.170885136249,358.8335775577456,103505200
2022-11-07,361.64141845703125,362.231537963315,357.4343915475703,359.50933724612685,68286900
2022-11-08,363.5926513671875,366.5623039769019,359.5188919325988,362.74552365571884,84641100
2022-11-09,356.10186767578125,362.77408732506177,355.6069062348671,361.6223724698831,78495500
2022-11-10,375.671142578125,376.00428299719744,367.0572450041489,369.35108918360226,141455800
2022-11-11,379.3070983886719,380.1066180137116,374.64319033872147,376.5277909851231,93839900
2022-11-14,376.0804138183594,380.89658611860307,375.8043798668183,377.5462142284,71903500
2022-11-15,379.2879638671875,382.9238966019307,375.48071175885616,381.8197900048712,93194500
2022-11-16,376.39453125,378.61224316456577,375.76633106956126,377.6604299906343,68508500
2022-11-17,375.24285888671875,375.9186672305997,371.3404476693323,371.64500584373235,74496300
2022-11-18,376.94659423828125,378.6408206344442,374.1006819611119,378.5741867367159,92922500
2022-11-21,375.57586669921875,376.7466070791755,373.73887468559207,375.62347477471184,51243200
2022-11-22,380.6300964355469,380.7919174617573,376.1089836932025,377.5176776993283,60429000
2022-11-23,383.0286560058594,383.51406095455076,380.06850204043604,380.29692789864373,68261600
2022-11-25,382.9429626464844,383.4950305265415,382.191051189936,382.4670560829331,30545400
2022-11-28,376.83233642578125,381.4962149118125,376.0708685003482,379.8590951809206,67881600
2022-11-29,376.1851501464844,378.15538144006086,374.34812855248094,376.96561491269216,52310000
2022-11-30,388.03521728515625,388.03521728515625,374.519486615748,376.4326114888511,144566700
2022-12-01,387.7496643066406,390.24341023181614,385.2463909544575,389.0726695441886,76398200
2022-12-02,387.3023376464844,388.2065428165103,382.76219884695456,382.86688436312187,85342700
2022-12-05,380.3349914550781,385.41766990087285,378.98343312541476,384.4849116571129,77289800
2022-12-06,374.8525085449219,380.7156802284318,372.76806475628393,380.1731688832667,77972200
2022-12-07,374.2148742675781,376.5753814167961,373.0822142567911,374.0054742055746,65927900
2022-12-08,377.1464538574219,378.2124799961138,374.3195674856605,376.09948257287107,60737900
2022-12-09,374.32916259765625,378.46002915553373,374.2054222114992,375.90917628427945,81447700
2022-12-12,379.7259216308594,379.7259216308594,374.4528678993267,375.119119770537,75405800
2022-12-13,382.600341796875,390.70977956297014,379.8400894083029,390.45280046353844,123782500
2022-12-14,380.1541442871094,385.96020997530553,377.2130453095627,382.25764309363365,108111300
2022-12-15,370.85498046875,376.20416598654884,369.1988348015829,375.2999318308924,117705900
2022-12-16,366.47650146484375,369.6414670502064,364.3442305750056,368.3028157600909,119858000
2022-12-19,363.3689880371094,367.00250429400353,361.70523742151596,366.6678340994925,79878100
2022-12-20,363.8662414550781,365.482194633709,361.2941043449694,362.61364283927566,74427200
2022-12-21,369.30694580078125,370.4352358837999,365.92204637130624,366.4575070608886,78167400
2022-12-22,364.0383605957031,369.28780122976565,358.3490543275083,366.2662563964438,100120900
2022-12-23,366.1324157714844,366.2758375341586,361.46623322301946,363.0152466207401,59857300
2022-12-27,364.6885986328125,366.36192075609665,363.0152765095284,366.01770849733794,51638200
2022-12-28,360.1562194824219,366.59134742365524,359.92674469166934,364.6215818081712,70911500
2022-12-29,366.63922119140625,367.50935219451696,362.47024348311885,362.99616222851824,66970900
2022-12-30,365.6734313964844,365.8168531569802,361.84869548769285,363.961883087202,84022200
2023-01-03,364.1339416503906,369.4981190554035,361.2749320892196,367.52838265402187,74850700
2023-01-04,366.9450988769531,368.972203833434,363.34983850558666,366.39049594030786,85934100
2023-01-05,362.7570495605469,365.1092537639918,362.16422021646383,364.9945163658359,76970500
2023-01-06,371.07586669921875,372.1946147969525,362.7857679206914,365.845539153224,104189600
2023-01-09,370.8654479980469,376.4495872696216,370.68379991549534,373.2654787600865,73978100
2023-01-10,373.46630859375,373.5332484725184,369.34515816722075,370.2822289287242,65358100
2023-01-11,378.1898193359375,378.26633038365287,374.2312334389066,375.0439955334967,68881100
2023-01-12,379.5667419433594,381.0297021014003,375.2256881711222,379.2894696301709,90157700
2023-01-13,381.0392761230469,381.61299228704434,376.10536380133436,376.3730941204777,63903900
2023-01-17,380.34130859375,382.6935423019026,379.6624261074559,381.0202202604648,62677300
2023-01-18,374.3364562988281,382.58832869980466,374.1356658339176,381.52697849057256,99632300
2023-01-19,371.6113586425781,373.94442072442195,370.2918200719056,372.2997830998825,86958900
2023-01-20,378.53411865234375,378.6871115907864,371.36273880270227,373.0073764154368,91806400
2023-01-23,383.0759582519531,385.0074392135379,378.3810918291715,379.3372757234957,84178800
2023-01-24,382.6647644042969,383.5731214964874,380.2169362364954,381.40259479828296,59524900
2023-01-25,382.8082275390625,383.1428977378186,376.31573073269413,378.6010242444025,84800300
2023-01-26,387.01544189453125,387.17800600043023,382.5022526217131,385.46642861189923,72287400
2023-01-27,387.9046936035156,390.2760402786123,385.7628509166012,385.97321255052447,68346200
2023-01-30,383.0377197265625,387.37880296998725,382.7413050405992,385.1508780562935,74202000
2023-01-31,388.66961669921875,388.7174142189188,383.20978597821664,383.554027333468,86811800
2023-02-01,392.80029296875,395.5445649835094,384.7205573752073,387.4552290338302,101459200
2023-02-02,398.518310546875,399.98127069479483,394.78919930515946,396.6824246845757,101654500
2023-02-03,394.28240966796875,398.69997431086017,393.07760869975664,393.55570061661354,94736800
2023-02-06,391.8728942871094,393.268944002585,390.2187145648804,391.8346679352162,60295300
2023-02-07,396.9980163574219,398.24104381969875,389.7118993305467,390.9549267928235,90990700
2023-02-08,392.6568908691406,396.36688886374986,391.96843733219856,395.0282373142556,76227500
2023-02-09,389.2529296875,396.4051963035193,388.0290153704697,396.2522033663381,78694900
2023-02-10,390.16131591796875,390.5437836705012,387.2640796514173,388.0768126828916,70769700
2023-02-13,394.7413635253906,394.8752432701656,390.3524831825662,390.81146193268944,64913500
2023-02-14,394.55975341796875,396.86413102531327,390.61070909281807,393.2210725630297,88389300
2023-02-15,395.8410339355469,395.91751581058026,391.5286350725414,392.3700815999979,61555700
2023-02-16,390.3907165527344,394.81785216860595,390.25686599597043,390.8783796232902,76431500
2023-02-17,389.4154357910156,389.65448174842203,386.34606468801917,388.26800352329917,89257800
2023-02-21,381.60345458984375,386.4513142893378,381.34529542458307,385.39950609313314,82655900
2023-02-22,381.0775451660156,383.55405800104023,379.624126941612,382.01458672604707,83742300
2023-02-23,383.1046447753906,384.577176151522,378.88787027584414,383.965204449082,96242400
2023-02-24,379.0121765136719,379.84405183245593,376.3922419822525,378.0942481460913,108194400
2023-02-27,380.30303955078125,383.7070519585176,379.365968807818,382.3492579579314,80444700
2023-02-28,378.8974304199219,381.78509520813367,378.7922350201957,379.82492994288907,96438600
2023-03-01,377.4440612792969,379.30863174384257,376.1436650512144,378.0847173960627,99706800
2023-03-02,380.3794860839844,381.22093252105213,375.13958820432623,375.47425838003477,85127800
2023-03-03,386.4799499511719,386.7285670881584,381.54603781817946,382.1962358283126,90120000
2023-03-06,386.7476501464844,389.5970882825508,386.3078137833375,387.302223893025,72795900
2023-03-07,380.8193664550781,386.93896700217493,380.20742390861926,386.699921017692,108310600
2023-03-08,381.4409484863281,382.1963128648765,379.21302334137835,380.9341721144572,74746600
2023-03-09,374.4033508300781,383.8887075845493,373.4184826190144,382.22492782127654,111945300
2023-03-10,369.0009765625,375.9333106680976,367.4806474809918,373.85837851710613,189253000
2023-03-13,368.4750061035156,373.2846390345943,363.9713881978472,365.0805650006383,157790000
2023-03-14,374.56591796875,376.21055539266825,370.0909552792131,373.38980130348455,149752400
2023-03-15,372.2232360839844,372.4240265155613,366.8972852061237,368.98178810972763,172996900
2023-03-16,378.75396728515625,379.0982086417623,369.3642641428275,369.8710404113854,143254200
2023-03-17,374.3253173828125,378.55818505074,372.9431553160695,377.4255889740926,140553400
2023-03-20,377.9247131347656,378.33746367070916,374.40214170963634,375.1028011958168,93055800
2023-03-21,382.8870849609375,383.3670015855469,379.69082383763816,381.28415054635593,91524200
2023-03-22,376.3601989746094,386.3232727268631,376.3218267349629,382.71431965042825,111746600
2023-03-23,377.3775939941406,383.25176789780386,374.6708576136584,379.2204571484992,119351300
2023-03-24,379.85394287109375,379.9403243336123,373.7589969312936,376.10099199884445,107682400
2023-03-27,380.5642395019531,382.89665633801565,379.67160169490063,382.1287722364247,74010400
2023-03-28,379.7099914550781,380.564227707631,377.8767066648121,379.87314668350865,62871700
2023-03-29,385.2290954589844,385.4690537806492,382.6663276952182,383.86611930354206,77497900
2023-03-30,387.4846496582031,388.1085353397573,385.6225710265115,387.8589693504225,69840000
2023-03-31,392.94610595703125,393.2436518891425,388.3004877505952,388.4060846284512,112062600
2023-04-03,394.4434509277344,394.84656445369103,392.03426030988214,392.42779542260035,67391100
2023-04-04,392.2550354003906,395.3744932102715,390.8824517022873,395.0865256835199,66601500
2023-04-05,391.22802734375,392.28384974684195,389.57711302940226,391.5255732993779,65200200
2023-04-06,392.75421142578125,393.0325712994046,389.38518698879676,390.4314018268695,63743300
2023-04-10,393.1572570800781,393.23406013832266,389.66347951634174,390.27775752337686,63681000
2023-04-11,393.2629089355469,394.6642573806665,392.4950539964702,393.7812271299072,59297900
2023-04-12,391.6599426269531,395.6144801885437,391.07445840947173,395.32651264091214,86420400
2023-04-13,396.8622741699219,397.21740780284637,391.602377161458,392.744581127332,85814800
2023-04-14,395.8927917480469,398.4171577397506,393.58919793642514,396.22873922494233,78161500
2023-04-17,397.3133544921875,397.3325406110166,394.577824032139,395.8064093482449,66436400
2023-04-18,397.5725402832031,399.0218979297028,396.1999857035815,398.8875072085601,63560000
2023-04-19,397.50531005859375,398.4075262603893,395.60482989922565,395.66241754419593,55227300
2023-04-20,395.33612060546875,397.08302413683805,393.79077385332334,394.69301944461137,75840400
2023-04-21,395.6432189941406,396.10392013942635,393.6947589557848,395.63361128968654,73457400
2023-04-24,396.05596923828125,396.4782981802782,394.1075090570705,395.44166194381876,64332100
2023-04-25,389.7690734863281,394.6450428024144,389.7114858346393,394.0883231137075,97766700
2023-04-26,388.1181640625,391.4583943618871,387.56147365849546,390.3833857943013,80447000
2023-04-27,395.8448486328125,396.11360078097556,390.4025810177756,390.65214704527966,92968400
2023-04-28,399.223388671875,399.2329963765921,394.904139565875,394.9617272106124,89433100
2023-05-01,398.8203430175781,400.8455772162606,398.589963107647,398.78194148395835,62122300
2023-05-02,394.337890625,398.1580375216088,391.4392047424731,398.11002828382885,103998500
2023-05-03,391.6311340332031,397.24616414474065,391.39117573178515,394.83697342513307,91531800
2023-05-04,388.8572692871094,390.91129731617235,387.5230869408355,390.58495750937874,94901900
2023-05-05,396.05596923828125,397.1021838881152,392.22624422840113,392.48538864162396,87891800
2023-05-08,396.1615295410156,396.64144612156804,394.76018132750204,396.3823017131118,50046800
2023-05-09,394.4242248535156,395.53763480997924,394.1938742734827,394.6162031980649,49220100
2023-05-10,396.26708984375,397.8892100796329,392.4469436701226,397.2557167367632,96142900
2023-05-11,395.5760498046875,395.8639880395315,393.5028066384593,395.4032868637811,70157100
2023-05-12,395.0577087402344,397.0253842033069,392.6389398327061,396.8142197460938,70481500
2023-05-15,396.4207458496094,396.82385941720236,393.75241054660967,395.66246936913564,54289400
2023-05-16,393.7716064453125,396.2383850257728,393.7619987390595,395.31692397910456,57705500
2023-05-17,398.55157470703125,399.1562450551422,394.14594356293253,395.7872502342352,87287000
2023-05-18,402.3908996582031,402.8132286270494,398.0140624281471,398.23480532655367,97177200
2023-05-19,401.8053283691406,403.82098374117817,400.58635087495577,403.29308725192675,103793300
2023-05-22,401.9685974121094,403.5043365562108,400.5864351115969,401.8246282749285,60745400
2023-05-23,397.4573059082031,401.90133808318683,397.06377080135275,400.3271976557855,86383500
2023-05-24,394.5777893066406,396.2383111304324,393.41639944632345,395.8543837451471,89213700
2023-05-25,397.99481201171875,399.4441694496832,395.84479511708275,398.0811934806872,90961600
2023-05-26,403.1491394042969,403.86901432087706,398.5707454798897,398.6475192492727,93830000
2023-05-30,403.302734375,405.60632835331285,401.920572129655,405.07843177412394,72216000
2023-05-31,401.0663146972656,402.3812815149699,399.50178187032054,401.4790359496369,110811800
2023-06-01,404.8768310546875,405.93265339027886,400.04887142591303,401.29664281865877,88865000
2023-06-02,410.7318115234375,411.51885243910056,406.92127277329087,407.4491692853337,91426200
2023-06-05,409.9447937011719,412.3635629860605,409.2441048720611,411.0773899248413,65460200
2023-06-06,410.83740234375,411.3652988856477,408.8793344192004,409.53204325524,64022200
2023-06-07,409.4168701171875,412.36356528982583,408.99454113451293,411.2309690598289,85373300
2023-06-08,411.89324951171875,412.34437231335727,408.71620378018724,409.48405866767195,61952800
2023-06-09,412.63232421875,414.63837227354514,411.6436971048215,412.6899118726264,85742800
2023-06-12,416.37567138671875,416.45247445367045,412.89150113320926,413.6113761039967,76104300
2023-06-13,419.12078857421875,419.76386044542505,417.1723282571571,417.8346155400201,95899700
2023-06-14,419.6199035644531,421.42439480568777,416.1741056268984,419.45674831132544,100612100
2023-06-15,424.8221740722656,426.0699454976172,418.7080413628314,418.8040012480244,110303100
2023-06-16,423.3751525878906,427.3732510116979,422.9030966686289,426.80484934957235,114165800
2023-06-20,421.1785888671875,422.32503554227975,419.1072877770987,421.4387253030806,76160400
2023-06-21,419.02056884765625,420.9955241203809,418.43288044222425,420.19591625792975,76982300
2023-06-22,420.5331115722656,420.6390713007603,417.72961825633774,418.06681362984074,70637200
2023-06-23,417.3538818359375,419.13617505158805,416.6409763099136,417.0841314152319,92074500
2023-06-26,415.6487121582031,418.7026693868189,415.40786249787595,416.7855154988048,72823600
2023-06-27,420.2055358886719,420.82209563920264,416.07254809930254,416.52534656947205,72813700
2023-06-28,420.41754150390625,421.4290983033547,418.5100016357142,419.1265614695,75636000
2023-06-29,422.0745849609375,422.2383756741101,419.5986726779713,420.00328366247703,67882300
2023-06-30,427.0553283691406,428.0379843526411,424.96474047999936,425.28267848094407,104964000
2023-07-03,427.54669189453125,427.82605633249915,426.4291459408796,426.70853977944085,32793400
2023-07-05,426.91082763671875,427.6430199831629,425.7258367708566,425.7354801650757,58418400
2023-07-06,423.56787109375,423.9917688689175,421.063028622468,423.3366648166022,80658300
2023-07-07,422.4984436035156,426.438769743823,422.2575939538954,422.5755319557256,86134200
2023-07-10,423.56787109375,423.74127580161087,421.5736287515659,422.14203044995077,62443500
2023-07-11,426.2653503417969,426.7566930521444,423.3558970583311,424.32893908451956,64463800
2023-07-12,429.6949768066406,431.101559747161,428.6256186127397,430.0514589385291,91924500
2023-07-13,433.1054382324219,433.8954320784897,431.0726814584312,431.5061931540125,72425200
2023-07-14,432.8357238769531,434.83958003816,432.07463074719146,433.991813962652,69815800
2023-07-17,434.3386535644531,435.3887545883977,432.64306249429234,432.6912500682276,52680200
2023-07-18,437.56597900390625,438.2114395521847,433.57749499281715,434.01103608987984,80668200
2023-07-19,438.5390930175781,439.72405458332963,437.48896257877516,438.35604491544507,65891700
2023-07-20,435.6296081542969,438.442745236727,434.91670253914305,437.5467915202886,70591600
2023-07-21,435.6296081542969,437.5467915202886,435.6199941598992,437.34445662901965,71275600
2023-07-24,437.5756530761719,438.38490436691495,435.74517222742827,436.7760157789645,54023400
2023-07-25,438.7702941894531,440.0227007047043,437.2577512159894,437.3059387900186,55191200
2023-07-26,438.8376770019531,440.26348802035136,436.7856334140258,437.8357342912967,71052900
2023-07-27,435.92822265625,442.6238546795818,435.02262562113657,442.2192143317386,92194400
2023-07-28,440.1960754394531,441.0245840745933,435.92819754722996,439.1941327220315,80011800
2023-07-31,441.0342712402344,441.39072403261815,439.35793761574195,440.6681750532694,62040400
2023-08-01,439.772216796875,440.51402315707037,438.81843216166044,439.5698819163366,55291500
2023-08-02,433.6546325683594,436.9205386548979,432.9031828085776,436.66043160748643,93933400
2023-08-03,432.41180419921875,434.29044314301314,430.995607146359,431.6410971149184,64276100
2023-08-04,430.4561462402344,436.3232404604835,429.9359027397443,434.2230384704291,100128900
2023-08-07,434.21337890625,434.36752621178806,431.59293351328745,432.28658168791264,58357500
2023-08-08,432.32513427734375,434.2037733620173,428.9724964679823,431.67964426037906,71361300
2023-08-09,429.4349670410156,432.75870428928835,428.6738738420237,432.59491357535535,78789600
2023-08-10,429.58905029296875,435.1671361209915,428.4233462814403,431.7855978075418,93005500
2023-08-11,429.3385925292969,430.3501787286785,427.1227874459535,427.72008989099777,68690900
2023-08-14,431.70855712890625,431.70855712890625,428.11509896255956,428.4233935882657,47867400
2023-08-15,426.6795959472656,430.29234049304716,426.1111649328765,429.9358583347008,75707500
2023-08-16,423.5485534667969,427.9223617239687,423.44256433778145,426.2653150386881,80107200
2023-08-17,420.3211975097656,425.27305119137833,419.8009540161682,425.01294414487614,95711300
2023-08-18,420.5234680175781,421.5543115245304,417.1612164787308,417.5080258452247,98852000
2023-08-21,423.2595520019531,424.00135836533855,419.3867000805202,421.5350602162778,68719000
2023-08-22,422.11309814453125,425.0321947779214,421.55433988295033,425.0321947779214,64994200
2023-08-23,426.8144836425781,427.43107286328376,423.0283341735705,423.1728380844883,68441000
2023-08-24,420.8992614746094,428.9243595057039,420.87033128977225,428.4137593836846,88517300
2023-08-25,423.86651611328125,425.14782341445994,419.07842352366526,422.62372359066535,102325100
2023-08-28,426.554443359375,427.171003275981,423.86655259327574,426.0534571889985,61595400
2023-08-29,432.7201232910156,432.999517120143,426.26534084235647,426.4483889303442,83081900
2023-08-30,434.5024108886719,435.1382574911251,432.35402143192493,433.05731299234867,69053900
2023-08-31,433.8665771484375,436.2557869248091,433.6835290574293,435.11898360214246,66084600
2023-09-01,434.67578125,437.06502016743536,433.2210400744053,436.5833209067049,58944100
2023-09-05,432.79718017578125,434.55057269413254,432.72976461783867,434.23266409054196,55166200
2023-09-06,429.8877258300781,432.093916863234,427.56593166865076,431.9879277285903,70758500
2023-09-07,428.56787109375,429.24223247025344,426.5447281630559,426.8915375451562,70355400
2023-09-08,429.21331787109375,430.74511806057524,428.2595627004295,428.6160154651993,61659700
2023-09-11,432.0361022949219,432.34436749416994,430.12856253408137,431.83376742594476,60180100
2023-09-12,429.6661071777344,432.1131477113599,429.08809157187744,430.5909909482861,67565400
2023-09-13,430.1671142578125,431.3231749266096,428.78943192828973,429.8877204342684,60199300
2023-09-14,433.8761901855469,434.5698383708397,431.332833106535,432.6334271290332,83430800
2023-09-15,428.648681640625,432.62223173023705,428.2136407942197,432.29352436707654,111848900
2023-09-18,428.900146484375,430.1956508895868,427.86566664070887,428.3393877167999,55752200
2023-09-19,428.01055908203125,428.57131769081076,425.3325428427861,427.9815563611836,66514600
2023-09-20,424.07574462890625,429.6831540306982,423.87269606637597,429.26743850526196,82562600
2023-09-21,417.0664978027344,421.49441429318694,416.91180676973505,421.233389771168,104095800
2023-09-22,416.1286926269531,419.6864977783781,415.71294757869936,418.091288955446,100829700
2023-09-25,417.87860107421875,417.9172517040119,414.485134786977,414.920205158679,70874500
2023-09-26,411.7394714355469,415.54865360911657,410.90801075336816,414.84288124552415,96168400
2023-09-27,411.9037780761719,413.4700137261174,408.2686420542666,412.90925504168933,104705800
2023-09-28,414.2917785644531,415.964347748709,410.76297593705533,411.3527373620953,92258300
2023-09-29,413.28631591796875,417.5112133076614,411.7684378270295,417.3371969608053,115111300
2023-10-02,413.12200927734375,414.3691856249788,410.36663202274156,412.4549170103042,83798600
2023-10-03,407.5919189453125,413.1800040858978,406.2287317175528,410.9467055118216,103760600
2023-10-04,410.5599365234375,411.30435944495287,406.59606370497346,408.0559363281981,87453000
2023-10-05,410.4052429199219,411.2463514179395,407.1858225474584,410.269877205424,70142700
2023-10-06,415.2779235839844,416.81512702154566,406.6347574601129,407.9592644123595,113273300
2023-10-09,417.9366149902344,418.5070215863633,412.8319288458573,413.3829806224,80374400
2023-10-10,420.11187744140625,422.70288570856627,418.1686064888882,418.5649967058061,78607300
2023-10-11,421.8327941894531,422.08414129890025,418.79703802262225,421.17537943505704,62451700
2023-10-12,419.2610778808594,422.81888280363904,416.91176888328704,422.4418474172078,81154200
2023-10-13,417.17291259765625,421.95856963079916,415.6067061516977,420.7597212674763,95143100
2023-10-16,421.5621032714844,422.6255856986061,419.1741138914331,419.4158131019472,75433200
2023-10-17,421.5427551269531,423.5923892481788,418.09131276942526,418.4393454760135,75324700
2023-10-18,415.9256591796875,420.73064064200355,414.8428514424272,419.77352121429993,93559800
2023-10-19,412.2711486816406,418.44899434083845,411.5944086302288,416.64108906158174,121323000
2023-10-20,407.2051696777344,412.3775387523352,407.09880668145956,411.8361348739324,123919900
2023-10-23,406.4993896484375,410.35692908932583,403.92770652261123,405.67760643648245,92035100
2023-10-24,409.56414794921875,410.7146385432617,406.7700909338865,408.61667642933105,78564200
2023-10-25,403.6860046386719,407.91093157015536,403.17360349885,407.88192884542195,94223200
2023-10-26,398.8520202636719,403.47330792914914,397.9335809780985,402.6225515026816,115156800
2023-10-27,397.04412841796875,400.8339851009318,395.62293584989493,400.43759484678344,107367700
2023-10-30,401.7911376953125,402.84494282186495,398.5330367205683,399.82854108268697,86562700
2023-10-31,404.314453125,404.63348310254605,400.45691364342605,402.361504611754,79665200
2023-11-01,408.6263427734375,409.43844855236455,404.74947812853236,405.28123407598383,98068100
2023-11-02,416.4573974609375,416.612088488878,412.3968391143164,412.41616442869764,94938900
2023-11-03,420.2569580078125,421.80383898984763,418.63274625361095,418.7584345746445,100167800
2023-11-06,421.2237243652344,421.66844265759465,419.28045324415575,421.01102787683624,67831700
2023-11-07,422.4225158691406,423.0606052933152,420.0828841514639,421.22369728667144,64256100
2023-11-08,422.7319641113281,423.5440700044392,420.43098266202935,423.0219913930459,61746000
2023-11-09,419.4351806640625,423.91145521433583,419.00978765036695,423.8727750755541,83174400
2023-11-10,425.9803161621094,426.2896982135309,419.4254351571336,421.5040718428815,89462200
2023-11-13,425.5743408203125,426.67647397269064,423.863120884433,424.64622403342025,52236100
2023-11-14,433.83074951171875,435.1165763059157,431.2783917339626,431.50076562505876,97176900
2023-11-15,434.74920654296875,436.3927730128096,433.8984205823122,435.16492211328534,77327600
2023-11-16,435.28094482421875,435.59997479434537,433.24098818272,434.30447059030485,66665800
2023-11-17,435.8223571777344,436.43144390959674,434.37216191303287,435.2906012114316,83133200
2023-11-20,439.1771545410156,440.0182630951851,435.5613141930735,435.57099160312566,69936200
2023-11-21,438.2200012207031,439.0514618608499,436.9534996970191,438.13299304399567,49244600
2023-11-22,439.9118957519531,441.22675482120695,438.8194400859089,439.8732451207241,59394900
2023-11-24,440.1825866699219,440.3759578384197,439.6315348978691,439.9602422808771,29737400
2023-11-27,439.38983154296875,440.36627627306393,439.00308920962266,439.55417048077294,50506000
2023-11-28,439.8248596191406,441.1203637861366,438.44234728096177,439.0030764411284,62115000
2023-11-29,439.5155029296875,443.10234049536746,439.1191421839662,441.97117519611106,63146000
2023-11-30,441.24609375,441.59415597189025,438.2876976332808,440.35665713551293,79752700
2023-12-01,443.8564453125,444.3881717849613,440.0472633152973,440.6369952391435,89183400
2023-12-04,441.5264892578125,443.87579870037587,439.25451058722007,440.4726841519421,72430900
2023-12-05,441.4394836425781,442.3966031608258,439.76691433401015,440.14397929835064,69793500
2023-12-06,439.66058349609375,443.60510200805135,439.2255130737281,443.57609928018036,69124700
2023-12-07,443.0153503417969,443.6630877368815,441.13976201140014,441.73917136361564,66995400
2023-12-08,444.9198913574219,445.4516177863762,442.02914891320626,442.2708481089666,83194400
2023-12-11,446.6504211425781,446.82446698086267,444.2141039538438,444.42680041904015,65002200
2023-12-12,448.6904296875,448.7871152745883,445.30664066950123,446.3024402574832,68327600
2023-12-13,454.87786865234375,455.12924524748996,448.70970069679584,449.0674107718607,93278000
2023-12-14,456.3377380371094,458.0006296077065,453.6693695971455,456.81145899765846,119026000
2023-12-15,455.5863952636719,456.9163018501235,453.7420397034311,455.7417134699126,141553700
2023-12-18,458.14910888671875,459.12954211953263,456.13003141968665,457.18810894495897,70375300
2023-12-19,460.9350891113281,461.0127630324847,458.61509172941334,458.69273602664884,55761800
2023-12-20,454.5478210449219,461.9640813854923,454.12070331796554,460.08088857770923,102921000
2023-12-21,458.8577575683594,459.1295570366737,455.1107760152546,457.5278509164755,86667500
2023-12-22,459.7799072265625,461.45925759296136,457.8870276491879,459.98374941589714,67160400
2023-12-26,461.7213134765625,462.62407274345054,460.1099204752376,460.18759438735214,55387000
2023-12-27,462.5561828613281,462.7017844285322,460.98362668768385,461.5175089754055,68000300
2023-12-28,462.73089599609375,463.5656980482324,462.31349497002446,462.9153345190397,77158100
2023-12-29,461.39129638671875,463.060930093317,459.44014657654174,462.53673484415077,122283100
2024-01-02,458.8092041015625,459.7993540123723,456.7124526493962,458.3335624378489,123623700
2024-01-03,455.062255859375,457.3919698393569,454.4604162904711,456.6542157231931,103585900
2024-01-04,453.5964050292969,457.16863464029916,453.37312956964047,454.5865251948926,84232200
2024-01-05,454.2177734375,456.66396886840727,452.7713854034213,453.80034274035296,86118900
2024-01-08,460.7021484375,460.8477500166702,454.5866154970485,454.71281340697016,74879100
2024-01-09,460.003173828125,461.02241437904433,457.54726208619434,458.05202403896755,65931400
2024-01-10,462.6046447753906,463.4685966647531,459.99341506616884,460.2749311409395,67310600
2024-01-11,462.4008483886719,464.1190060691037,458.43062113494074,463.6045274671268,77940700
2024-01-12,462.7211608886719,464.58494971105563,461.31363965656635,463.84719564870727,58026400
2024-01-16,461.02239990234375,462.65319658217305,459.207164709733,461.3427529504032,85014900
2024-01-17,458.45977783203125,458.94513616011074,456.110630489601,458.00353981867966,68843900
2024-01-18,462.5367736816406,463.0900892897804,458.58597937392244,460.1294153145847,91856200
2024-01-19,468.30279541015625,468.5843115147551,462.5852901238366,463.66277131466796,110834500
2024-01-22,469.2929992675781,471.01115715758357,468.64260604571103,469.83659824827777,75844900
2024-01-23,470.6616516113281,470.9043307691421,468.7493682867175,469.836566173897,49945300
2024-01-24,471.1761474609375,474.45714470411593,470.6810725123754,473.52526505734005,81765000
2024-01-25,473.7388610839844,474.01066056996024,471.17618444820096,473.3020267275593,72525000
2024-01-26,473.13702392578125,474.7969411657135,472.2925051479898,473.3117458196852,76641600
2024-01-29,476.8839416503906,477.0295728420406,472.9040272208165,473.4476261562877,61322800
2024-01-30,476.51507568359375,477.2236798269538,475.7578883130134,476.1947226231299,58618400
2024-01-31,468.7395935058594,474.75801809886633,468.7201602163353,474.3114967985656,126011100
2024-02-01,474.8746032714844,474.90372358641025,469.6327095934461,470.43842101293257,91891600
2024-02-02,479.873779296875,481.5239798187347,474.971642466127,475.31139921660196,99228200
2024-02-05,478.12646484375,479.90289286822576,475.87442477356564,479.2428126687566,75757100
2024-02-06,479.5146179199219,479.84465802363434,477.6411122849623,479.0680669349689,55918600
2024-02-07,483.51397705078125,483.93137810723994,480.854193242822,481.756982255993,70556500
2024-02-08,483.72747802734375,484.1060420771884,482.6985208548494,483.51391920150996,52343600
2024-02-09,486.5231628417969,486.95996752942966,483.89249957484776,484.2322563033971,63979400
2024-02-12,486.30963134765625,488.75582660767503,485.59128089218916,486.49406987855394,56502300
2024-02-13,479.6116943359375,482.53356108402113,476.35010044182593,480.0485287007201,113099200
2024-02-14,483.9701843261719,484.4555426281319,479.9222830533005,482.2423099561509,68387800
2024-02-15,487.3094482421875,487.4938867654942,484.19342663721847,484.6690979139186,61683000
2024-02-16,484.8826599121094,488.14425347916483,484.1449058140717,487.0085316428908,75532900
2024-02-20,482.21319580078125,483.8148722929186,479.970842787005,483.14507545774694,71736700
2024-02-21,482.6500244140625,482.8053426352379,479.1069145137689,480.9124629140013,59293400
2024-02-22,492.6387023925781,493.59970240133447,488.2898811137423,489.25091074641995,76402500
2024-02-23,492.9784240722656,495.1916567031526,492.25038663284334,494.3568250348437,61321800
2024-02-26,491.17291259765625,493.8521000550051,491.0467146922128,493.41526570907337,50386700
2024-02-27,492.08538818359375,492.30866367947897,489.9692329795254,491.86214231163,48854500
2024-02-28,491.43505859375,492.01746492951116,490.17310907711266,490.53226952547317,56506600
2024-02-29,493.2016906738281,494.8130838290683,490.5516532421677,493.1920036518268,83924800
2024-03-01,497.83197021484375,498.2590878764062,493.6676174504883,494.07533144522296,76844800
2024-03-04,497.29815673828125,499.14254217920546,497.0069535759895,497.03610351614157,49799300
2024-03-05,492.3280334472656,495.7449748064334,490.1245174506037,495.29842384541166,72855600
2024-03-06,494.8227844238281,497.0748540345267,493.53174438668293,495.5993458504527,68382400
2024-03-07,499.734619140625,500.7830096761973,494.8810360564722,498.1135389799133,58652100
2024-03-08,496.73516845703125,503.0447976060077,496.1624491386697,500.3656691875528,86532500
2024-03-11,496.3079833984375,496.89041928478855,493.6093924281333,495.5314219659159,62557200
2024-03-12,501.64691162109375,502.2293178339327,495.90022716452177,498.41440902025136,73114400
2024-03-13,500.86065673828125,502.14200986510485,499.4240150117718,501.9672879725168,55104100
2024-03-14,499.87054443359375,501.9866995940405,496.8321966177629,501.831351753217,110171800
2024-03-15,496.4381103515625,498.2590153922283,494.7730358188075,496.80813351794416,107646300
2024-03-18,499.3884582519531,501.9396327626785,498.9795072244103,500.4985276157729,88893300
2024-03-19,502.16375732421875,502.44611843714694,497.6942976787681,498.69727097739485,60755300
2024-03-20,506.8083801269531,506.94471696954355,501.5502591703246,502.22213711517423,69594600
2024-03-21,508.4831848144531,510.34298796408666,508.2007643189091,509.64192900671355,60256100
2024-03-22,507.5191955566406,508.8823855528386,507.2854498071945,508.39551924735605,79070800
2024-03-25,506.11700439453125,507.26600171225357,505.9611738991571,506.1461854674636,48512100
2024-03-26,505.1822204589844,507.87947884663447,504.7830162330491,507.5386367689601,65463700
2024-03-27,509.4277648925781,509.466752240446,505.84443537276076,508.00615306178463,82999800
2024-03-28,509.33038330078125,510.829910300913,509.04802220619024,509.46672014586477,96294900
2024-04-01,508.44427490234375,510.6059925472889,507.2855305336226,510.07045141241963,62477500
2024-04-02,505.2114562988281,505.3477336967163,502.9134021583385,504.627181070464,74230300
2024-04-03,505.7664794921875,507.266065898289,504.0721940901131,504.1208688391064,59155800
2024-04-04,499.593017578125,510.1093183056524,499.2911628340767,509.76853565111946,96858100
2024-04-05,504.8122863769531,506.76949880632685,500.50840405890517,500.94659570356,74546500
2024-04-08,505.09466552734375,506.5163368559833,504.2865100686739,505.51342294474244,48401800
2024-04-09,505.6788024902344,507.0712329255352,500.8393207404325,506.82779978442835,68049200
2024-04-10,500.615478515625,502.60187193743167,498.638831930463,499.9922752896709,82652800
2024-04-11,504.39349365234375,505.8345989017068,498.62901322296943,502.13442685782303,70099000
2024-04-12,497.4313659667969,502.27081877394835,495.70784003413945,500.85889444352966,92561100
2024-04-15,491.199462890625,501.7644387082916,490.3522904966187,501.5989207934361,92101400
2024-04-16,490.3035583496094,493.19554526269036,489.01822422913784,491.6765248352094,73484000
2024-04-17,487.40185546875,492.9229325491744,486.00942494137024,492.75738492725213,75910300
2024-04-18,486.39892578125,490.88784877913054,485.46415075166374,488.7943295112607,74548100
2024-04-19,482.1534729003906,487.3142441699,480.8876025986124,486.32104754330464,102212600
2024-04-22,486.5936584472656,489.18379074188493,482.41633725230787,484.7532895605779,67961000
2024-04-23,492.36798095703125,492.79642576333276,486.40874101697625,488.59963980175917,64633600
2024-04-24,492.13421630859375,494.04272395926796,489.91410708182036,493.25400289949073,55928100
2024-04-25,490.2646484375,491.02415872515365,484.42225246602163,486.0678630419317,69122400
2024-04-26,494.9093933105469,496.48683553540934,492.41663996726425,493.04956028124485,64306100
2024-04-29,496.662109375,497.33398732987405,493.9259228058318,496.6913201679961,46415400
2024-04-30,488.79437255859375,496.1752536684076,488.79437255859375,495.2015209263445,77483600
2024-05-01,487.2071838378906,494.84124497607075,486.7397814235659,488.2101273744075,80242800
2024-05-02,491.7642517089844,492.6016773299733,486.42818551774343,490.90736213065725,62550200
2024-05-03,497.8597717285156,499.08665465274976,495.20147091341136,497.73318173027803,72756700
2024-05-06,503.0010986328125,503.0400265445959,499.8169737447077,500.2551653379584,47264700
2024-05-07,503.5561218261719,504.9485523975052,502.8842439138016,503.96507290224616,52561300
2024-05-08,503.6048278808594,504.14036899052337,501.6086876910597,501.72553086291623,42047200
2024-05-09,506.50653076171875,506.5455181068331,503.1374535973279,503.7898378767789,43643700
2024-05-10,507.15899658203125,508.91170366265516,505.9418306327187,508.1034888313709,52233200
2024-05-13,507.2270812988281,508.9408603825465,506.0878306657376,508.83376404779614,36716400
2024-05-14,509.5542907714844,510.0703976103099,506.88627278339663,507.42181386177714,57535900
2024-05-15,515.8641357421875,516.1562436643347,511.38492968552964,512.0178797101214,59504900
2024-05-16,514.802734375,517.558414507879,514.6566506998298,515.9614786446474,50244800
2024-05-17,515.5427856445312,515.6109540647997,513.4687302561026,514.9195824580145,59187600
2024-05-20,516.1367797851562,517.5973789121299,515.2701433728218,515.6596602461204,37764200
2024-05-21,517.402587890625,517.5584184029028,515.1727614260365,515.3772666864285,33437000
2024-05-22,515.9127197265625,517.4219932520712,513.7412557847823,516.7111875279095,48390000
2024-05-23,512.1444702148438,519.0676954201629,510.93699174891134,518.9605990872589,57211200
2024-05-24,515.5330810546875,516.3412958961842,513.0403275362747,513.9848197975488,41291100
2024-05-28,515.8932495117188,516.5748741957514,513.2641596915468,516.3411878885217,36269600
2024-05-29,512.28076171875,513.4589997088932,511.56995584928654,511.871810616093,45190300
2024-05-30,508.8824768066406,511.40447087133504,507.6361297457073,510.7423397089747,46377600
2024-05-31,513.5175170898438,513.6441071219834,504.7441741112185,509.8368376154552,90785800
2024-06-03,513.9360961914062,515.4064420460951,508.87267437322015,515.1240809646227,46835700
2024-06-04,514.5107421875,515.2507887018945,511.170845466537,512.6314448190716,34632700
2024-06-05,520.6256103515625,520.645104022442,514.8416361330836,516.8280887412405,47610400
2024-06-06,520.615966796875,521.3560132540258,518.6879948188819,520.9275684331457,30808500
2024-06-07,519.9830322265625,522.7873872843439,518.55161418802,519.6421901069427,43224500
2024-06-10,521.589599609375,521.9109480214009,518.5807990347079,519.1747616812378,35686100
2024-06-11,522.8458251953125,522.9042467845098,518.0745108271142,520.0414700499772,36383400
2024-06-12,527.139892578125,529.8274041983666,526.1077383475028,527.4028194115604,63251300
2024-06-13,528.201416015625,529.0583057100524,525.4165542247054,528.8830409223657,44760900
2024-06-14,528.5225830078125,528.5517640797698,525.6694943308721,526.6724673865745,40089900
2024-06-17,532.7291259765625,534.1216160104203,527.3833430672393,527.8410283318889,55839500
2024-06-18,534.0825805664062,534.2091705580833,532.3688016931667,532.7874995764366,41376400
2024-06-20,532.6317749023438,535.669816103357,530.8595742964317,535.0076850141029,70328200
2024-06-21,531.917724609375,533.0313753907063,530.4621917432297,531.8102827682807,64338600
2024-06-24,530.1885375976562,534.3011982327657,530.0713174980777,531.7417933525489,45528700
2024-06-25,532.2302856445312,532.5917242597523,529.8955424418219,531.4096852385123,37936200
2024-06-26,532.89453125,533.6076301716555,530.4719028733521,531.1166134619692,38550600
2024-06-27,533.7346801757812,534.3110621107577,532.0153722749866,532.7578061070262,35041500
2024-06-28,531.6343994140625,537.5543137581463,530.3938098387125,534.5064116818106,76144500
2024-07-01,532.728515625,533.2560061424955,529.9737236752046,533.0117876323043,40297800
2024-07-02,536.3136596679688,536.3136596679688,531.0776287968915,531.1264605772033,40434800
2024-07-03,538.7070922851562,539.068530985693,535.9620780433197,536.001131548574,32789900
2024-07-05,541.8135375976562,542.2140297978076,538.3749212261918,539.009913325583,41488400
2024-07-08,542.4385375976562,543.386076608526,541.3737188715598,542.5948111785453,36110500
2024-07-09,542.9662475585938,544.2947822161125,542.6731972111517,543.3960746093994,27289700
2024-07-10,548.3389892578125,548.6808713510104,543.8942239279161,544.1872742397521,38701200
2024-07-11,543.6107788085938,549.3255270030801,542.9758465360856,548.4560949063842,53054200
2024-07-12,547.0397338867188,550.6346235261244,544.2654447499774,544.7343252522627,53084400
2024-07-15,548.5440673828125,551.7775178290722,546.6879829958002,549.0325043663784,40584300
2024-07-16,551.797119140625,552.090169461466,549.1009369415549,549.8531491181022,36475300
2024-07-17,544.060302734375,547.5477506768178,543.7379175635831,545.8772743812609,57119000
2024-07-18,539.8792724609375,546.5806748281783,537.700862061102,545.5940223403177,56270400
2024-07-19,536.2941284179688,541.2664440605769,535.2390876445896,539.6447995873152,65509100
2024-07-22,541.8231201171875,542.4287771514711,538.2770631712352,540.2112543695183,43346700
2024-07-23,540.9732666015625,543.8647752379528,540.4848296428585,541.7156406949248,34439600
2024-07-24,528.7135620117188,536.4699449259502,527.7952979520205,536.1671163330532,74515300
2024-07-25,525.9586791992188,534.7994361794972,525.0209183627663,528.8306910081631,61158300
2024-07-26,531.849365234375,534.535769150024,528.9675745637637,529.7393433023149,53763800
2024-07-29,532.161865234375,534.3988851266782,530.169004207153,533.3927359573876,39515800
2024-07-30,529.4656982421875,534.6822315404584,526.0661958644091,533.6271909452782,46853600
2024-07-31,538.072021484375,540.6998152024645,534.9167372159726,536.2843251839307,65663400
2024-08-01,530.4523315429688,542.0380422456446,526.955106117804,539.7912440920945,76428700
2024-08-02,520.576171875,524.5715530952934,516.3755660291246,523.3602388903765,82789100
2024-08-05,505.4150695800781,511.4717002411795,498.4694800108966,499.80782241877216,146267400
2024-08-06,510.0747985839844,517.4990173620844,505.89374911647377,507.2125052074326,84826300
2024-08-07,506.6654968261719,519.2965314666948,506.0696179320819,516.2486294067602,70698300
2024-08-08,518.3782958984375,519.0034500456989,509.77203694963987,511.7941139882875,63276600
2024-08-09,520.6640625,522.1489300560904,516.3365178449808,517.5576103421191,45619600
2024-08-12,520.9376220703125,523.3406939742863,518.6712672136742,521.8558860240913,42542100
2024-08-13,529.5046997070312,529.7391995235392,523.8779562074939,524.1221746789957,52333100
2024-08-14,531.1752319335938,532.3572709257232,527.6291745808618,530.2960214933445,42446900
2024-08-15,540.2797241210938,540.5629961238054,536.1866195717042,536.7922766972661,60846800
2024-08-16,541.4910278320312,542.1846298407453,538.5115740387317,538.6678476452682,44430700
2024-08-19,546.66845703125,546.66845703125,541.0514314058853,541.9013070349608,39121800
2024-08-20,545.779541015625,547.8700657821756,544.4412283435015,546.2191462607274,33732300
2024-08-21,547.6551513671875,549.1106842316043,541.9013486274712,546.8248322343893,41514600
2024-08-22,543.3568725585938,550.1559376249218,542.1455582382872,549.5502804647684,56121500
2024-08-23,549.1301879882812,550.0680084955276,544.4020915801096,546.5903394303513,50639400
2024-08-26,547.8212890625,550.8691319518803,546.1215374076925,550.1560328291254,35788600
2024-08-27,548.5734252929688,549.0618623501647,545.4083627021253,546.5512887213379,32693900
2024-08-28,545.3887329101562,548.661296528156,542.2041141850556,548.2314695905903,41066000
2024-08-29,545.4376220703125,550.644377643334,544.2946960843145,547.352316743397,38715200
2024-08-30,550.6444091796875,551.1524028130747,544.2556737558524,547.8017316610252,62700100
2024-09-03,539.3126220703125,547.8407131286382,536.8020487007664,547.508549729637,60600100
2024-09-04,538.2088012695312,541.6083040829072,536.7532683896355,537.4761456891545,47224900
2024-09-05,536.8997192382812,540.9928237930679,534.4477558926965,538.1501466111926,44264300
2024-09-06,527.8636474609375,538.8437022454943,526.9649400293706,537.2221175565589,68493800
2024-09-09,533.773681640625,535.043665505135,530.1299607989381,532.0544335310877,40445800
2024-09-10,536.0986938476562,536.4504138231891,530.8138314182086,535.6786451567546,36394600
2024-09-11,541.5985107421875,542.5167747623394,527.4729497044474,536.0108196239122,75248600
2024-09-12,546.1604614257812,546.4632899534062,539.957276313442,542.1747991721596,51819600
2024-09-13,549.0130615234375,550.0094922558702,546.5122660345418,546.7662628583907,39310500
2024-09-16,549.8237915039062,550.0875069413107,546.9517795427174,548.7491943236346,36656100
2024-09-17,550.0485229492188,553.4773606816602,547.8212213158272,552.0315464267048,49321000
2024-09-18,548.4171752929688,555.5385664291312,547.8603498689396,550.7030274298603,59044900
2024-09-19,557.7755126953125,559.6315971955383,554.9426137920285,557.8048475354702,75315500
2024-09-20,556.8113403320312,557.8500005367814,553.7933228326182,556.4096197933483,77503100
2024-09-23,558.2027587890625,558.8495067502496,556.6643550711399,557.8794446150124,44116900
2024-09-24,559.7999267578125,559.8587165873663,556.1743944512203,558.9964258828836,46805700
2024-09-25,558.5653686523438,560.3781649949049,557.4581101822776,559.6432621062706,38428600
2024-09-26,560.7798461914062,563.1413674659622,558.428192996937,562.8179934718497,48336000
2024-09-27,559.966552734375,562.6611965458859,558.9377006949258,561.8479471107624,42100900
2024-09-30,562.2105102539062,562.8180251821971,556.6448529649051,558.9377164538611,63557400
2024-10-01,557.1738891601562,562.5043864049716,554.6066335561335,561.8576982708267,72668800
2024-10-02,557.4090576171875,558.4281611024765,553.8913563966638,556.282242548741,38097800
2024-10-03,556.3899536132812,558.3300776437013,554.1068390984451,555.9391917508498,40846500
2024-10-04,561.4461669921875,561.8185225581165,556.6643942780399,560.828843806913,42939100
2024-10-07,556.370361328125,560.446655391967,555.2239297880301,559.7999074826037,49964700
2024-10-08,561.63232421875,562.2300906410503,558.0656412646009,558.9376805045769,37398700
2024-10-09,565.5223999023438,566.0809331902332,561.0247685875196,561.6224751598685,37912200
2024-10-10,564.53271484375,565.9535388259317,562.9257131010544,564.1799758679994,44138100
2024-10-11,567.9132690429688,568.6481717987969,564.3171018304082,564.4542980317323,42268000
2024-10-14,572.557861328125,573.4887501402064,569.0401003876937,569.5202272995722,36217200
2024-10-15,568.1092529296875,573.1261842726946,566.8941634738084,572.8224268603595,54203600
2024-10-16,570.5785522460938,571.097912292803,567.3058184280349,568.1093193754714,30725400
2024-10-17,570.62744140625,574.3215715502484,570.4412636582532,574.1157772582931,34393700
2024-10-18,572.8224487304688,573.6063330690159,570.8528997080355,572.3128969974695,37416800
2024-10-21,571.8816528320312,573.0770657756304,568.9126174021713,572.0971955701107,36439000
2024-10-22,571.5779418945312,572.7341816541917,568.6971208640092,569.3536172092114,34183800
2024-10-23,566.3552856445312,570.0004346494243,562.8571411229607,569.5594810059998,49314600
2024-10-24,567.5801391601562,568.3836400907534,564.9639018539431,568.3052337104026,34979900
2024-10-25,567.3840942382812,572.6950344865168,566.443456997856,569.8044050522926,47268200
2024-10-28,569.1381225585938,570.9802836348513,568.8343651367928,570.8528957024953,30174700
2024-10-29,570.0592041015625,571.1762108700161,566.7864107519835,568.1778099310847,42899700
2024-10-30,568.3346557617188,571.5780244818477,567.6291179550885,569.5888588084969,41435800
2024-10-31,557.1935424804688,564.0428273008541,556.9975564307639,563.9742291931302,60182500
2024-11-01,559.5452270507812,563.9644525610958,559.1336981878939,559.8196194970722,45667500
2024-11-04,558.3399047851562,560.9757583388703,556.4585705161212,559.6823223393656,38217000
2024-11-05,565.09130859375,565.1304818819561,559.0357163025479,559.2512590975022,39478300
2024-11-06,579.142578125,580.0146771322202,573.6063462638446,577.3396500855225,68182000
2024-11-07,583.62060546875,584.639708979933,581.063158030651,581.1415644099445,47233200
2024-11-08,586.1487426757812,587.5695668763649,584.1693851078007,584.1693851078007,46444900
2024-11-11,586.7072143554688,588.0888053142032,584.9826328704219,587.7360663213191,37586800
2024-11-12,584.8847045898438,587.2265495486535,582.4056036057904,586.6288429184635,43006100
2024-11-13,585.1688842773438,587.1677986284395,582.9837921332622,585.34525379598,47388600
2024-11-14,581.4060668945312,585.7763103260314,580.7202054727688,585.296183408181,38904100
2024-11-15,573.9590454101562,578.3194803370213,572.1070761341368,577.8491019104924,75988800
2024-11-18,576.310791015625,577.6237838402152,573.5573576252949,574.4195885423085,37001700
2024-11-19,578.4174194335938,579.142513878155,572.2736733921519,572.9399780116551,49412000
2024-11-20,578.613525390625,578.897666302881,572.8616903884546,578.4959457161364,50032600
2024-11-21,581.7196655273438,583.1404896221547,575.6249001169805,581.455141177832,46750300
2024-11-22,583.5226440429688,584.1497754660484,581.2101642027249,581.7098478799927,38226400
2024-11-25,585.501953125,588.7648782973704,583.2188384863542,587.4518855330788,42441400
2024-11-26,588.5591430664062,589.2254477201681,586.0310608458545,586.7463470552605,45621300
2024-11-27,586.7757568359375,588.7550542016285,585.256969810655,588.3729502321648,34000200
2024-11-29,590.4208984375,591.2047827973582,587.3147260107087,587.5890586237147,30177400
2024-12-02,591.4791870117188,592.1552999944694,590.3425038316959,590.8324390421951,31746000
2024-12-03,591.7534790039062,591.9984465923378,590.2151351783115,591.2439870884159,26906600
2024-12-04,595.4279174804688,595.6728850379003,592.772507434092,593.4388120135218,42787600
2024-12-05,594.4481811523438,596.2315525489399,594.0954421437544,595.4280516027892,28762200
2024-12-06,595.574951171875,596.8095972909788,594.800875182747,595.212403953603,31241500
2024-12-09,592.5079956054688,595.6239761392873,591.9200973185369,595.4574149257465,34742700
2024-12-10,590.6658325195312,593.6054435570935,590.0093361336401,593.184106485161,37234500
2024-12-11,595.2321166992188,596.1825623151827,593.3115491139272,593.5859415432025,28677700
2024-12-12,592.1650390625,594.9380289691392,592.1650390625,594.369747252086,31543800
2024-12-13,592.0474853515625,594.9086900260288,590.6756429397628,594.1934038090473,35904700
2024-12-16,594.5755004882812,595.54562235978,593.0273484159295,593.8014244521054,43695200
2024-12-17,592.1258544921875,592.9881452170704,590.7540718346318,592.0278913761272,55773500
2024-12-18,574.4784545898438,594.2031909866316,574.0962907751041,591.822113059209,108248700
2024-12-19,574.3020629882812,581.0631932062172,574.0570953688857,579.456191269411,85919500
2024-12-20,581.199951171875,585.7225012446567,571.132257605004,571.9778279294948,125716700
2024-12-23,584.680419921875,585.2801382457641,577.7687172457148,580.9443919924163,57635800
2024-12-24,591.1790771484375,591.2184422848073,585.4471892507113,586.0272849416975,33160100
2024-12-26,591.2183837890625,592.3391499159457,588.0132458991934,589.409327922106,41219100
2024-12-27,584.9949951171875,587.7183905820746,580.8165297326684,587.4823797773107,64969300
2024-12-30,578.3193359375,581.7801081982007,574.5734664197146,577.9949335439408,56578800
